ISO-10303-21;
HEADER;
FILE_DESCRIPTION(('Open CASCADE Model'),'2;1');
FILE_NAME('Open CASCADE Shape Model','2026-07-06T17:24:39',('Author'),(
    'Open CASCADE'),'Open CASCADE STEP processor 7.9','build123d',
  'Unknown');
FILE_SCHEMA(('AUTOMOTIVE_DESIGN { 1 0 10303 214 1 1 1 1 }'));
ENDSEC;
DATA;
#1 = APPLICATION_PROTOCOL_DEFINITION('international standard',
  'automotive_design',2000,#2);
#2 = APPLICATION_CONTEXT(
  'core data for automotive mechanical design processes');
#3 = SHAPE_DEFINITION_REPRESENTATION(#4,#10);
#4 = PRODUCT_DEFINITION_SHAPE('','',#5);
#5 = PRODUCT_DEFINITION('design','',#6,#9);
#6 = PRODUCT_DEFINITION_FORMATION('','',#7);
#7 = PRODUCT('COMPOUND','COMPOUND','',(#8));
#8 = PRODUCT_CONTEXT('',#2,'mechanical');
#9 = PRODUCT_DEFINITION_CONTEXT('part definition',#2,'design');
#10 = SHAPE_REPRESENTATION('',(#11,#15,#881),#2061);
#11 = AXIS2_PLACEMENT_3D('',#12,#13,#14);
#12 = CARTESIAN_POINT('',(0.,0.,0.));
#13 = DIRECTION('',(0.,0.,1.));
#14 = DIRECTION('',(1.,0.,-0.));
#15 = MANIFOLD_SOLID_BREP('',#16);
#16 = CLOSED_SHELL('',(#17,#137,#419,#491,#519,#588,#636,#664,#712,#760,
    #809,#867,#874));
#17 = ADVANCED_FACE('',(#18),#32,.T.);
#18 = FACE_BOUND('',#19,.T.);
#19 = EDGE_LOOP('',(#20,#55,#83,#111));
#20 = ORIENTED_EDGE('',*,*,#21,.T.);
#21 = EDGE_CURVE('',#22,#24,#26,.T.);
#22 = VERTEX_POINT('',#23);
#23 = CARTESIAN_POINT('',(-32.5,-18.,0.));
#24 = VERTEX_POINT('',#25);
#25 = CARTESIAN_POINT('',(-32.5,-18.,5.5));
#26 = SURFACE_CURVE('',#27,(#31,#43),.PCURVE_S1.);
#27 = LINE('',#28,#29);
#28 = CARTESIAN_POINT('',(-32.5,-18.,0.));
#29 = VECTOR('',#30,1.);
#30 = DIRECTION('',(0.,0.,1.));
#31 = PCURVE('',#32,#37);
#32 = PLANE('',#33);
#33 = AXIS2_PLACEMENT_3D('',#34,#35,#36);
#34 = CARTESIAN_POINT('',(-32.5,-18.,0.));
#35 = DIRECTION('',(-1.,0.,0.));
#36 = DIRECTION('',(0.,1.,0.));
#37 = DEFINITIONAL_REPRESENTATION('',(#38),#42);
#38 = LINE('',#39,#40);
#39 = CARTESIAN_POINT('',(0.,0.));
#40 = VECTOR('',#41,1.);
#41 = DIRECTION('',(0.,-1.));
#42 = ( GEOMETRIC_REPRESENTATION_CONTEXT(2)
PARAMETRIC_REPRESENTATION_CONTEXT() REPRESENTATION_CONTEXT('2D SPACE',''
  ) );
#43 = PCURVE('',#44,#49);
#44 = CYLINDRICAL_SURFACE('',#45,3.);
#45 = AXIS2_PLACEMENT_3D('',#46,#47,#48);
#46 = CARTESIAN_POINT('',(-29.5,-18.,0.));
#47 = DIRECTION('',(-0.,-0.,-1.));
#48 = DIRECTION('',(1.,0.,0.));
#49 = DEFINITIONAL_REPRESENTATION('',(#50),#54);
#50 = LINE('',#51,#52);
#51 = CARTESIAN_POINT('',(-3.14159265359,0.));
#52 = VECTOR('',#53,1.);
#53 = DIRECTION('',(-0.,-1.));
#54 = ( GEOMETRIC_REPRESENTATION_CONTEXT(2)
PARAMETRIC_REPRESENTATION_CONTEXT() REPRESENTATION_CONTEXT('2D SPACE',''
  ) );
#55 = ORIENTED_EDGE('',*,*,#56,.T.);
#56 = EDGE_CURVE('',#24,#57,#59,.T.);
#57 = VERTEX_POINT('',#58);
#58 = CARTESIAN_POINT('',(-32.5,17.99999999633,5.5));
#59 = SURFACE_CURVE('',#60,(#64,#71),.PCURVE_S1.);
#60 = LINE('',#61,#62);
#61 = CARTESIAN_POINT('',(-32.5,0.,5.5));
#62 = VECTOR('',#63,1.);
#63 = DIRECTION('',(0.,1.,0.));
#64 = PCURVE('',#32,#65);
#65 = DEFINITIONAL_REPRESENTATION('',(#66),#70);
#66 = LINE('',#67,#68);
#67 = CARTESIAN_POINT('',(18.000000000001,-5.5));
#68 = VECTOR('',#69,1.);
#69 = DIRECTION('',(1.,0.));
#70 = ( GEOMETRIC_REPRESENTATION_CONTEXT(2)
PARAMETRIC_REPRESENTATION_CONTEXT() REPRESENTATION_CONTEXT('2D SPACE',''
  ) );
#71 = PCURVE('',#72,#77);
#72 = PLANE('',#73);
#73 = AXIS2_PLACEMENT_3D('',#74,#75,#76);
#74 = CARTESIAN_POINT('',(1.702837092787E-16,-7.973920379576E-10,5.5));
#75 = DIRECTION('',(0.,0.,1.));
#76 = DIRECTION('',(1.,0.,0.));
#77 = DEFINITIONAL_REPRESENTATION('',(#78),#82);
#78 = LINE('',#79,#80);
#79 = CARTESIAN_POINT('',(-32.5,7.973920379576E-10));
#80 = VECTOR('',#81,1.);
#81 = DIRECTION('',(0.,1.));
#82 = ( GEOMETRIC_REPRESENTATION_CONTEXT(2)
PARAMETRIC_REPRESENTATION_CONTEXT() REPRESENTATION_CONTEXT('2D SPACE',''
  ) );
#83 = ORIENTED_EDGE('',*,*,#84,.F.);
#84 = EDGE_CURVE('',#85,#57,#87,.T.);
#85 = VERTEX_POINT('',#86);
#86 = CARTESIAN_POINT('',(-32.5,17.99999999633,0.));
#87 = SURFACE_CURVE('',#88,(#92,#99),.PCURVE_S1.);
#88 = LINE('',#89,#90);
#89 = CARTESIAN_POINT('',(-32.5,17.99999999633,0.));
#90 = VECTOR('',#91,1.);
#91 = DIRECTION('',(0.,0.,1.));
#92 = PCURVE('',#32,#93);
#93 = DEFINITIONAL_REPRESENTATION('',(#94),#98);
#94 = LINE('',#95,#96);
#95 = CARTESIAN_POINT('',(35.99999999633,0.));
#96 = VECTOR('',#97,1.);
#97 = DIRECTION('',(0.,-1.));
#98 = ( GEOMETRIC_REPRESENTATION_CONTEXT(2)
PARAMETRIC_REPRESENTATION_CONTEXT() REPRESENTATION_CONTEXT('2D SPACE',''
  ) );
#99 = PCURVE('',#100,#105);
#100 = CYLINDRICAL_SURFACE('',#101,3.);
#101 = AXIS2_PLACEMENT_3D('',#102,#103,#104);
#102 = CARTESIAN_POINT('',(-29.5,17.99999999633,0.));
#103 = DIRECTION('',(-0.,-0.,-1.));
#104 = DIRECTION('',(1.,0.,0.));
#105 = DEFINITIONAL_REPRESENTATION('',(#106),#110);
#106 = LINE('',#107,#108);
#107 = CARTESIAN_POINT('',(-3.14159265359,0.));
#108 = VECTOR('',#109,1.);
#109 = DIRECTION('',(-0.,-1.));
#110 = ( GEOMETRIC_REPRESENTATION_CONTEXT(2)
PARAMETRIC_REPRESENTATION_CONTEXT() REPRESENTATION_CONTEXT('2D SPACE',''
  ) );
#111 = ORIENTED_EDGE('',*,*,#112,.F.);
#112 = EDGE_CURVE('',#22,#85,#113,.T.);
#113 = SURFACE_CURVE('',#114,(#118,#125),.PCURVE_S1.);
#114 = LINE('',#115,#116);
#115 = CARTESIAN_POINT('',(-32.5,0.,0.));
#116 = VECTOR('',#117,1.);
#117 = DIRECTION('',(0.,1.,0.));
#118 = PCURVE('',#32,#119);
#119 = DEFINITIONAL_REPRESENTATION('',(#120),#124);
#120 = LINE('',#121,#122);
#121 = CARTESIAN_POINT('',(18.000000000001,0.));
#122 = VECTOR('',#123,1.);
#123 = DIRECTION('',(1.,0.));
#124 = ( GEOMETRIC_REPRESENTATION_CONTEXT(2)
PARAMETRIC_REPRESENTATION_CONTEXT() REPRESENTATION_CONTEXT('2D SPACE',''
  ) );
#125 = PCURVE('',#126,#131);
#126 = PLANE('',#127);
#127 = AXIS2_PLACEMENT_3D('',#128,#129,#130);
#128 = CARTESIAN_POINT('',(1.702837092787E-16,-7.973920379576E-10,0.));
#129 = DIRECTION('',(0.,0.,1.));
#130 = DIRECTION('',(1.,0.,0.));
#131 = DEFINITIONAL_REPRESENTATION('',(#132),#136);
#132 = LINE('',#133,#134);
#133 = CARTESIAN_POINT('',(-32.5,7.973920379576E-10));
#134 = VECTOR('',#135,1.);
#135 = DIRECTION('',(0.,1.));
#136 = ( GEOMETRIC_REPRESENTATION_CONTEXT(2)
PARAMETRIC_REPRESENTATION_CONTEXT() REPRESENTATION_CONTEXT('2D SPACE',''
  ) );
#137 = ADVANCED_FACE('',(#138,#359),#72,.T.);
#138 = FACE_BOUND('',#139,.T.);
#139 = EDGE_LOOP('',(#140,#141,#165,#193,#222,#251,#280,#309,#337));
#140 = ORIENTED_EDGE('',*,*,#56,.F.);
#141 = ORIENTED_EDGE('',*,*,#142,.T.);
#142 = EDGE_CURVE('',#24,#143,#145,.T.);
#143 = VERTEX_POINT('',#144);
#144 = CARTESIAN_POINT('',(-29.5,-21.,5.5));
#145 = SURFACE_CURVE('',#146,(#151,#158),.PCURVE_S1.);
#146 = CIRCLE('',#147,3.);
#147 = AXIS2_PLACEMENT_3D('',#148,#149,#150);
#148 = CARTESIAN_POINT('',(-29.5,-18.,5.5));
#149 = DIRECTION('',(0.,0.,1.));
#150 = DIRECTION('',(1.,0.,0.));
#151 = PCURVE('',#72,#152);
#152 = DEFINITIONAL_REPRESENTATION('',(#153),#157);
#153 = CIRCLE('',#154,3.);
#154 = AXIS2_PLACEMENT_2D('',#155,#156);
#155 = CARTESIAN_POINT('',(-29.5,-17.9999999992));
#156 = DIRECTION('',(1.,0.));
#157 = ( GEOMETRIC_REPRESENTATION_CONTEXT(2)
PARAMETRIC_REPRESENTATION_CONTEXT() REPRESENTATION_CONTEXT('2D SPACE',''
  ) );
#158 = PCURVE('',#44,#159);
#159 = DEFINITIONAL_REPRESENTATION('',(#160),#164);
#160 = LINE('',#161,#162);
#161 = CARTESIAN_POINT('',(-0.,-5.5));
#162 = VECTOR('',#163,1.);
#163 = DIRECTION('',(-1.,0.));
#164 = ( GEOMETRIC_REPRESENTATION_CONTEXT(2)
PARAMETRIC_REPRESENTATION_CONTEXT() REPRESENTATION_CONTEXT('2D SPACE',''
  ) );
#165 = ORIENTED_EDGE('',*,*,#166,.T.);
#166 = EDGE_CURVE('',#143,#167,#169,.T.);
#167 = VERTEX_POINT('',#168);
#168 = CARTESIAN_POINT('',(-2.291287848279,-21.,5.5));
#169 = SURFACE_CURVE('',#170,(#174,#181),.PCURVE_S1.);
#170 = LINE('',#171,#172);
#171 = CARTESIAN_POINT('',(0.,-21.,5.5));
#172 = VECTOR('',#173,1.);
#173 = DIRECTION('',(1.,0.,0.));
#174 = PCURVE('',#72,#175);
#175 = DEFINITIONAL_REPRESENTATION('',(#176),#180);
#176 = LINE('',#177,#178);
#177 = CARTESIAN_POINT('',(-1.702837092787E-16,-20.9999999992));
#178 = VECTOR('',#179,1.);
#179 = DIRECTION('',(1.,0.));
#180 = ( GEOMETRIC_REPRESENTATION_CONTEXT(2)
PARAMETRIC_REPRESENTATION_CONTEXT() REPRESENTATION_CONTEXT('2D SPACE',''
  ) );
#181 = PCURVE('',#182,#187);
#182 = PLANE('',#183);
#183 = AXIS2_PLACEMENT_3D('',#184,#185,#186);
#184 = CARTESIAN_POINT('',(-29.5,-21.,0.));
#185 = DIRECTION('',(0.,1.,0.));
#186 = DIRECTION('',(1.,0.,0.));
#187 = DEFINITIONAL_REPRESENTATION('',(#188),#192);
#188 = LINE('',#189,#190);
#189 = CARTESIAN_POINT('',(29.5,-5.5));
#190 = VECTOR('',#191,1.);
#191 = DIRECTION('',(1.,0.));
#192 = ( GEOMETRIC_REPRESENTATION_CONTEXT(2)
PARAMETRIC_REPRESENTATION_CONTEXT() REPRESENTATION_CONTEXT('2D SPACE',''
  ) );
#193 = ORIENTED_EDGE('',*,*,#194,.F.);
#194 = EDGE_CURVE('',#195,#167,#197,.T.);
#195 = VERTEX_POINT('',#196);
#196 = CARTESIAN_POINT('',(8.097807827193E-09,-17.50000000183,5.5));
#197 = SURFACE_CURVE('',#198,(#203,#210),.PCURVE_S1.);
#198 = CIRCLE('',#199,2.5);
#199 = AXIS2_PLACEMENT_3D('',#200,#201,#202);
#200 = CARTESIAN_POINT('',(-5.329070518201E-15,-20.00000000183,5.5));
#201 = DIRECTION('',(0.,0.,1.));
#202 = DIRECTION('',(-2.22044604925E-16,-1.,0.));
#203 = PCURVE('',#72,#204);
#204 = DEFINITIONAL_REPRESENTATION('',(#205),#209);
#205 = CIRCLE('',#206,2.5);
#206 = AXIS2_PLACEMENT_2D('',#207,#208);
#207 = CARTESIAN_POINT('',(-5.499354227479E-15,-20.00000000103));
#208 = DIRECTION('',(-2.22044604925E-16,-1.));
#209 = ( GEOMETRIC_REPRESENTATION_CONTEXT(2)
PARAMETRIC_REPRESENTATION_CONTEXT() REPRESENTATION_CONTEXT('2D SPACE',''
  ) );
#210 = PCURVE('',#211,#216);
#211 = CYLINDRICAL_SURFACE('',#212,2.5);
#212 = AXIS2_PLACEMENT_3D('',#213,#214,#215);
#213 = CARTESIAN_POINT('',(-5.329070518201E-15,-20.00000000183,5.5));
#214 = DIRECTION('',(0.,0.,1.));
#215 = DIRECTION('',(-2.22044604925E-16,-1.,0.));
#216 = DEFINITIONAL_REPRESENTATION('',(#217),#221);
#217 = LINE('',#218,#219);
#218 = CARTESIAN_POINT('',(0.,0.));
#219 = VECTOR('',#220,1.);
#220 = DIRECTION('',(1.,0.));
#221 = ( GEOMETRIC_REPRESENTATION_CONTEXT(2)
PARAMETRIC_REPRESENTATION_CONTEXT() REPRESENTATION_CONTEXT('2D SPACE',''
  ) );
#222 = ORIENTED_EDGE('',*,*,#223,.F.);
#223 = EDGE_CURVE('',#224,#195,#226,.T.);
#224 = VERTEX_POINT('',#225);
#225 = CARTESIAN_POINT('',(-17.5,-9.933942859916E-09,5.5));
#226 = SURFACE_CURVE('',#227,(#232,#239),.PCURVE_S1.);
#227 = CIRCLE('',#228,17.5);
#228 = AXIS2_PLACEMENT_3D('',#229,#230,#231);
#229 = CARTESIAN_POINT('',(-3.941261605187E-16,-1.835543036498E-09,5.5)
  );
#230 = DIRECTION('',(0.,0.,1.));
#231 = DIRECTION('',(1.,0.,0.));
#232 = PCURVE('',#72,#233);
#233 = DEFINITIONAL_REPRESENTATION('',(#234),#238);
#234 = CIRCLE('',#235,17.5);
#235 = AXIS2_PLACEMENT_2D('',#236,#237);
#236 = CARTESIAN_POINT('',(-5.644098697974E-16,-1.038150998541E-09));
#237 = DIRECTION('',(1.,0.));
#238 = ( GEOMETRIC_REPRESENTATION_CONTEXT(2)
PARAMETRIC_REPRESENTATION_CONTEXT() REPRESENTATION_CONTEXT('2D SPACE',''
  ) );
#239 = PCURVE('',#240,#245);
#240 = CYLINDRICAL_SURFACE('',#241,17.5);
#241 = AXIS2_PLACEMENT_3D('',#242,#243,#244);
#242 = CARTESIAN_POINT('',(-3.941261605187E-16,-1.835543036498E-09,5.5)
  );
#243 = DIRECTION('',(0.,0.,1.));
#244 = DIRECTION('',(1.,0.,0.));
#245 = DEFINITIONAL_REPRESENTATION('',(#246),#250);
#246 = LINE('',#247,#248);
#247 = CARTESIAN_POINT('',(0.,0.));
#248 = VECTOR('',#249,1.);
#249 = DIRECTION('',(1.,0.));
#250 = ( GEOMETRIC_REPRESENTATION_CONTEXT(2)
PARAMETRIC_REPRESENTATION_CONTEXT() REPRESENTATION_CONTEXT('2D SPACE',''
  ) );
#251 = ORIENTED_EDGE('',*,*,#252,.F.);
#252 = EDGE_CURVE('',#253,#224,#255,.T.);
#253 = VERTEX_POINT('',#254);
#254 = CARTESIAN_POINT('',(3.092701253103E-09,17.499999998164,5.5));
#255 = SURFACE_CURVE('',#256,(#261,#268),.PCURVE_S1.);
#256 = CIRCLE('',#257,17.5);
#257 = AXIS2_PLACEMENT_3D('',#258,#259,#260);
#258 = CARTESIAN_POINT('',(-3.941261605187E-16,-1.835543036498E-09,5.5)
  );
#259 = DIRECTION('',(0.,0.,1.));
#260 = DIRECTION('',(1.,0.,0.));
#261 = PCURVE('',#72,#262);
#262 = DEFINITIONAL_REPRESENTATION('',(#263),#267);
#263 = CIRCLE('',#264,17.5);
#264 = AXIS2_PLACEMENT_2D('',#265,#266);
#265 = CARTESIAN_POINT('',(-5.644098697974E-16,-1.038150998541E-09));
#266 = DIRECTION('',(1.,0.));
#267 = ( GEOMETRIC_REPRESENTATION_CONTEXT(2)
PARAMETRIC_REPRESENTATION_CONTEXT() REPRESENTATION_CONTEXT('2D SPACE',''
  ) );
#268 = PCURVE('',#269,#274);
#269 = CYLINDRICAL_SURFACE('',#270,17.5);
#270 = AXIS2_PLACEMENT_3D('',#271,#272,#273);
#271 = CARTESIAN_POINT('',(-3.941261605187E-16,-1.835543036498E-09,5.5)
  );
#272 = DIRECTION('',(0.,0.,1.));
#273 = DIRECTION('',(1.,0.,0.));
#274 = DEFINITIONAL_REPRESENTATION('',(#275),#279);
#275 = LINE('',#276,#277);
#276 = CARTESIAN_POINT('',(0.,0.));
#277 = VECTOR('',#278,1.);
#278 = DIRECTION('',(1.,0.));
#279 = ( GEOMETRIC_REPRESENTATION_CONTEXT(2)
PARAMETRIC_REPRESENTATION_CONTEXT() REPRESENTATION_CONTEXT('2D SPACE',''
  ) );
#280 = ORIENTED_EDGE('',*,*,#281,.F.);
#281 = EDGE_CURVE('',#282,#253,#284,.T.);
#282 = VERTEX_POINT('',#283);
#283 = CARTESIAN_POINT('',(-2.291287846677,21.,5.5));
#284 = SURFACE_CURVE('',#285,(#290,#297),.PCURVE_S1.);
#285 = CIRCLE('',#286,2.5);
#286 = AXIS2_PLACEMENT_3D('',#287,#288,#289);
#287 = CARTESIAN_POINT('',(1.33226762955E-15,19.999999998164,5.5));
#288 = DIRECTION('',(0.,-0.,1.));
#289 = DIRECTION('',(1.110223024625E-16,1.,0.));
#290 = PCURVE('',#72,#291);
#291 = DEFINITIONAL_REPRESENTATION('',(#292),#296);
#292 = CIRCLE('',#293,2.5);
#293 = AXIS2_PLACEMENT_2D('',#294,#295);
#294 = CARTESIAN_POINT('',(1.161983920272E-15,19.999999998962));
#295 = DIRECTION('',(1.110223024625E-16,1.));
#296 = ( GEOMETRIC_REPRESENTATION_CONTEXT(2)
PARAMETRIC_REPRESENTATION_CONTEXT() REPRESENTATION_CONTEXT('2D SPACE',''
  ) );
#297 = PCURVE('',#298,#303);
#298 = CYLINDRICAL_SURFACE('',#299,2.5);
#299 = AXIS2_PLACEMENT_3D('',#300,#301,#302);
#300 = CARTESIAN_POINT('',(1.33226762955E-15,19.999999998164,5.5));
#301 = DIRECTION('',(0.,-0.,1.));
#302 = DIRECTION('',(1.110223024625E-16,1.,0.));
#303 = DEFINITIONAL_REPRESENTATION('',(#304),#308);
#304 = LINE('',#305,#306);
#305 = CARTESIAN_POINT('',(0.,0.));
#306 = VECTOR('',#307,1.);
#307 = DIRECTION('',(1.,0.));
#308 = ( GEOMETRIC_REPRESENTATION_CONTEXT(2)
PARAMETRIC_REPRESENTATION_CONTEXT() REPRESENTATION_CONTEXT('2D SPACE',''
  ) );
#309 = ORIENTED_EDGE('',*,*,#310,.F.);
#310 = EDGE_CURVE('',#311,#282,#313,.T.);
#311 = VERTEX_POINT('',#312);
#312 = CARTESIAN_POINT('',(-29.5,20.999999998165,5.5));
#313 = SURFACE_CURVE('',#314,(#318,#325),.PCURVE_S1.);
#314 = LINE('',#315,#316);
#315 = CARTESIAN_POINT('',(0.,21.,5.5));
#316 = VECTOR('',#317,1.);
#317 = DIRECTION('',(1.,0.,0.));
#318 = PCURVE('',#72,#319);
#319 = DEFINITIONAL_REPRESENTATION('',(#320),#324);
#320 = LINE('',#321,#322);
#321 = CARTESIAN_POINT('',(-1.702837092787E-16,21.000000000797));
#322 = VECTOR('',#323,1.);
#323 = DIRECTION('',(1.,0.));
#324 = ( GEOMETRIC_REPRESENTATION_CONTEXT(2)
PARAMETRIC_REPRESENTATION_CONTEXT() REPRESENTATION_CONTEXT('2D SPACE',''
  ) );
#325 = PCURVE('',#326,#331);
#326 = PLANE('',#327);
#327 = AXIS2_PLACEMENT_3D('',#328,#329,#330);
#328 = CARTESIAN_POINT('',(-29.5,21.,0.));
#329 = DIRECTION('',(0.,1.,0.));
#330 = DIRECTION('',(1.,0.,0.));
#331 = DEFINITIONAL_REPRESENTATION('',(#332),#336);
#332 = LINE('',#333,#334);
#333 = CARTESIAN_POINT('',(29.5,-5.5));
#334 = VECTOR('',#335,1.);
#335 = DIRECTION('',(1.,0.));
#336 = ( GEOMETRIC_REPRESENTATION_CONTEXT(2)
PARAMETRIC_REPRESENTATION_CONTEXT() REPRESENTATION_CONTEXT('2D SPACE',''
  ) );
#337 = ORIENTED_EDGE('',*,*,#338,.T.);
#338 = EDGE_CURVE('',#311,#57,#339,.T.);
#339 = SURFACE_CURVE('',#340,(#345,#352),.PCURVE_S1.);
#340 = CIRCLE('',#341,3.);
#341 = AXIS2_PLACEMENT_3D('',#342,#343,#344);
#342 = CARTESIAN_POINT('',(-29.5,17.99999999633,5.5));
#343 = DIRECTION('',(0.,0.,1.));
#344 = DIRECTION('',(1.,0.,0.));
#345 = PCURVE('',#72,#346);
#346 = DEFINITIONAL_REPRESENTATION('',(#347),#351);
#347 = CIRCLE('',#348,3.);
#348 = AXIS2_PLACEMENT_2D('',#349,#350);
#349 = CARTESIAN_POINT('',(-29.5,17.999999997127));
#350 = DIRECTION('',(1.,0.));
#351 = ( GEOMETRIC_REPRESENTATION_CONTEXT(2)
PARAMETRIC_REPRESENTATION_CONTEXT() REPRESENTATION_CONTEXT('2D SPACE',''
  ) );
#352 = PCURVE('',#100,#353);
#353 = DEFINITIONAL_REPRESENTATION('',(#354),#358);
#354 = LINE('',#355,#356);
#355 = CARTESIAN_POINT('',(-0.,-5.5));
#356 = VECTOR('',#357,1.);
#357 = DIRECTION('',(-1.,0.));
#358 = ( GEOMETRIC_REPRESENTATION_CONTEXT(2)
PARAMETRIC_REPRESENTATION_CONTEXT() REPRESENTATION_CONTEXT('2D SPACE',''
  ) );
#359 = FACE_BOUND('',#360,.T.);
#360 = EDGE_LOOP('',(#361,#392));
#361 = ORIENTED_EDGE('',*,*,#362,.F.);
#362 = EDGE_CURVE('',#363,#365,#367,.T.);
#363 = VERTEX_POINT('',#364);
#364 = CARTESIAN_POINT('',(-17.5,-9.933942859916E-09,5.5));
#365 = VERTEX_POINT('',#366);
#366 = CARTESIAN_POINT('',(-22.5,-1.835541120121E-09,5.5));
#367 = SURFACE_CURVE('',#368,(#373,#380),.PCURVE_S1.);
#368 = CIRCLE('',#369,2.5);
#369 = AXIS2_PLACEMENT_3D('',#370,#371,#372);
#370 = CARTESIAN_POINT('',(-20.,-1.835541426283E-09,5.5));
#371 = DIRECTION('',(0.,0.,1.));
#372 = DIRECTION('',(-1.,1.224646799147E-16,0.));
#373 = PCURVE('',#72,#374);
#374 = DEFINITIONAL_REPRESENTATION('',(#375),#379);
#375 = CIRCLE('',#376,2.5);
#376 = AXIS2_PLACEMENT_2D('',#377,#378);
#377 = CARTESIAN_POINT('',(-20.,-1.038149388325E-09));
#378 = DIRECTION('',(-1.,1.224646799147E-16));
#379 = ( GEOMETRIC_REPRESENTATION_CONTEXT(2)
PARAMETRIC_REPRESENTATION_CONTEXT() REPRESENTATION_CONTEXT('2D SPACE',''
  ) );
#380 = PCURVE('',#381,#386);
#381 = CYLINDRICAL_SURFACE('',#382,2.5);
#382 = AXIS2_PLACEMENT_3D('',#383,#384,#385);
#383 = CARTESIAN_POINT('',(-20.,-1.835541426283E-09,5.5));
#384 = DIRECTION('',(0.,0.,1.));
#385 = DIRECTION('',(-1.,1.224646799147E-16,0.));
#386 = DEFINITIONAL_REPRESENTATION('',(#387),#391);
#387 = LINE('',#388,#389);
#388 = CARTESIAN_POINT('',(0.,0.));
#389 = VECTOR('',#390,1.);
#390 = DIRECTION('',(1.,0.));
#391 = ( GEOMETRIC_REPRESENTATION_CONTEXT(2)
PARAMETRIC_REPRESENTATION_CONTEXT() REPRESENTATION_CONTEXT('2D SPACE',''
  ) );
#392 = ORIENTED_EDGE('',*,*,#393,.F.);
#393 = EDGE_CURVE('',#365,#363,#394,.T.);
#394 = SURFACE_CURVE('',#395,(#400,#407),.PCURVE_S1.);
#395 = CIRCLE('',#396,2.5);
#396 = AXIS2_PLACEMENT_3D('',#397,#398,#399);
#397 = CARTESIAN_POINT('',(-20.,-1.835541426283E-09,5.5));
#398 = DIRECTION('',(0.,0.,1.));
#399 = DIRECTION('',(-1.,1.224646799147E-16,0.));
#400 = PCURVE('',#72,#401);
#401 = DEFINITIONAL_REPRESENTATION('',(#402),#406);
#402 = CIRCLE('',#403,2.5);
#403 = AXIS2_PLACEMENT_2D('',#404,#405);
#404 = CARTESIAN_POINT('',(-20.,-1.038149388325E-09));
#405 = DIRECTION('',(-1.,1.224646799147E-16));
#406 = ( GEOMETRIC_REPRESENTATION_CONTEXT(2)
PARAMETRIC_REPRESENTATION_CONTEXT() REPRESENTATION_CONTEXT('2D SPACE',''
  ) );
#407 = PCURVE('',#408,#413);
#408 = CYLINDRICAL_SURFACE('',#409,2.5);
#409 = AXIS2_PLACEMENT_3D('',#410,#411,#412);
#410 = CARTESIAN_POINT('',(-20.,-1.835541426283E-09,5.5));
#411 = DIRECTION('',(0.,0.,1.));
#412 = DIRECTION('',(-1.,1.224646799147E-16,0.));
#413 = DEFINITIONAL_REPRESENTATION('',(#414),#418);
#414 = LINE('',#415,#416);
#415 = CARTESIAN_POINT('',(0.,0.));
#416 = VECTOR('',#417,1.);
#417 = DIRECTION('',(1.,0.));
#418 = ( GEOMETRIC_REPRESENTATION_CONTEXT(2)
PARAMETRIC_REPRESENTATION_CONTEXT() REPRESENTATION_CONTEXT('2D SPACE',''
  ) );
#419 = ADVANCED_FACE('',(#420),#408,.F.);
#420 = FACE_BOUND('',#421,.F.);
#421 = EDGE_LOOP('',(#422,#423,#446,#470));
#422 = ORIENTED_EDGE('',*,*,#393,.F.);
#423 = ORIENTED_EDGE('',*,*,#424,.T.);
#424 = EDGE_CURVE('',#365,#425,#427,.T.);
#425 = VERTEX_POINT('',#426);
#426 = CARTESIAN_POINT('',(-22.5,-1.835541120121E-09,8.881784197001E-16)
  );
#427 = SURFACE_CURVE('',#428,(#432,#439),.PCURVE_S1.);
#428 = LINE('',#429,#430);
#429 = CARTESIAN_POINT('',(-22.5,-1.835541120121E-09,5.5));
#430 = VECTOR('',#431,1.);
#431 = DIRECTION('',(-0.,-0.,-1.));
#432 = PCURVE('',#408,#433);
#433 = DEFINITIONAL_REPRESENTATION('',(#434),#438);
#434 = LINE('',#435,#436);
#435 = CARTESIAN_POINT('',(0.,0.));
#436 = VECTOR('',#437,1.);
#437 = DIRECTION('',(0.,-1.));
#438 = ( GEOMETRIC_REPRESENTATION_CONTEXT(2)
PARAMETRIC_REPRESENTATION_CONTEXT() REPRESENTATION_CONTEXT('2D SPACE',''
  ) );
#439 = PCURVE('',#381,#440);
#440 = DEFINITIONAL_REPRESENTATION('',(#441),#445);
#441 = LINE('',#442,#443);
#442 = CARTESIAN_POINT('',(6.28318530718,0.));
#443 = VECTOR('',#444,1.);
#444 = DIRECTION('',(0.,-1.));
#445 = ( GEOMETRIC_REPRESENTATION_CONTEXT(2)
PARAMETRIC_REPRESENTATION_CONTEXT() REPRESENTATION_CONTEXT('2D SPACE',''
  ) );
#446 = ORIENTED_EDGE('',*,*,#447,.T.);
#447 = EDGE_CURVE('',#425,#448,#450,.T.);
#448 = VERTEX_POINT('',#449);
#449 = CARTESIAN_POINT('',(-17.5,-9.933942859916E-09,4.440892098501E-16)
  );
#450 = SURFACE_CURVE('',#451,(#456,#463),.PCURVE_S1.);
#451 = CIRCLE('',#452,2.5);
#452 = AXIS2_PLACEMENT_3D('',#453,#454,#455);
#453 = CARTESIAN_POINT('',(-20.,-1.835541426283E-09,8.881784197001E-16)
  );
#454 = DIRECTION('',(0.,0.,1.));
#455 = DIRECTION('',(-1.,1.224646799147E-16,0.));
#456 = PCURVE('',#408,#457);
#457 = DEFINITIONAL_REPRESENTATION('',(#458),#462);
#458 = LINE('',#459,#460);
#459 = CARTESIAN_POINT('',(0.,-5.5));
#460 = VECTOR('',#461,1.);
#461 = DIRECTION('',(1.,0.));
#462 = ( GEOMETRIC_REPRESENTATION_CONTEXT(2)
PARAMETRIC_REPRESENTATION_CONTEXT() REPRESENTATION_CONTEXT('2D SPACE',''
  ) );
#463 = PCURVE('',#126,#464);
#464 = DEFINITIONAL_REPRESENTATION('',(#465),#469);
#465 = CIRCLE('',#466,2.5);
#466 = AXIS2_PLACEMENT_2D('',#467,#468);
#467 = CARTESIAN_POINT('',(-20.,-1.038149388325E-09));
#468 = DIRECTION('',(-1.,1.224646799147E-16));
#469 = ( GEOMETRIC_REPRESENTATION_CONTEXT(2)
PARAMETRIC_REPRESENTATION_CONTEXT() REPRESENTATION_CONTEXT('2D SPACE',''
  ) );
#470 = ORIENTED_EDGE('',*,*,#471,.T.);
#471 = EDGE_CURVE('',#472,#224,#474,.T.);
#472 = VERTEX_POINT('',#473);
#473 = CARTESIAN_POINT('',(-17.5,-9.933942859916E-09,4.440892098501E-16)
  );
#474 = SURFACE_CURVE('',#475,(#479,#485),.PCURVE_S1.);
#475 = LINE('',#476,#477);
#476 = CARTESIAN_POINT('',(-17.5,-1.83554162756E-09,5.5));
#477 = VECTOR('',#478,1.);
#478 = DIRECTION('',(0.,0.,1.));
#479 = PCURVE('',#408,#480);
#480 = DEFINITIONAL_REPRESENTATION('',(#481),#484);
#481 = B_SPLINE_CURVE_WITH_KNOTS('',1,(#482,#483),.UNSPECIFIED.,.F.,.F.,
  (2,2),(-5.5000006,5.999999999062E-07),.PIECEWISE_BEZIER_KNOTS.);
#482 = CARTESIAN_POINT('',(3.14159265359,-5.5000006));
#483 = CARTESIAN_POINT('',(3.14159265359,5.999999990181E-07));
#484 = ( GEOMETRIC_REPRESENTATION_CONTEXT(2)
PARAMETRIC_REPRESENTATION_CONTEXT() REPRESENTATION_CONTEXT('2D SPACE',''
  ) );
#485 = PCURVE('',#381,#486);
#486 = DEFINITIONAL_REPRESENTATION('',(#487),#490);
#487 = B_SPLINE_CURVE_WITH_KNOTS('',1,(#488,#489),.UNSPECIFIED.,.F.,.F.,
  (2,2),(-5.5000006,5.999999999062E-07),.PIECEWISE_BEZIER_KNOTS.);
#488 = CARTESIAN_POINT('',(3.14159265359,-5.5000006));
#489 = CARTESIAN_POINT('',(3.14159265359,5.999999990181E-07));
#490 = ( GEOMETRIC_REPRESENTATION_CONTEXT(2)
PARAMETRIC_REPRESENTATION_CONTEXT() REPRESENTATION_CONTEXT('2D SPACE',''
  ) );
#491 = ADVANCED_FACE('',(#492),#381,.F.);
#492 = FACE_BOUND('',#493,.F.);
#493 = EDGE_LOOP('',(#494,#495,#496,#497));
#494 = ORIENTED_EDGE('',*,*,#424,.F.);
#495 = ORIENTED_EDGE('',*,*,#362,.F.);
#496 = ORIENTED_EDGE('',*,*,#471,.F.);
#497 = ORIENTED_EDGE('',*,*,#498,.T.);
#498 = EDGE_CURVE('',#448,#425,#499,.T.);
#499 = SURFACE_CURVE('',#500,(#505,#512),.PCURVE_S1.);
#500 = CIRCLE('',#501,2.5);
#501 = AXIS2_PLACEMENT_3D('',#502,#503,#504);
#502 = CARTESIAN_POINT('',(-20.,-1.835541426283E-09,8.881784197001E-16)
  );
#503 = DIRECTION('',(0.,0.,1.));
#504 = DIRECTION('',(-1.,1.224646799147E-16,0.));
#505 = PCURVE('',#381,#506);
#506 = DEFINITIONAL_REPRESENTATION('',(#507),#511);
#507 = LINE('',#508,#509);
#508 = CARTESIAN_POINT('',(0.,-5.5));
#509 = VECTOR('',#510,1.);
#510 = DIRECTION('',(1.,0.));
#511 = ( GEOMETRIC_REPRESENTATION_CONTEXT(2)
PARAMETRIC_REPRESENTATION_CONTEXT() REPRESENTATION_CONTEXT('2D SPACE',''
  ) );
#512 = PCURVE('',#126,#513);
#513 = DEFINITIONAL_REPRESENTATION('',(#514),#518);
#514 = CIRCLE('',#515,2.5);
#515 = AXIS2_PLACEMENT_2D('',#516,#517);
#516 = CARTESIAN_POINT('',(-20.,-1.038149388325E-09));
#517 = DIRECTION('',(-1.,1.224646799147E-16));
#518 = ( GEOMETRIC_REPRESENTATION_CONTEXT(2)
PARAMETRIC_REPRESENTATION_CONTEXT() REPRESENTATION_CONTEXT('2D SPACE',''
  ) );
#519 = ADVANCED_FACE('',(#520),#182,.F.);
#520 = FACE_BOUND('',#521,.F.);
#521 = EDGE_LOOP('',(#522,#547,#568,#569));
#522 = ORIENTED_EDGE('',*,*,#523,.F.);
#523 = EDGE_CURVE('',#524,#526,#528,.T.);
#524 = VERTEX_POINT('',#525);
#525 = CARTESIAN_POINT('',(-29.5,-21.,0.));
#526 = VERTEX_POINT('',#527);
#527 = CARTESIAN_POINT('',(-2.291287848279,-21.,4.440892098501E-16));
#528 = SURFACE_CURVE('',#529,(#533,#540),.PCURVE_S1.);
#529 = LINE('',#530,#531);
#530 = CARTESIAN_POINT('',(0.,-21.,0.));
#531 = VECTOR('',#532,1.);
#532 = DIRECTION('',(1.,0.,0.));
#533 = PCURVE('',#182,#534);
#534 = DEFINITIONAL_REPRESENTATION('',(#535),#539);
#535 = LINE('',#536,#537);
#536 = CARTESIAN_POINT('',(29.5,0.));
#537 = VECTOR('',#538,1.);
#538 = DIRECTION('',(1.,0.));
#539 = ( GEOMETRIC_REPRESENTATION_CONTEXT(2)
PARAMETRIC_REPRESENTATION_CONTEXT() REPRESENTATION_CONTEXT('2D SPACE',''
  ) );
#540 = PCURVE('',#126,#541);
#541 = DEFINITIONAL_REPRESENTATION('',(#542),#546);
#542 = LINE('',#543,#544);
#543 = CARTESIAN_POINT('',(-1.702837092787E-16,-20.9999999992));
#544 = VECTOR('',#545,1.);
#545 = DIRECTION('',(1.,0.));
#546 = ( GEOMETRIC_REPRESENTATION_CONTEXT(2)
PARAMETRIC_REPRESENTATION_CONTEXT() REPRESENTATION_CONTEXT('2D SPACE',''
  ) );
#547 = ORIENTED_EDGE('',*,*,#548,.T.);
#548 = EDGE_CURVE('',#524,#143,#549,.T.);
#549 = SURFACE_CURVE('',#550,(#554,#561),.PCURVE_S1.);
#550 = LINE('',#551,#552);
#551 = CARTESIAN_POINT('',(-29.5,-21.,0.));
#552 = VECTOR('',#553,1.);
#553 = DIRECTION('',(0.,0.,1.));
#554 = PCURVE('',#182,#555);
#555 = DEFINITIONAL_REPRESENTATION('',(#556),#560);
#556 = LINE('',#557,#558);
#557 = CARTESIAN_POINT('',(0.,0.));
#558 = VECTOR('',#559,1.);
#559 = DIRECTION('',(0.,-1.));
#560 = ( GEOMETRIC_REPRESENTATION_CONTEXT(2)
PARAMETRIC_REPRESENTATION_CONTEXT() REPRESENTATION_CONTEXT('2D SPACE',''
  ) );
#561 = PCURVE('',#44,#562);
#562 = DEFINITIONAL_REPRESENTATION('',(#563),#567);
#563 = LINE('',#564,#565);
#564 = CARTESIAN_POINT('',(-4.712388980385,0.));
#565 = VECTOR('',#566,1.);
#566 = DIRECTION('',(-0.,-1.));
#567 = ( GEOMETRIC_REPRESENTATION_CONTEXT(2)
PARAMETRIC_REPRESENTATION_CONTEXT() REPRESENTATION_CONTEXT('2D SPACE',''
  ) );
#568 = ORIENTED_EDGE('',*,*,#166,.T.);
#569 = ORIENTED_EDGE('',*,*,#570,.F.);
#570 = EDGE_CURVE('',#526,#167,#571,.T.);
#571 = SURFACE_CURVE('',#572,(#576,#582),.PCURVE_S1.);
#572 = LINE('',#573,#574);
#573 = CARTESIAN_POINT('',(-2.291287848279,-21.,5.5));
#574 = VECTOR('',#575,1.);
#575 = DIRECTION('',(0.,0.,1.));
#576 = PCURVE('',#182,#577);
#577 = DEFINITIONAL_REPRESENTATION('',(#578),#581);
#578 = B_SPLINE_CURVE_WITH_KNOTS('',1,(#579,#580),.UNSPECIFIED.,.F.,.F.,
  (2,2),(-5.5000006,5.999999999062E-07),.PIECEWISE_BEZIER_KNOTS.);
#579 = CARTESIAN_POINT('',(27.208712151721,5.999999990181E-07));
#580 = CARTESIAN_POINT('',(27.208712151721,-5.5000006));
#581 = ( GEOMETRIC_REPRESENTATION_CONTEXT(2)
PARAMETRIC_REPRESENTATION_CONTEXT() REPRESENTATION_CONTEXT('2D SPACE',''
  ) );
#582 = PCURVE('',#211,#583);
#583 = DEFINITIONAL_REPRESENTATION('',(#584),#587);
#584 = B_SPLINE_CURVE_WITH_KNOTS('',1,(#585,#586),.UNSPECIFIED.,.F.,.F.,
  (2,2),(-5.5000006,5.999999999062E-07),.PIECEWISE_BEZIER_KNOTS.);
#585 = CARTESIAN_POINT('',(5.123905825651,-5.5000006));
#586 = CARTESIAN_POINT('',(5.123905825651,5.999999999062E-07));
#587 = ( GEOMETRIC_REPRESENTATION_CONTEXT(2)
PARAMETRIC_REPRESENTATION_CONTEXT() REPRESENTATION_CONTEXT('2D SPACE',''
  ) );
#588 = ADVANCED_FACE('',(#589),#211,.F.);
#589 = FACE_BOUND('',#590,.F.);
#590 = EDGE_LOOP('',(#591,#592,#593,#614));
#591 = ORIENTED_EDGE('',*,*,#570,.T.);
#592 = ORIENTED_EDGE('',*,*,#194,.F.);
#593 = ORIENTED_EDGE('',*,*,#594,.F.);
#594 = EDGE_CURVE('',#595,#195,#597,.T.);
#595 = VERTEX_POINT('',#596);
#596 = CARTESIAN_POINT('',(8.097807827193E-09,-17.50000000183,
    4.440892098501E-16));
#597 = SURFACE_CURVE('',#598,(#602,#608),.PCURVE_S1.);
#598 = LINE('',#599,#600);
#599 = CARTESIAN_POINT('',(-4.712202473491E-15,-17.50000000183,5.5));
#600 = VECTOR('',#601,1.);
#601 = DIRECTION('',(0.,0.,1.));
#602 = PCURVE('',#211,#603);
#603 = DEFINITIONAL_REPRESENTATION('',(#604),#607);
#604 = B_SPLINE_CURVE_WITH_KNOTS('',1,(#605,#606),.UNSPECIFIED.,.F.,.F.,
  (2,2),(-5.5000006,5.999999999062E-07),.PIECEWISE_BEZIER_KNOTS.);
#605 = CARTESIAN_POINT('',(3.14159265359,-5.5000006));
#606 = CARTESIAN_POINT('',(3.14159265359,5.999999990181E-07));
#607 = ( GEOMETRIC_REPRESENTATION_CONTEXT(2)
PARAMETRIC_REPRESENTATION_CONTEXT() REPRESENTATION_CONTEXT('2D SPACE',''
  ) );
#608 = PCURVE('',#240,#609);
#609 = DEFINITIONAL_REPRESENTATION('',(#610),#613);
#610 = B_SPLINE_CURVE_WITH_KNOTS('',1,(#611,#612),.UNSPECIFIED.,.F.,.F.,
  (2,2),(-5.5000006,5.999999999062E-07),.PIECEWISE_BEZIER_KNOTS.);
#611 = CARTESIAN_POINT('',(4.712388980385,-5.5000006));
#612 = CARTESIAN_POINT('',(4.712388980385,5.999999999062E-07));
#613 = ( GEOMETRIC_REPRESENTATION_CONTEXT(2)
PARAMETRIC_REPRESENTATION_CONTEXT() REPRESENTATION_CONTEXT('2D SPACE',''
  ) );
#614 = ORIENTED_EDGE('',*,*,#615,.T.);
#615 = EDGE_CURVE('',#595,#526,#616,.T.);
#616 = SURFACE_CURVE('',#617,(#622,#629),.PCURVE_S1.);
#617 = CIRCLE('',#618,2.5);
#618 = AXIS2_PLACEMENT_3D('',#619,#620,#621);
#619 = CARTESIAN_POINT('',(-5.329070518201E-15,-20.00000000183,
    8.881784197001E-16));
#620 = DIRECTION('',(0.,0.,1.));
#621 = DIRECTION('',(-2.22044604925E-16,-1.,0.));
#622 = PCURVE('',#211,#623);
#623 = DEFINITIONAL_REPRESENTATION('',(#624),#628);
#624 = LINE('',#625,#626);
#625 = CARTESIAN_POINT('',(0.,-5.5));
#626 = VECTOR('',#627,1.);
#627 = DIRECTION('',(1.,0.));
#628 = ( GEOMETRIC_REPRESENTATION_CONTEXT(2)
PARAMETRIC_REPRESENTATION_CONTEXT() REPRESENTATION_CONTEXT('2D SPACE',''
  ) );
#629 = PCURVE('',#126,#630);
#630 = DEFINITIONAL_REPRESENTATION('',(#631),#635);
#631 = CIRCLE('',#632,2.5);
#632 = AXIS2_PLACEMENT_2D('',#633,#634);
#633 = CARTESIAN_POINT('',(-5.499354227479E-15,-20.00000000103));
#634 = DIRECTION('',(-2.22044604925E-16,-1.));
#635 = ( GEOMETRIC_REPRESENTATION_CONTEXT(2)
PARAMETRIC_REPRESENTATION_CONTEXT() REPRESENTATION_CONTEXT('2D SPACE',''
  ) );
#636 = ADVANCED_FACE('',(#637),#240,.F.);
#637 = FACE_BOUND('',#638,.F.);
#638 = EDGE_LOOP('',(#639,#640,#641,#642));
#639 = ORIENTED_EDGE('',*,*,#594,.T.);
#640 = ORIENTED_EDGE('',*,*,#223,.F.);
#641 = ORIENTED_EDGE('',*,*,#471,.F.);
#642 = ORIENTED_EDGE('',*,*,#643,.T.);
#643 = EDGE_CURVE('',#472,#595,#644,.T.);
#644 = SURFACE_CURVE('',#645,(#650,#657),.PCURVE_S1.);
#645 = CIRCLE('',#646,17.5);
#646 = AXIS2_PLACEMENT_3D('',#647,#648,#649);
#647 = CARTESIAN_POINT('',(-3.941261605187E-16,-1.835543036498E-09,0.));
#648 = DIRECTION('',(0.,0.,1.));
#649 = DIRECTION('',(1.,0.,0.));
#650 = PCURVE('',#240,#651);
#651 = DEFINITIONAL_REPRESENTATION('',(#652),#656);
#652 = LINE('',#653,#654);
#653 = CARTESIAN_POINT('',(0.,-5.5));
#654 = VECTOR('',#655,1.);
#655 = DIRECTION('',(1.,0.));
#656 = ( GEOMETRIC_REPRESENTATION_CONTEXT(2)
PARAMETRIC_REPRESENTATION_CONTEXT() REPRESENTATION_CONTEXT('2D SPACE',''
  ) );
#657 = PCURVE('',#126,#658);
#658 = DEFINITIONAL_REPRESENTATION('',(#659),#663);
#659 = CIRCLE('',#660,17.5);
#660 = AXIS2_PLACEMENT_2D('',#661,#662);
#661 = CARTESIAN_POINT('',(-5.644098697974E-16,-1.038150998541E-09));
#662 = DIRECTION('',(1.,0.));
#663 = ( GEOMETRIC_REPRESENTATION_CONTEXT(2)
PARAMETRIC_REPRESENTATION_CONTEXT() REPRESENTATION_CONTEXT('2D SPACE',''
  ) );
#664 = ADVANCED_FACE('',(#665),#269,.F.);
#665 = FACE_BOUND('',#666,.F.);
#666 = EDGE_LOOP('',(#667,#668,#689,#711));
#667 = ORIENTED_EDGE('',*,*,#252,.F.);
#668 = ORIENTED_EDGE('',*,*,#669,.F.);
#669 = EDGE_CURVE('',#670,#253,#672,.T.);
#670 = VERTEX_POINT('',#671);
#671 = CARTESIAN_POINT('',(3.092701253103E-09,17.499999998164,
    4.440892098501E-16));
#672 = SURFACE_CURVE('',#673,(#677,#683),.PCURVE_S1.);
#673 = LINE('',#674,#675);
#674 = CARTESIAN_POINT('',(1.116468405792E-15,17.499999998164,5.5));
#675 = VECTOR('',#676,1.);
#676 = DIRECTION('',(0.,0.,1.));
#677 = PCURVE('',#269,#678);
#678 = DEFINITIONAL_REPRESENTATION('',(#679),#682);
#679 = B_SPLINE_CURVE_WITH_KNOTS('',1,(#680,#681),.UNSPECIFIED.,.F.,.F.,
  (2,2),(-5.5000006,5.999999999062E-07),.PIECEWISE_BEZIER_KNOTS.);
#680 = CARTESIAN_POINT('',(1.570796326795,-5.5000006));
#681 = CARTESIAN_POINT('',(1.570796326795,5.999999999062E-07));
#682 = ( GEOMETRIC_REPRESENTATION_CONTEXT(2)
PARAMETRIC_REPRESENTATION_CONTEXT() REPRESENTATION_CONTEXT('2D SPACE',''
  ) );
#683 = PCURVE('',#298,#684);
#684 = DEFINITIONAL_REPRESENTATION('',(#685),#688);
#685 = B_SPLINE_CURVE_WITH_KNOTS('',1,(#686,#687),.UNSPECIFIED.,.F.,.F.,
  (2,2),(-5.5000006,5.999999999062E-07),.PIECEWISE_BEZIER_KNOTS.);
#686 = CARTESIAN_POINT('',(3.14159265359,-5.5000006));
#687 = CARTESIAN_POINT('',(3.14159265359,5.999999990181E-07));
#688 = ( GEOMETRIC_REPRESENTATION_CONTEXT(2)
PARAMETRIC_REPRESENTATION_CONTEXT() REPRESENTATION_CONTEXT('2D SPACE',''
  ) );
#689 = ORIENTED_EDGE('',*,*,#690,.T.);
#690 = EDGE_CURVE('',#670,#472,#691,.T.);
#691 = SURFACE_CURVE('',#692,(#697,#704),.PCURVE_S1.);
#692 = CIRCLE('',#693,17.5);
#693 = AXIS2_PLACEMENT_3D('',#694,#695,#696);
#694 = CARTESIAN_POINT('',(-3.941261605187E-16,-1.835543036498E-09,0.));
#695 = DIRECTION('',(0.,0.,1.));
#696 = DIRECTION('',(1.,0.,0.));
#697 = PCURVE('',#269,#698);
#698 = DEFINITIONAL_REPRESENTATION('',(#699),#703);
#699 = LINE('',#700,#701);
#700 = CARTESIAN_POINT('',(0.,-5.5));
#701 = VECTOR('',#702,1.);
#702 = DIRECTION('',(1.,0.));
#703 = ( GEOMETRIC_REPRESENTATION_CONTEXT(2)
PARAMETRIC_REPRESENTATION_CONTEXT() REPRESENTATION_CONTEXT('2D SPACE',''
  ) );
#704 = PCURVE('',#126,#705);
#705 = DEFINITIONAL_REPRESENTATION('',(#706),#710);
#706 = CIRCLE('',#707,17.5);
#707 = AXIS2_PLACEMENT_2D('',#708,#709);
#708 = CARTESIAN_POINT('',(-5.644098697974E-16,-1.038150998541E-09));
#709 = DIRECTION('',(1.,0.));
#710 = ( GEOMETRIC_REPRESENTATION_CONTEXT(2)
PARAMETRIC_REPRESENTATION_CONTEXT() REPRESENTATION_CONTEXT('2D SPACE',''
  ) );
#711 = ORIENTED_EDGE('',*,*,#471,.T.);
#712 = ADVANCED_FACE('',(#713),#298,.F.);
#713 = FACE_BOUND('',#714,.F.);
#714 = EDGE_LOOP('',(#715,#716,#737,#759));
#715 = ORIENTED_EDGE('',*,*,#281,.F.);
#716 = ORIENTED_EDGE('',*,*,#717,.F.);
#717 = EDGE_CURVE('',#718,#282,#720,.T.);
#718 = VERTEX_POINT('',#719);
#719 = CARTESIAN_POINT('',(-2.291287846677,21.,4.440892098501E-16));
#720 = SURFACE_CURVE('',#721,(#725,#731),.PCURVE_S1.);
#721 = LINE('',#722,#723);
#722 = CARTESIAN_POINT('',(-2.291287846677,21.,5.5));
#723 = VECTOR('',#724,1.);
#724 = DIRECTION('',(0.,-0.,1.));
#725 = PCURVE('',#298,#726);
#726 = DEFINITIONAL_REPRESENTATION('',(#727),#730);
#727 = B_SPLINE_CURVE_WITH_KNOTS('',1,(#728,#729),.UNSPECIFIED.,.F.,.F.,
  (2,2),(-5.5000006,5.999999999062E-07),.PIECEWISE_BEZIER_KNOTS.);
#728 = CARTESIAN_POINT('',(1.159279479926,-5.5000006));
#729 = CARTESIAN_POINT('',(1.159279479926,5.999999999062E-07));
#730 = ( GEOMETRIC_REPRESENTATION_CONTEXT(2)
PARAMETRIC_REPRESENTATION_CONTEXT() REPRESENTATION_CONTEXT('2D SPACE',''
  ) );
#731 = PCURVE('',#326,#732);
#732 = DEFINITIONAL_REPRESENTATION('',(#733),#736);
#733 = B_SPLINE_CURVE_WITH_KNOTS('',1,(#734,#735),.UNSPECIFIED.,.F.,.F.,
  (2,2),(-5.5000006,5.999999999062E-07),.PIECEWISE_BEZIER_KNOTS.);
#734 = CARTESIAN_POINT('',(27.208712153323,5.999999990181E-07));
#735 = CARTESIAN_POINT('',(27.208712153323,-5.5000006));
#736 = ( GEOMETRIC_REPRESENTATION_CONTEXT(2)
PARAMETRIC_REPRESENTATION_CONTEXT() REPRESENTATION_CONTEXT('2D SPACE',''
  ) );
#737 = ORIENTED_EDGE('',*,*,#738,.T.);
#738 = EDGE_CURVE('',#718,#670,#739,.T.);
#739 = SURFACE_CURVE('',#740,(#745,#752),.PCURVE_S1.);
#740 = CIRCLE('',#741,2.5);
#741 = AXIS2_PLACEMENT_3D('',#742,#743,#744);
#742 = CARTESIAN_POINT('',(1.33226762955E-15,19.999999998164,
    8.881784197001E-16));
#743 = DIRECTION('',(0.,-0.,1.));
#744 = DIRECTION('',(1.110223024625E-16,1.,0.));
#745 = PCURVE('',#298,#746);
#746 = DEFINITIONAL_REPRESENTATION('',(#747),#751);
#747 = LINE('',#748,#749);
#748 = CARTESIAN_POINT('',(0.,-5.5));
#749 = VECTOR('',#750,1.);
#750 = DIRECTION('',(1.,0.));
#751 = ( GEOMETRIC_REPRESENTATION_CONTEXT(2)
PARAMETRIC_REPRESENTATION_CONTEXT() REPRESENTATION_CONTEXT('2D SPACE',''
  ) );
#752 = PCURVE('',#126,#753);
#753 = DEFINITIONAL_REPRESENTATION('',(#754),#758);
#754 = CIRCLE('',#755,2.5);
#755 = AXIS2_PLACEMENT_2D('',#756,#757);
#756 = CARTESIAN_POINT('',(1.161983920272E-15,19.999999998962));
#757 = DIRECTION('',(1.110223024625E-16,1.));
#758 = ( GEOMETRIC_REPRESENTATION_CONTEXT(2)
PARAMETRIC_REPRESENTATION_CONTEXT() REPRESENTATION_CONTEXT('2D SPACE',''
  ) );
#759 = ORIENTED_EDGE('',*,*,#669,.T.);
#760 = ADVANCED_FACE('',(#761),#326,.T.);
#761 = FACE_BOUND('',#762,.T.);
#762 = EDGE_LOOP('',(#763,#786,#807,#808));
#763 = ORIENTED_EDGE('',*,*,#764,.F.);
#764 = EDGE_CURVE('',#765,#718,#767,.T.);
#765 = VERTEX_POINT('',#766);
#766 = CARTESIAN_POINT('',(-29.5,20.999999998165,0.));
#767 = SURFACE_CURVE('',#768,(#772,#779),.PCURVE_S1.);
#768 = LINE('',#769,#770);
#769 = CARTESIAN_POINT('',(0.,21.,0.));
#770 = VECTOR('',#771,1.);
#771 = DIRECTION('',(1.,0.,0.));
#772 = PCURVE('',#326,#773);
#773 = DEFINITIONAL_REPRESENTATION('',(#774),#778);
#774 = LINE('',#775,#776);
#775 = CARTESIAN_POINT('',(29.5,0.));
#776 = VECTOR('',#777,1.);
#777 = DIRECTION('',(1.,0.));
#778 = ( GEOMETRIC_REPRESENTATION_CONTEXT(2)
PARAMETRIC_REPRESENTATION_CONTEXT() REPRESENTATION_CONTEXT('2D SPACE',''
  ) );
#779 = PCURVE('',#126,#780);
#780 = DEFINITIONAL_REPRESENTATION('',(#781),#785);
#781 = LINE('',#782,#783);
#782 = CARTESIAN_POINT('',(-1.702837092787E-16,21.000000000797));
#783 = VECTOR('',#784,1.);
#784 = DIRECTION('',(1.,0.));
#785 = ( GEOMETRIC_REPRESENTATION_CONTEXT(2)
PARAMETRIC_REPRESENTATION_CONTEXT() REPRESENTATION_CONTEXT('2D SPACE',''
  ) );
#786 = ORIENTED_EDGE('',*,*,#787,.T.);
#787 = EDGE_CURVE('',#765,#311,#788,.T.);
#788 = SURFACE_CURVE('',#789,(#793,#800),.PCURVE_S1.);
#789 = LINE('',#790,#791);
#790 = CARTESIAN_POINT('',(-29.5,20.999999998165,0.));
#791 = VECTOR('',#792,1.);
#792 = DIRECTION('',(0.,0.,1.));
#793 = PCURVE('',#326,#794);
#794 = DEFINITIONAL_REPRESENTATION('',(#795),#799);
#795 = LINE('',#796,#797);
#796 = CARTESIAN_POINT('',(0.,0.));
#797 = VECTOR('',#798,1.);
#798 = DIRECTION('',(0.,-1.));
#799 = ( GEOMETRIC_REPRESENTATION_CONTEXT(2)
PARAMETRIC_REPRESENTATION_CONTEXT() REPRESENTATION_CONTEXT('2D SPACE',''
  ) );
#800 = PCURVE('',#100,#801);
#801 = DEFINITIONAL_REPRESENTATION('',(#802),#806);
#802 = LINE('',#803,#804);
#803 = CARTESIAN_POINT('',(-1.570796326795,0.));
#804 = VECTOR('',#805,1.);
#805 = DIRECTION('',(-0.,-1.));
#806 = ( GEOMETRIC_REPRESENTATION_CONTEXT(2)
PARAMETRIC_REPRESENTATION_CONTEXT() REPRESENTATION_CONTEXT('2D SPACE',''
  ) );
#807 = ORIENTED_EDGE('',*,*,#310,.T.);
#808 = ORIENTED_EDGE('',*,*,#717,.F.);
#809 = ADVANCED_FACE('',(#810,#863),#126,.F.);
#810 = FACE_BOUND('',#811,.F.);
#811 = EDGE_LOOP('',(#812,#813,#835,#836,#837,#838,#839,#840,#841));
#812 = ORIENTED_EDGE('',*,*,#112,.F.);
#813 = ORIENTED_EDGE('',*,*,#814,.T.);
#814 = EDGE_CURVE('',#22,#524,#815,.T.);
#815 = SURFACE_CURVE('',#816,(#821,#828),.PCURVE_S1.);
#816 = CIRCLE('',#817,3.);
#817 = AXIS2_PLACEMENT_3D('',#818,#819,#820);
#818 = CARTESIAN_POINT('',(-29.5,-18.,0.));
#819 = DIRECTION('',(0.,0.,1.));
#820 = DIRECTION('',(1.,0.,0.));
#821 = PCURVE('',#126,#822);
#822 = DEFINITIONAL_REPRESENTATION('',(#823),#827);
#823 = CIRCLE('',#824,3.);
#824 = AXIS2_PLACEMENT_2D('',#825,#826);
#825 = CARTESIAN_POINT('',(-29.5,-17.9999999992));
#826 = DIRECTION('',(1.,0.));
#827 = ( GEOMETRIC_REPRESENTATION_CONTEXT(2)
PARAMETRIC_REPRESENTATION_CONTEXT() REPRESENTATION_CONTEXT('2D SPACE',''
  ) );
#828 = PCURVE('',#44,#829);
#829 = DEFINITIONAL_REPRESENTATION('',(#830),#834);
#830 = LINE('',#831,#832);
#831 = CARTESIAN_POINT('',(-0.,0.));
#832 = VECTOR('',#833,1.);
#833 = DIRECTION('',(-1.,0.));
#834 = ( GEOMETRIC_REPRESENTATION_CONTEXT(2)
PARAMETRIC_REPRESENTATION_CONTEXT() REPRESENTATION_CONTEXT('2D SPACE',''
  ) );
#835 = ORIENTED_EDGE('',*,*,#523,.T.);
#836 = ORIENTED_EDGE('',*,*,#615,.F.);
#837 = ORIENTED_EDGE('',*,*,#643,.F.);
#838 = ORIENTED_EDGE('',*,*,#690,.F.);
#839 = ORIENTED_EDGE('',*,*,#738,.F.);
#840 = ORIENTED_EDGE('',*,*,#764,.F.);
#841 = ORIENTED_EDGE('',*,*,#842,.T.);
#842 = EDGE_CURVE('',#765,#85,#843,.T.);
#843 = SURFACE_CURVE('',#844,(#849,#856),.PCURVE_S1.);
#844 = CIRCLE('',#845,3.);
#845 = AXIS2_PLACEMENT_3D('',#846,#847,#848);
#846 = CARTESIAN_POINT('',(-29.5,17.99999999633,0.));
#847 = DIRECTION('',(0.,0.,1.));
#848 = DIRECTION('',(1.,0.,0.));
#849 = PCURVE('',#126,#850);
#850 = DEFINITIONAL_REPRESENTATION('',(#851),#855);
#851 = CIRCLE('',#852,3.);
#852 = AXIS2_PLACEMENT_2D('',#853,#854);
#853 = CARTESIAN_POINT('',(-29.5,17.999999997127));
#854 = DIRECTION('',(1.,0.));
#855 = ( GEOMETRIC_REPRESENTATION_CONTEXT(2)
PARAMETRIC_REPRESENTATION_CONTEXT() REPRESENTATION_CONTEXT('2D SPACE',''
  ) );
#856 = PCURVE('',#100,#857);
#857 = DEFINITIONAL_REPRESENTATION('',(#858),#862);
#858 = LINE('',#859,#860);
#859 = CARTESIAN_POINT('',(-0.,0.));
#860 = VECTOR('',#861,1.);
#861 = DIRECTION('',(-1.,0.));
#862 = ( GEOMETRIC_REPRESENTATION_CONTEXT(2)
PARAMETRIC_REPRESENTATION_CONTEXT() REPRESENTATION_CONTEXT('2D SPACE',''
  ) );
#863 = FACE_BOUND('',#864,.F.);
#864 = EDGE_LOOP('',(#865,#866));
#865 = ORIENTED_EDGE('',*,*,#498,.F.);
#866 = ORIENTED_EDGE('',*,*,#447,.F.);
#867 = ADVANCED_FACE('',(#868),#100,.T.);
#868 = FACE_BOUND('',#869,.F.);
#869 = EDGE_LOOP('',(#870,#871,#872,#873));
#870 = ORIENTED_EDGE('',*,*,#787,.T.);
#871 = ORIENTED_EDGE('',*,*,#338,.T.);
#872 = ORIENTED_EDGE('',*,*,#84,.F.);
#873 = ORIENTED_EDGE('',*,*,#842,.F.);
#874 = ADVANCED_FACE('',(#875),#44,.T.);
#875 = FACE_BOUND('',#876,.F.);
#876 = EDGE_LOOP('',(#877,#878,#879,#880));
#877 = ORIENTED_EDGE('',*,*,#21,.T.);
#878 = ORIENTED_EDGE('',*,*,#142,.T.);
#879 = ORIENTED_EDGE('',*,*,#548,.F.);
#880 = ORIENTED_EDGE('',*,*,#814,.F.);
#881 = MANIFOLD_SOLID_BREP('',#882);
#882 = CLOSED_SHELL('',(#883,#1325,#1404,#1739,#1746,#1789,#1814,#1821,
    #1846,#1871,#1896,#1921,#1948,#1975,#2002,#2029,#2054));
#883 = ADVANCED_FACE('',(#884,#1265),#899,.F.);
#884 = FACE_BOUND('',#885,.F.);
#885 = EDGE_LOOP('',(#886,#922,#950,#979,#1007,#1036,#1064,#1093,#1122,
    #1151,#1180,#1209,#1238));
#886 = ORIENTED_EDGE('',*,*,#887,.F.);
#887 = EDGE_CURVE('',#888,#890,#892,.T.);
#888 = VERTEX_POINT('',#889);
#889 = CARTESIAN_POINT('',(2.291287848279,-21.,4.440892098501E-16));
#890 = VERTEX_POINT('',#891);
#891 = CARTESIAN_POINT('',(8.097807827193E-09,-17.50000000183,
    4.440892098501E-16));
#892 = SURFACE_CURVE('',#893,(#898,#910),.PCURVE_S1.);
#893 = CIRCLE('',#894,2.5);
#894 = AXIS2_PLACEMENT_3D('',#895,#896,#897);
#895 = CARTESIAN_POINT('',(-5.329070518201E-15,-20.00000000183,
    8.881784197001E-16));
#896 = DIRECTION('',(0.,0.,1.));
#897 = DIRECTION('',(-2.22044604925E-16,-1.,0.));
#898 = PCURVE('',#899,#904);
#899 = PLANE('',#900);
#900 = AXIS2_PLACEMENT_3D('',#901,#902,#903);
#901 = CARTESIAN_POINT('',(1.702837092787E-16,-7.973920379576E-10,0.));
#902 = DIRECTION('',(0.,0.,1.));
#903 = DIRECTION('',(1.,0.,0.));
#904 = DEFINITIONAL_REPRESENTATION('',(#905),#909);
#905 = CIRCLE('',#906,2.5);
#906 = AXIS2_PLACEMENT_2D('',#907,#908);
#907 = CARTESIAN_POINT('',(-5.499354227479E-15,-20.00000000103));
#908 = DIRECTION('',(-2.22044604925E-16,-1.));
#909 = ( GEOMETRIC_REPRESENTATION_CONTEXT(2)
PARAMETRIC_REPRESENTATION_CONTEXT() REPRESENTATION_CONTEXT('2D SPACE',''
  ) );
#910 = PCURVE('',#911,#916);
#911 = CYLINDRICAL_SURFACE('',#912,2.5);
#912 = AXIS2_PLACEMENT_3D('',#913,#914,#915);
#913 = CARTESIAN_POINT('',(-5.329070518201E-15,-20.00000000183,5.5));
#914 = DIRECTION('',(0.,0.,1.));
#915 = DIRECTION('',(-2.22044604925E-16,-1.,0.));
#916 = DEFINITIONAL_REPRESENTATION('',(#917),#921);
#917 = LINE('',#918,#919);
#918 = CARTESIAN_POINT('',(0.,-5.5));
#919 = VECTOR('',#920,1.);
#920 = DIRECTION('',(1.,0.));
#921 = ( GEOMETRIC_REPRESENTATION_CONTEXT(2)
PARAMETRIC_REPRESENTATION_CONTEXT() REPRESENTATION_CONTEXT('2D SPACE',''
  ) );
#922 = ORIENTED_EDGE('',*,*,#923,.T.);
#923 = EDGE_CURVE('',#888,#924,#926,.T.);
#924 = VERTEX_POINT('',#925);
#925 = CARTESIAN_POINT('',(29.5,-21.,0.));
#926 = SURFACE_CURVE('',#927,(#931,#938),.PCURVE_S1.);
#927 = LINE('',#928,#929);
#928 = CARTESIAN_POINT('',(0.,-21.,0.));
#929 = VECTOR('',#930,1.);
#930 = DIRECTION('',(1.,0.,0.));
#931 = PCURVE('',#899,#932);
#932 = DEFINITIONAL_REPRESENTATION('',(#933),#937);
#933 = LINE('',#934,#935);
#934 = CARTESIAN_POINT('',(-1.702837092787E-16,-20.9999999992));
#935 = VECTOR('',#936,1.);
#936 = DIRECTION('',(1.,0.));
#937 = ( GEOMETRIC_REPRESENTATION_CONTEXT(2)
PARAMETRIC_REPRESENTATION_CONTEXT() REPRESENTATION_CONTEXT('2D SPACE',''
  ) );
#938 = PCURVE('',#939,#944);
#939 = PLANE('',#940);
#940 = AXIS2_PLACEMENT_3D('',#941,#942,#943);
#941 = CARTESIAN_POINT('',(-29.5,-21.,0.));
#942 = DIRECTION('',(0.,1.,0.));
#943 = DIRECTION('',(1.,0.,0.));
#944 = DEFINITIONAL_REPRESENTATION('',(#945),#949);
#945 = LINE('',#946,#947);
#946 = CARTESIAN_POINT('',(29.5,0.));
#947 = VECTOR('',#948,1.);
#948 = DIRECTION('',(1.,0.));
#949 = ( GEOMETRIC_REPRESENTATION_CONTEXT(2)
PARAMETRIC_REPRESENTATION_CONTEXT() REPRESENTATION_CONTEXT('2D SPACE',''
  ) );
#950 = ORIENTED_EDGE('',*,*,#951,.T.);
#951 = EDGE_CURVE('',#924,#952,#954,.T.);
#952 = VERTEX_POINT('',#953);
#953 = CARTESIAN_POINT('',(32.5,-18.,0.));
#954 = SURFACE_CURVE('',#955,(#960,#967),.PCURVE_S1.);
#955 = CIRCLE('',#956,3.);
#956 = AXIS2_PLACEMENT_3D('',#957,#958,#959);
#957 = CARTESIAN_POINT('',(29.5,-18.,0.));
#958 = DIRECTION('',(0.,0.,1.));
#959 = DIRECTION('',(1.,0.,0.));
#960 = PCURVE('',#899,#961);
#961 = DEFINITIONAL_REPRESENTATION('',(#962),#966);
#962 = CIRCLE('',#963,3.);
#963 = AXIS2_PLACEMENT_2D('',#964,#965);
#964 = CARTESIAN_POINT('',(29.5,-17.9999999992));
#965 = DIRECTION('',(1.,0.));
#966 = ( GEOMETRIC_REPRESENTATION_CONTEXT(2)
PARAMETRIC_REPRESENTATION_CONTEXT() REPRESENTATION_CONTEXT('2D SPACE',''
  ) );
#967 = PCURVE('',#968,#973);
#968 = CYLINDRICAL_SURFACE('',#969,3.);
#969 = AXIS2_PLACEMENT_3D('',#970,#971,#972);
#970 = CARTESIAN_POINT('',(29.5,-18.,0.));
#971 = DIRECTION('',(-0.,-0.,-1.));
#972 = DIRECTION('',(1.,0.,0.));
#973 = DEFINITIONAL_REPRESENTATION('',(#974),#978);
#974 = LINE('',#975,#976);
#975 = CARTESIAN_POINT('',(-0.,0.));
#976 = VECTOR('',#977,1.);
#977 = DIRECTION('',(-1.,0.));
#978 = ( GEOMETRIC_REPRESENTATION_CONTEXT(2)
PARAMETRIC_REPRESENTATION_CONTEXT() REPRESENTATION_CONTEXT('2D SPACE',''
  ) );
#979 = ORIENTED_EDGE('',*,*,#980,.T.);
#980 = EDGE_CURVE('',#952,#981,#983,.T.);
#981 = VERTEX_POINT('',#982);
#982 = CARTESIAN_POINT('',(32.5,17.99999999633,0.));
#983 = SURFACE_CURVE('',#984,(#988,#995),.PCURVE_S1.);
#984 = LINE('',#985,#986);
#985 = CARTESIAN_POINT('',(32.5,0.,0.));
#986 = VECTOR('',#987,1.);
#987 = DIRECTION('',(0.,1.,0.));
#988 = PCURVE('',#899,#989);
#989 = DEFINITIONAL_REPRESENTATION('',(#990),#994);
#990 = LINE('',#991,#992);
#991 = CARTESIAN_POINT('',(32.5,7.973920379576E-10));
#992 = VECTOR('',#993,1.);
#993 = DIRECTION('',(0.,1.));
#994 = ( GEOMETRIC_REPRESENTATION_CONTEXT(2)
PARAMETRIC_REPRESENTATION_CONTEXT() REPRESENTATION_CONTEXT('2D SPACE',''
  ) );
#995 = PCURVE('',#996,#1001);
#996 = PLANE('',#997);
#997 = AXIS2_PLACEMENT_3D('',#998,#999,#1000);
#998 = CARTESIAN_POINT('',(32.5,-18.,0.));
#999 = DIRECTION('',(-1.,0.,0.));
#1000 = DIRECTION('',(0.,1.,0.));
#1001 = DEFINITIONAL_REPRESENTATION('',(#1002),#1006);
#1002 = LINE('',#1003,#1004);
#1003 = CARTESIAN_POINT('',(18.000000000001,0.));
#1004 = VECTOR('',#1005,1.);
#1005 = DIRECTION('',(1.,0.));
#1006 = ( GEOMETRIC_REPRESENTATION_CONTEXT(2)
PARAMETRIC_REPRESENTATION_CONTEXT() REPRESENTATION_CONTEXT('2D SPACE',''
  ) );
#1007 = ORIENTED_EDGE('',*,*,#1008,.T.);
#1008 = EDGE_CURVE('',#981,#1009,#1011,.T.);
#1009 = VERTEX_POINT('',#1010);
#1010 = CARTESIAN_POINT('',(29.5,20.999999998165,0.));
#1011 = SURFACE_CURVE('',#1012,(#1017,#1024),.PCURVE_S1.);
#1012 = CIRCLE('',#1013,3.);
#1013 = AXIS2_PLACEMENT_3D('',#1014,#1015,#1016);
#1014 = CARTESIAN_POINT('',(29.5,17.99999999633,0.));
#1015 = DIRECTION('',(0.,0.,1.));
#1016 = DIRECTION('',(1.,0.,0.));
#1017 = PCURVE('',#899,#1018);
#1018 = DEFINITIONAL_REPRESENTATION('',(#1019),#1023);
#1019 = CIRCLE('',#1020,3.);
#1020 = AXIS2_PLACEMENT_2D('',#1021,#1022);
#1021 = CARTESIAN_POINT('',(29.5,17.999999997127));
#1022 = DIRECTION('',(1.,0.));
#1023 = ( GEOMETRIC_REPRESENTATION_CONTEXT(2)
PARAMETRIC_REPRESENTATION_CONTEXT() REPRESENTATION_CONTEXT('2D SPACE',''
  ) );
#1024 = PCURVE('',#1025,#1030);
#1025 = CYLINDRICAL_SURFACE('',#1026,3.);
#1026 = AXIS2_PLACEMENT_3D('',#1027,#1028,#1029);
#1027 = CARTESIAN_POINT('',(29.5,17.99999999633,0.));
#1028 = DIRECTION('',(-0.,-0.,-1.));
#1029 = DIRECTION('',(1.,0.,0.));
#1030 = DEFINITIONAL_REPRESENTATION('',(#1031),#1035);
#1031 = LINE('',#1032,#1033);
#1032 = CARTESIAN_POINT('',(-0.,0.));
#1033 = VECTOR('',#1034,1.);
#1034 = DIRECTION('',(-1.,0.));
#1035 = ( GEOMETRIC_REPRESENTATION_CONTEXT(2)
PARAMETRIC_REPRESENTATION_CONTEXT() REPRESENTATION_CONTEXT('2D SPACE',''
  ) );
#1036 = ORIENTED_EDGE('',*,*,#1037,.F.);
#1037 = EDGE_CURVE('',#1038,#1009,#1040,.T.);
#1038 = VERTEX_POINT('',#1039);
#1039 = CARTESIAN_POINT('',(2.291287846677,21.,4.440892098501E-16));
#1040 = SURFACE_CURVE('',#1041,(#1045,#1052),.PCURVE_S1.);
#1041 = LINE('',#1042,#1043);
#1042 = CARTESIAN_POINT('',(0.,21.,0.));
#1043 = VECTOR('',#1044,1.);
#1044 = DIRECTION('',(1.,0.,0.));
#1045 = PCURVE('',#899,#1046);
#1046 = DEFINITIONAL_REPRESENTATION('',(#1047),#1051);
#1047 = LINE('',#1048,#1049);
#1048 = CARTESIAN_POINT('',(-1.702837092787E-16,21.000000000797));
#1049 = VECTOR('',#1050,1.);
#1050 = DIRECTION('',(1.,0.));
#1051 = ( GEOMETRIC_REPRESENTATION_CONTEXT(2)
PARAMETRIC_REPRESENTATION_CONTEXT() REPRESENTATION_CONTEXT('2D SPACE',''
  ) );
#1052 = PCURVE('',#1053,#1058);
#1053 = PLANE('',#1054);
#1054 = AXIS2_PLACEMENT_3D('',#1055,#1056,#1057);
#1055 = CARTESIAN_POINT('',(-29.5,21.,0.));
#1056 = DIRECTION('',(0.,1.,0.));
#1057 = DIRECTION('',(1.,0.,0.));
#1058 = DEFINITIONAL_REPRESENTATION('',(#1059),#1063);
#1059 = LINE('',#1060,#1061);
#1060 = CARTESIAN_POINT('',(29.5,0.));
#1061 = VECTOR('',#1062,1.);
#1062 = DIRECTION('',(1.,0.));
#1063 = ( GEOMETRIC_REPRESENTATION_CONTEXT(2)
PARAMETRIC_REPRESENTATION_CONTEXT() REPRESENTATION_CONTEXT('2D SPACE',''
  ) );
#1064 = ORIENTED_EDGE('',*,*,#1065,.F.);
#1065 = EDGE_CURVE('',#1066,#1038,#1068,.T.);
#1066 = VERTEX_POINT('',#1067);
#1067 = CARTESIAN_POINT('',(3.092701253103E-09,17.499999998164,
    4.440892098501E-16));
#1068 = SURFACE_CURVE('',#1069,(#1074,#1081),.PCURVE_S1.);
#1069 = CIRCLE('',#1070,2.5);
#1070 = AXIS2_PLACEMENT_3D('',#1071,#1072,#1073);
#1071 = CARTESIAN_POINT('',(1.33226762955E-15,19.999999998164,
    8.881784197001E-16));
#1072 = DIRECTION('',(0.,-0.,1.));
#1073 = DIRECTION('',(1.110223024625E-16,1.,0.));
#1074 = PCURVE('',#899,#1075);
#1075 = DEFINITIONAL_REPRESENTATION('',(#1076),#1080);
#1076 = CIRCLE('',#1077,2.5);
#1077 = AXIS2_PLACEMENT_2D('',#1078,#1079);
#1078 = CARTESIAN_POINT('',(1.161983920272E-15,19.999999998962));
#1079 = DIRECTION('',(1.110223024625E-16,1.));
#1080 = ( GEOMETRIC_REPRESENTATION_CONTEXT(2)
PARAMETRIC_REPRESENTATION_CONTEXT() REPRESENTATION_CONTEXT('2D SPACE',''
  ) );
#1081 = PCURVE('',#1082,#1087);
#1082 = CYLINDRICAL_SURFACE('',#1083,2.5);
#1083 = AXIS2_PLACEMENT_3D('',#1084,#1085,#1086);
#1084 = CARTESIAN_POINT('',(1.33226762955E-15,19.999999998164,5.5));
#1085 = DIRECTION('',(0.,-0.,1.));
#1086 = DIRECTION('',(1.110223024625E-16,1.,0.));
#1087 = DEFINITIONAL_REPRESENTATION('',(#1088),#1092);
#1088 = LINE('',#1089,#1090);
#1089 = CARTESIAN_POINT('',(0.,-5.5));
#1090 = VECTOR('',#1091,1.);
#1091 = DIRECTION('',(1.,0.));
#1092 = ( GEOMETRIC_REPRESENTATION_CONTEXT(2)
PARAMETRIC_REPRESENTATION_CONTEXT() REPRESENTATION_CONTEXT('2D SPACE',''
  ) );
#1093 = ORIENTED_EDGE('',*,*,#1094,.F.);
#1094 = EDGE_CURVE('',#1095,#1066,#1097,.T.);
#1095 = VERTEX_POINT('',#1096);
#1096 = CARTESIAN_POINT('',(4.714770659566,16.852920742881,
    4.440892098501E-16));
#1097 = SURFACE_CURVE('',#1098,(#1103,#1110),.PCURVE_S1.);
#1098 = CIRCLE('',#1099,17.5);
#1099 = AXIS2_PLACEMENT_3D('',#1100,#1101,#1102);
#1100 = CARTESIAN_POINT('',(-3.941261605187E-16,-1.835543036498E-09,0.)
  );
#1101 = DIRECTION('',(0.,0.,1.));
#1102 = DIRECTION('',(1.,0.,0.));
#1103 = PCURVE('',#899,#1104);
#1104 = DEFINITIONAL_REPRESENTATION('',(#1105),#1109);
#1105 = CIRCLE('',#1106,17.5);
#1106 = AXIS2_PLACEMENT_2D('',#1107,#1108);
#1107 = CARTESIAN_POINT('',(-5.644098697974E-16,-1.038150998541E-09));
#1108 = DIRECTION('',(1.,0.));
#1109 = ( GEOMETRIC_REPRESENTATION_CONTEXT(2)
PARAMETRIC_REPRESENTATION_CONTEXT() REPRESENTATION_CONTEXT('2D SPACE',''
  ) );
#1110 = PCURVE('',#1111,#1116);
#1111 = CYLINDRICAL_SURFACE('',#1112,17.5);
#1112 = AXIS2_PLACEMENT_3D('',#1113,#1114,#1115);
#1113 = CARTESIAN_POINT('',(-3.941261605187E-16,-1.835543036498E-09,5.5)
  );
#1114 = DIRECTION('',(0.,0.,1.));
#1115 = DIRECTION('',(1.,0.,0.));
#1116 = DEFINITIONAL_REPRESENTATION('',(#1117),#1121);
#1117 = LINE('',#1118,#1119);
#1118 = CARTESIAN_POINT('',(0.,-5.5));
#1119 = VECTOR('',#1120,1.);
#1120 = DIRECTION('',(1.,0.));
#1121 = ( GEOMETRIC_REPRESENTATION_CONTEXT(2)
PARAMETRIC_REPRESENTATION_CONTEXT() REPRESENTATION_CONTEXT('2D SPACE',''
  ) );
#1122 = ORIENTED_EDGE('',*,*,#1123,.F.);
#1123 = EDGE_CURVE('',#1124,#1095,#1126,.T.);
#1124 = VERTEX_POINT('',#1125);
#1125 = CARTESIAN_POINT('',(7.748091069875,15.691306023251,
    4.440892098501E-16));
#1126 = SURFACE_CURVE('',#1127,(#1132,#1139),.PCURVE_S1.);
#1127 = CIRCLE('',#1128,1.65);
#1128 = AXIS2_PLACEMENT_3D('',#1129,#1130,#1131);
#1129 = CARTESIAN_POINT('',(6.127224626224,16.000000000918,
    8.881784197001E-16));
#1130 = DIRECTION('',(0.,-1.438606652475E-15,1.));
#1131 = DIRECTION('',(0.982343299182,-0.187087259192,-2.691449756667E-16
    ));
#1132 = PCURVE('',#899,#1133);
#1133 = DEFINITIONAL_REPRESENTATION('',(#1134),#1138);
#1134 = CIRCLE('',#1135,1.65);
#1135 = AXIS2_PLACEMENT_2D('',#1136,#1137);
#1136 = CARTESIAN_POINT('',(6.127224626224,16.000000001715));
#1137 = DIRECTION('',(0.982343299182,-0.187087259192));
#1138 = ( GEOMETRIC_REPRESENTATION_CONTEXT(2)
PARAMETRIC_REPRESENTATION_CONTEXT() REPRESENTATION_CONTEXT('2D SPACE',''
  ) );
#1139 = PCURVE('',#1140,#1145);
#1140 = CYLINDRICAL_SURFACE('',#1141,1.65);
#1141 = AXIS2_PLACEMENT_3D('',#1142,#1143,#1144);
#1142 = CARTESIAN_POINT('',(6.127224626224,16.000000000918,5.5));
#1143 = DIRECTION('',(0.,0.,1.));
#1144 = DIRECTION('',(1.,0.,0.));
#1145 = DEFINITIONAL_REPRESENTATION('',(#1146),#1150);
#1146 = LINE('',#1147,#1148);
#1147 = CARTESIAN_POINT('',(6.094989097266,-5.5));
#1148 = VECTOR('',#1149,1.);
#1149 = DIRECTION('',(1.,0.));
#1150 = ( GEOMETRIC_REPRESENTATION_CONTEXT(2)
PARAMETRIC_REPRESENTATION_CONTEXT() REPRESENTATION_CONTEXT('2D SPACE',''
  ) );
#1151 = ORIENTED_EDGE('',*,*,#1152,.F.);
#1152 = EDGE_CURVE('',#1153,#1124,#1155,.T.);
#1153 = VERTEX_POINT('',#1154);
#1154 = CARTESIAN_POINT('',(17.5,-1.835543036498E-09,0.));
#1155 = SURFACE_CURVE('',#1156,(#1161,#1168),.PCURVE_S1.);
#1156 = CIRCLE('',#1157,17.5);
#1157 = AXIS2_PLACEMENT_3D('',#1158,#1159,#1160);
#1158 = CARTESIAN_POINT('',(-3.941261605187E-16,-1.835543036498E-09,0.)
  );
#1159 = DIRECTION('',(0.,0.,1.));
#1160 = DIRECTION('',(1.,0.,0.));
#1161 = PCURVE('',#899,#1162);
#1162 = DEFINITIONAL_REPRESENTATION('',(#1163),#1167);
#1163 = CIRCLE('',#1164,17.5);
#1164 = AXIS2_PLACEMENT_2D('',#1165,#1166);
#1165 = CARTESIAN_POINT('',(-5.644098697974E-16,-1.038150998541E-09));
#1166 = DIRECTION('',(1.,0.));
#1167 = ( GEOMETRIC_REPRESENTATION_CONTEXT(2)
PARAMETRIC_REPRESENTATION_CONTEXT() REPRESENTATION_CONTEXT('2D SPACE',''
  ) );
#1168 = PCURVE('',#1169,#1174);
#1169 = CYLINDRICAL_SURFACE('',#1170,17.5);
#1170 = AXIS2_PLACEMENT_3D('',#1171,#1172,#1173);
#1171 = CARTESIAN_POINT('',(-3.941261605187E-16,-1.835543036498E-09,5.5)
  );
#1172 = DIRECTION('',(0.,0.,1.));
#1173 = DIRECTION('',(1.,0.,0.));
#1174 = DEFINITIONAL_REPRESENTATION('',(#1175),#1179);
#1175 = LINE('',#1176,#1177);
#1176 = CARTESIAN_POINT('',(0.,-5.5));
#1177 = VECTOR('',#1178,1.);
#1178 = DIRECTION('',(1.,0.));
#1179 = ( GEOMETRIC_REPRESENTATION_CONTEXT(2)
PARAMETRIC_REPRESENTATION_CONTEXT() REPRESENTATION_CONTEXT('2D SPACE',''
  ) );
#1180 = ORIENTED_EDGE('',*,*,#1181,.F.);
#1181 = EDGE_CURVE('',#1182,#1153,#1184,.T.);
#1182 = VERTEX_POINT('',#1183);
#1183 = CARTESIAN_POINT('',(7.748091070833,-15.69130602644,
    4.440892098501E-16));
#1184 = SURFACE_CURVE('',#1185,(#1190,#1197),.PCURVE_S1.);
#1185 = CIRCLE('',#1186,17.5);
#1186 = AXIS2_PLACEMENT_3D('',#1187,#1188,#1189);
#1187 = CARTESIAN_POINT('',(-3.941261605187E-16,-1.835543036498E-09,0.)
  );
#1188 = DIRECTION('',(0.,0.,1.));
#1189 = DIRECTION('',(1.,0.,0.));
#1190 = PCURVE('',#899,#1191);
#1191 = DEFINITIONAL_REPRESENTATION('',(#1192),#1196);
#1192 = CIRCLE('',#1193,17.5);
#1193 = AXIS2_PLACEMENT_2D('',#1194,#1195);
#1194 = CARTESIAN_POINT('',(-5.644098697974E-16,-1.038150998541E-09));
#1195 = DIRECTION('',(1.,0.));
#1196 = ( GEOMETRIC_REPRESENTATION_CONTEXT(2)
PARAMETRIC_REPRESENTATION_CONTEXT() REPRESENTATION_CONTEXT('2D SPACE',''
  ) );
#1197 = PCURVE('',#1198,#1203);
#1198 = CYLINDRICAL_SURFACE('',#1199,17.5);
#1199 = AXIS2_PLACEMENT_3D('',#1200,#1201,#1202);
#1200 = CARTESIAN_POINT('',(-3.941261605187E-16,-1.835543036498E-09,5.5)
  );
#1201 = DIRECTION('',(0.,0.,1.));
#1202 = DIRECTION('',(1.,0.,0.));
#1203 = DEFINITIONAL_REPRESENTATION('',(#1204),#1208);
#1204 = LINE('',#1205,#1206);
#1205 = CARTESIAN_POINT('',(0.,-5.5));
#1206 = VECTOR('',#1207,1.);
#1207 = DIRECTION('',(1.,0.));
#1208 = ( GEOMETRIC_REPRESENTATION_CONTEXT(2)
PARAMETRIC_REPRESENTATION_CONTEXT() REPRESENTATION_CONTEXT('2D SPACE',''
  ) );
#1209 = ORIENTED_EDGE('',*,*,#1210,.F.);
#1210 = EDGE_CURVE('',#1211,#1182,#1213,.T.);
#1211 = VERTEX_POINT('',#1212);
#1212 = CARTESIAN_POINT('',(4.714770662411,-16.85292074575,
    4.440892098501E-16));
#1213 = SURFACE_CURVE('',#1214,(#1219,#1226),.PCURVE_S1.);
#1214 = CIRCLE('',#1215,1.65);
#1215 = AXIS2_PLACEMENT_3D('',#1216,#1217,#1218);
#1216 = CARTESIAN_POINT('',(6.127224626224,-15.99999999908,
    8.881784197001E-16));
#1217 = DIRECTION('',(0.,-5.206687861465E-16,1.));
#1218 = DIRECTION('',(-0.856032705342,-0.516921664651,
    -2.691449756667E-16));
#1219 = PCURVE('',#899,#1220);
#1220 = DEFINITIONAL_REPRESENTATION('',(#1221),#1225);
#1221 = CIRCLE('',#1222,1.65);
#1222 = AXIS2_PLACEMENT_2D('',#1223,#1224);
#1223 = CARTESIAN_POINT('',(6.127224626224,-15.99999999828));
#1224 = DIRECTION('',(-0.856032705342,-0.516921664651));
#1225 = ( GEOMETRIC_REPRESENTATION_CONTEXT(2)
PARAMETRIC_REPRESENTATION_CONTEXT() REPRESENTATION_CONTEXT('2D SPACE',''
  ) );
#1226 = PCURVE('',#1227,#1232);
#1227 = CYLINDRICAL_SURFACE('',#1228,1.65);
#1228 = AXIS2_PLACEMENT_3D('',#1229,#1230,#1231);
#1229 = CARTESIAN_POINT('',(6.127224626224,-15.99999999908,5.5));
#1230 = DIRECTION('',(0.,0.,1.));
#1231 = DIRECTION('',(1.,0.,0.));
#1232 = DEFINITIONAL_REPRESENTATION('',(#1233),#1237);
#1233 = LINE('',#1234,#1235);
#1234 = CARTESIAN_POINT('',(3.684843634824,-5.5));
#1235 = VECTOR('',#1236,1.);
#1236 = DIRECTION('',(1.,0.));
#1237 = ( GEOMETRIC_REPRESENTATION_CONTEXT(2)
PARAMETRIC_REPRESENTATION_CONTEXT() REPRESENTATION_CONTEXT('2D SPACE',''
  ) );
#1238 = ORIENTED_EDGE('',*,*,#1239,.F.);
#1239 = EDGE_CURVE('',#890,#1211,#1240,.T.);
#1240 = SURFACE_CURVE('',#1241,(#1246,#1253),.PCURVE_S1.);
#1241 = CIRCLE('',#1242,17.5);
#1242 = AXIS2_PLACEMENT_3D('',#1243,#1244,#1245);
#1243 = CARTESIAN_POINT('',(-3.941261605187E-16,-1.835543036498E-09,0.)
  );
#1244 = DIRECTION('',(0.,0.,1.));
#1245 = DIRECTION('',(1.,0.,0.));
#1246 = PCURVE('',#899,#1247);
#1247 = DEFINITIONAL_REPRESENTATION('',(#1248),#1252);
#1248 = CIRCLE('',#1249,17.5);
#1249 = AXIS2_PLACEMENT_2D('',#1250,#1251);
#1250 = CARTESIAN_POINT('',(-5.644098697974E-16,-1.038150998541E-09));
#1251 = DIRECTION('',(1.,0.));
#1252 = ( GEOMETRIC_REPRESENTATION_CONTEXT(2)
PARAMETRIC_REPRESENTATION_CONTEXT() REPRESENTATION_CONTEXT('2D SPACE',''
  ) );
#1253 = PCURVE('',#1254,#1259);
#1254 = CYLINDRICAL_SURFACE('',#1255,17.5);
#1255 = AXIS2_PLACEMENT_3D('',#1256,#1257,#1258);
#1256 = CARTESIAN_POINT('',(-3.941261605187E-16,-1.835543036498E-09,5.5)
  );
#1257 = DIRECTION('',(0.,0.,1.));
#1258 = DIRECTION('',(1.,0.,0.));
#1259 = DEFINITIONAL_REPRESENTATION('',(#1260),#1264);
#1260 = LINE('',#1261,#1262);
#1261 = CARTESIAN_POINT('',(0.,-5.5));
#1262 = VECTOR('',#1263,1.);
#1263 = DIRECTION('',(1.,0.));
#1264 = ( GEOMETRIC_REPRESENTATION_CONTEXT(2)
PARAMETRIC_REPRESENTATION_CONTEXT() REPRESENTATION_CONTEXT('2D SPACE',''
  ) );
#1265 = FACE_BOUND('',#1266,.F.);
#1266 = EDGE_LOOP('',(#1267,#1298));
#1267 = ORIENTED_EDGE('',*,*,#1268,.F.);
#1268 = EDGE_CURVE('',#1269,#1271,#1273,.T.);
#1269 = VERTEX_POINT('',#1270);
#1270 = CARTESIAN_POINT('',(17.5,-1.835543036498E-09,0.));
#1271 = VERTEX_POINT('',#1272);
#1272 = CARTESIAN_POINT('',(22.5,-1.835543875576E-09,8.881784197001E-16)
  );
#1273 = SURFACE_CURVE('',#1274,(#1279,#1286),.PCURVE_S1.);
#1274 = CIRCLE('',#1275,2.5);
#1275 = AXIS2_PLACEMENT_3D('',#1276,#1277,#1278);
#1276 = CARTESIAN_POINT('',(20.,-1.835543875576E-09,8.881784197001E-16)
  );
#1277 = DIRECTION('',(0.,0.,1.));
#1278 = DIRECTION('',(1.,0.,0.));
#1279 = PCURVE('',#899,#1280);
#1280 = DEFINITIONAL_REPRESENTATION('',(#1281),#1285);
#1281 = CIRCLE('',#1282,2.5);
#1282 = AXIS2_PLACEMENT_2D('',#1283,#1284);
#1283 = CARTESIAN_POINT('',(20.,-1.038151837619E-09));
#1284 = DIRECTION('',(1.,0.));
#1285 = ( GEOMETRIC_REPRESENTATION_CONTEXT(2)
PARAMETRIC_REPRESENTATION_CONTEXT() REPRESENTATION_CONTEXT('2D SPACE',''
  ) );
#1286 = PCURVE('',#1287,#1292);
#1287 = CYLINDRICAL_SURFACE('',#1288,2.5);
#1288 = AXIS2_PLACEMENT_3D('',#1289,#1290,#1291);
#1289 = CARTESIAN_POINT('',(20.,-1.835543875576E-09,5.5));
#1290 = DIRECTION('',(0.,0.,1.));
#1291 = DIRECTION('',(1.,0.,0.));
#1292 = DEFINITIONAL_REPRESENTATION('',(#1293),#1297);
#1293 = LINE('',#1294,#1295);
#1294 = CARTESIAN_POINT('',(0.,-5.5));
#1295 = VECTOR('',#1296,1.);
#1296 = DIRECTION('',(1.,0.));
#1297 = ( GEOMETRIC_REPRESENTATION_CONTEXT(2)
PARAMETRIC_REPRESENTATION_CONTEXT() REPRESENTATION_CONTEXT('2D SPACE',''
  ) );
#1298 = ORIENTED_EDGE('',*,*,#1299,.F.);
#1299 = EDGE_CURVE('',#1271,#1269,#1300,.T.);
#1300 = SURFACE_CURVE('',#1301,(#1306,#1313),.PCURVE_S1.);
#1301 = CIRCLE('',#1302,2.5);
#1302 = AXIS2_PLACEMENT_3D('',#1303,#1304,#1305);
#1303 = CARTESIAN_POINT('',(20.,-1.835543875576E-09,8.881784197001E-16)
  );
#1304 = DIRECTION('',(0.,0.,1.));
#1305 = DIRECTION('',(1.,0.,0.));
#1306 = PCURVE('',#899,#1307);
#1307 = DEFINITIONAL_REPRESENTATION('',(#1308),#1312);
#1308 = CIRCLE('',#1309,2.5);
#1309 = AXIS2_PLACEMENT_2D('',#1310,#1311);
#1310 = CARTESIAN_POINT('',(20.,-1.038151837619E-09));
#1311 = DIRECTION('',(1.,0.));
#1312 = ( GEOMETRIC_REPRESENTATION_CONTEXT(2)
PARAMETRIC_REPRESENTATION_CONTEXT() REPRESENTATION_CONTEXT('2D SPACE',''
  ) );
#1313 = PCURVE('',#1314,#1319);
#1314 = CYLINDRICAL_SURFACE('',#1315,2.5);
#1315 = AXIS2_PLACEMENT_3D('',#1316,#1317,#1318);
#1316 = CARTESIAN_POINT('',(20.,-1.835543875576E-09,5.5));
#1317 = DIRECTION('',(0.,0.,1.));
#1318 = DIRECTION('',(1.,0.,0.));
#1319 = DEFINITIONAL_REPRESENTATION('',(#1320),#1324);
#1320 = LINE('',#1321,#1322);
#1321 = CARTESIAN_POINT('',(0.,-5.5));
#1322 = VECTOR('',#1323,1.);
#1323 = DIRECTION('',(1.,0.));
#1324 = ( GEOMETRIC_REPRESENTATION_CONTEXT(2)
PARAMETRIC_REPRESENTATION_CONTEXT() REPRESENTATION_CONTEXT('2D SPACE',''
  ) );
#1325 = ADVANCED_FACE('',(#1326),#1314,.F.);
#1326 = FACE_BOUND('',#1327,.F.);
#1327 = EDGE_LOOP('',(#1328,#1359,#1380,#1381));
#1328 = ORIENTED_EDGE('',*,*,#1329,.F.);
#1329 = EDGE_CURVE('',#1330,#1332,#1334,.T.);
#1330 = VERTEX_POINT('',#1331);
#1331 = CARTESIAN_POINT('',(22.5,-1.835543875576E-09,5.5));
#1332 = VERTEX_POINT('',#1333);
#1333 = CARTESIAN_POINT('',(17.5,-1.835543036498E-09,5.5));
#1334 = SURFACE_CURVE('',#1335,(#1340,#1347),.PCURVE_S1.);
#1335 = CIRCLE('',#1336,2.5);
#1336 = AXIS2_PLACEMENT_3D('',#1337,#1338,#1339);
#1337 = CARTESIAN_POINT('',(20.,-1.835543875576E-09,5.5));
#1338 = DIRECTION('',(0.,0.,1.));
#1339 = DIRECTION('',(1.,0.,0.));
#1340 = PCURVE('',#1314,#1341);
#1341 = DEFINITIONAL_REPRESENTATION('',(#1342),#1346);
#1342 = LINE('',#1343,#1344);
#1343 = CARTESIAN_POINT('',(0.,0.));
#1344 = VECTOR('',#1345,1.);
#1345 = DIRECTION('',(1.,0.));
#1346 = ( GEOMETRIC_REPRESENTATION_CONTEXT(2)
PARAMETRIC_REPRESENTATION_CONTEXT() REPRESENTATION_CONTEXT('2D SPACE',''
  ) );
#1347 = PCURVE('',#1348,#1353);
#1348 = PLANE('',#1349);
#1349 = AXIS2_PLACEMENT_3D('',#1350,#1351,#1352);
#1350 = CARTESIAN_POINT('',(1.702837092787E-16,-7.973920379576E-10,5.5)
  );
#1351 = DIRECTION('',(0.,0.,1.));
#1352 = DIRECTION('',(1.,0.,0.));
#1353 = DEFINITIONAL_REPRESENTATION('',(#1354),#1358);
#1354 = CIRCLE('',#1355,2.5);
#1355 = AXIS2_PLACEMENT_2D('',#1356,#1357);
#1356 = CARTESIAN_POINT('',(20.,-1.038151837619E-09));
#1357 = DIRECTION('',(1.,0.));
#1358 = ( GEOMETRIC_REPRESENTATION_CONTEXT(2)
PARAMETRIC_REPRESENTATION_CONTEXT() REPRESENTATION_CONTEXT('2D SPACE',''
  ) );
#1359 = ORIENTED_EDGE('',*,*,#1360,.T.);
#1360 = EDGE_CURVE('',#1330,#1271,#1361,.T.);
#1361 = SURFACE_CURVE('',#1362,(#1366,#1373),.PCURVE_S1.);
#1362 = LINE('',#1363,#1364);
#1363 = CARTESIAN_POINT('',(22.5,-1.835543875576E-09,5.5));
#1364 = VECTOR('',#1365,1.);
#1365 = DIRECTION('',(-0.,-0.,-1.));
#1366 = PCURVE('',#1314,#1367);
#1367 = DEFINITIONAL_REPRESENTATION('',(#1368),#1372);
#1368 = LINE('',#1369,#1370);
#1369 = CARTESIAN_POINT('',(0.,0.));
#1370 = VECTOR('',#1371,1.);
#1371 = DIRECTION('',(0.,-1.));
#1372 = ( GEOMETRIC_REPRESENTATION_CONTEXT(2)
PARAMETRIC_REPRESENTATION_CONTEXT() REPRESENTATION_CONTEXT('2D SPACE',''
  ) );
#1373 = PCURVE('',#1287,#1374);
#1374 = DEFINITIONAL_REPRESENTATION('',(#1375),#1379);
#1375 = LINE('',#1376,#1377);
#1376 = CARTESIAN_POINT('',(6.28318530718,0.));
#1377 = VECTOR('',#1378,1.);
#1378 = DIRECTION('',(0.,-1.));
#1379 = ( GEOMETRIC_REPRESENTATION_CONTEXT(2)
PARAMETRIC_REPRESENTATION_CONTEXT() REPRESENTATION_CONTEXT('2D SPACE',''
  ) );
#1380 = ORIENTED_EDGE('',*,*,#1299,.T.);
#1381 = ORIENTED_EDGE('',*,*,#1382,.F.);
#1382 = EDGE_CURVE('',#1383,#1153,#1385,.T.);
#1383 = VERTEX_POINT('',#1384);
#1384 = CARTESIAN_POINT('',(17.5,-1.835543036498E-09,5.5));
#1385 = SURFACE_CURVE('',#1386,(#1390,#1397),.PCURVE_S1.);
#1386 = LINE('',#1387,#1388);
#1387 = CARTESIAN_POINT('',(17.5,-1.835543036498E-09,5.5));
#1388 = VECTOR('',#1389,1.);
#1389 = DIRECTION('',(-0.,-0.,-1.));
#1390 = PCURVE('',#1314,#1391);
#1391 = DEFINITIONAL_REPRESENTATION('',(#1392),#1396);
#1392 = LINE('',#1393,#1394);
#1393 = CARTESIAN_POINT('',(3.14159265359,-8.881784197001E-16));
#1394 = VECTOR('',#1395,1.);
#1395 = DIRECTION('',(0.,-1.));
#1396 = ( GEOMETRIC_REPRESENTATION_CONTEXT(2)
PARAMETRIC_REPRESENTATION_CONTEXT() REPRESENTATION_CONTEXT('2D SPACE',''
  ) );
#1397 = PCURVE('',#1287,#1398);
#1398 = DEFINITIONAL_REPRESENTATION('',(#1399),#1403);
#1399 = LINE('',#1400,#1401);
#1400 = CARTESIAN_POINT('',(3.14159265359,-8.881784197001E-16));
#1401 = VECTOR('',#1402,1.);
#1402 = DIRECTION('',(0.,-1.));
#1403 = ( GEOMETRIC_REPRESENTATION_CONTEXT(2)
PARAMETRIC_REPRESENTATION_CONTEXT() REPRESENTATION_CONTEXT('2D SPACE',''
  ) );
#1404 = ADVANCED_FACE('',(#1405,#1714),#1348,.T.);
#1405 = FACE_BOUND('',#1406,.T.);
#1406 = EDGE_LOOP('',(#1407,#1433,#1456,#1480,#1503,#1527,#1550,#1574,
    #1598,#1622,#1644,#1668,#1692));
#1407 = ORIENTED_EDGE('',*,*,#1408,.F.);
#1408 = EDGE_CURVE('',#1409,#1411,#1413,.T.);
#1409 = VERTEX_POINT('',#1410);
#1410 = CARTESIAN_POINT('',(2.291287848279,-21.,5.5));
#1411 = VERTEX_POINT('',#1412);
#1412 = CARTESIAN_POINT('',(8.097807827193E-09,-17.50000000183,5.5));
#1413 = SURFACE_CURVE('',#1414,(#1419,#1426),.PCURVE_S1.);
#1414 = CIRCLE('',#1415,2.5);
#1415 = AXIS2_PLACEMENT_3D('',#1416,#1417,#1418);
#1416 = CARTESIAN_POINT('',(-5.329070518201E-15,-20.00000000183,5.5));
#1417 = DIRECTION('',(0.,0.,1.));
#1418 = DIRECTION('',(-2.22044604925E-16,-1.,0.));
#1419 = PCURVE('',#1348,#1420);
#1420 = DEFINITIONAL_REPRESENTATION('',(#1421),#1425);
#1421 = CIRCLE('',#1422,2.5);
#1422 = AXIS2_PLACEMENT_2D('',#1423,#1424);
#1423 = CARTESIAN_POINT('',(-5.499354227479E-15,-20.00000000103));
#1424 = DIRECTION('',(-2.22044604925E-16,-1.));
#1425 = ( GEOMETRIC_REPRESENTATION_CONTEXT(2)
PARAMETRIC_REPRESENTATION_CONTEXT() REPRESENTATION_CONTEXT('2D SPACE',''
  ) );
#1426 = PCURVE('',#911,#1427);
#1427 = DEFINITIONAL_REPRESENTATION('',(#1428),#1432);
#1428 = LINE('',#1429,#1430);
#1429 = CARTESIAN_POINT('',(0.,0.));
#1430 = VECTOR('',#1431,1.);
#1431 = DIRECTION('',(1.,0.));
#1432 = ( GEOMETRIC_REPRESENTATION_CONTEXT(2)
PARAMETRIC_REPRESENTATION_CONTEXT() REPRESENTATION_CONTEXT('2D SPACE',''
  ) );
#1433 = ORIENTED_EDGE('',*,*,#1434,.T.);
#1434 = EDGE_CURVE('',#1409,#1435,#1437,.T.);
#1435 = VERTEX_POINT('',#1436);
#1436 = CARTESIAN_POINT('',(29.5,-21.,5.5));
#1437 = SURFACE_CURVE('',#1438,(#1442,#1449),.PCURVE_S1.);
#1438 = LINE('',#1439,#1440);
#1439 = CARTESIAN_POINT('',(0.,-21.,5.5));
#1440 = VECTOR('',#1441,1.);
#1441 = DIRECTION('',(1.,0.,0.));
#1442 = PCURVE('',#1348,#1443);
#1443 = DEFINITIONAL_REPRESENTATION('',(#1444),#1448);
#1444 = LINE('',#1445,#1446);
#1445 = CARTESIAN_POINT('',(-1.702837092787E-16,-20.9999999992));
#1446 = VECTOR('',#1447,1.);
#1447 = DIRECTION('',(1.,0.));
#1448 = ( GEOMETRIC_REPRESENTATION_CONTEXT(2)
PARAMETRIC_REPRESENTATION_CONTEXT() REPRESENTATION_CONTEXT('2D SPACE',''
  ) );
#1449 = PCURVE('',#939,#1450);
#1450 = DEFINITIONAL_REPRESENTATION('',(#1451),#1455);
#1451 = LINE('',#1452,#1453);
#1452 = CARTESIAN_POINT('',(29.5,-5.5));
#1453 = VECTOR('',#1454,1.);
#1454 = DIRECTION('',(1.,0.));
#1455 = ( GEOMETRIC_REPRESENTATION_CONTEXT(2)
PARAMETRIC_REPRESENTATION_CONTEXT() REPRESENTATION_CONTEXT('2D SPACE',''
  ) );
#1456 = ORIENTED_EDGE('',*,*,#1457,.T.);
#1457 = EDGE_CURVE('',#1435,#1458,#1460,.T.);
#1458 = VERTEX_POINT('',#1459);
#1459 = CARTESIAN_POINT('',(32.5,-18.,5.5));
#1460 = SURFACE_CURVE('',#1461,(#1466,#1473),.PCURVE_S1.);
#1461 = CIRCLE('',#1462,3.);
#1462 = AXIS2_PLACEMENT_3D('',#1463,#1464,#1465);
#1463 = CARTESIAN_POINT('',(29.5,-18.,5.5));
#1464 = DIRECTION('',(0.,0.,1.));
#1465 = DIRECTION('',(1.,0.,0.));
#1466 = PCURVE('',#1348,#1467);
#1467 = DEFINITIONAL_REPRESENTATION('',(#1468),#1472);
#1468 = CIRCLE('',#1469,3.);
#1469 = AXIS2_PLACEMENT_2D('',#1470,#1471);
#1470 = CARTESIAN_POINT('',(29.5,-17.9999999992));
#1471 = DIRECTION('',(1.,0.));
#1472 = ( GEOMETRIC_REPRESENTATION_CONTEXT(2)
PARAMETRIC_REPRESENTATION_CONTEXT() REPRESENTATION_CONTEXT('2D SPACE',''
  ) );
#1473 = PCURVE('',#968,#1474);
#1474 = DEFINITIONAL_REPRESENTATION('',(#1475),#1479);
#1475 = LINE('',#1476,#1477);
#1476 = CARTESIAN_POINT('',(-0.,-5.5));
#1477 = VECTOR('',#1478,1.);
#1478 = DIRECTION('',(-1.,0.));
#1479 = ( GEOMETRIC_REPRESENTATION_CONTEXT(2)
PARAMETRIC_REPRESENTATION_CONTEXT() REPRESENTATION_CONTEXT('2D SPACE',''
  ) );
#1480 = ORIENTED_EDGE('',*,*,#1481,.T.);
#1481 = EDGE_CURVE('',#1458,#1482,#1484,.T.);
#1482 = VERTEX_POINT('',#1483);
#1483 = CARTESIAN_POINT('',(32.5,17.99999999633,5.5));
#1484 = SURFACE_CURVE('',#1485,(#1489,#1496),.PCURVE_S1.);
#1485 = LINE('',#1486,#1487);
#1486 = CARTESIAN_POINT('',(32.5,0.,5.5));
#1487 = VECTOR('',#1488,1.);
#1488 = DIRECTION('',(0.,1.,0.));
#1489 = PCURVE('',#1348,#1490);
#1490 = DEFINITIONAL_REPRESENTATION('',(#1491),#1495);
#1491 = LINE('',#1492,#1493);
#1492 = CARTESIAN_POINT('',(32.5,7.973920379576E-10));
#1493 = VECTOR('',#1494,1.);
#1494 = DIRECTION('',(0.,1.));
#1495 = ( GEOMETRIC_REPRESENTATION_CONTEXT(2)
PARAMETRIC_REPRESENTATION_CONTEXT() REPRESENTATION_CONTEXT('2D SPACE',''
  ) );
#1496 = PCURVE('',#996,#1497);
#1497 = DEFINITIONAL_REPRESENTATION('',(#1498),#1502);
#1498 = LINE('',#1499,#1500);
#1499 = CARTESIAN_POINT('',(18.000000000001,-5.5));
#1500 = VECTOR('',#1501,1.);
#1501 = DIRECTION('',(1.,0.));
#1502 = ( GEOMETRIC_REPRESENTATION_CONTEXT(2)
PARAMETRIC_REPRESENTATION_CONTEXT() REPRESENTATION_CONTEXT('2D SPACE',''
  ) );
#1503 = ORIENTED_EDGE('',*,*,#1504,.T.);
#1504 = EDGE_CURVE('',#1482,#1505,#1507,.T.);
#1505 = VERTEX_POINT('',#1506);
#1506 = CARTESIAN_POINT('',(29.5,20.999999998165,5.5));
#1507 = SURFACE_CURVE('',#1508,(#1513,#1520),.PCURVE_S1.);
#1508 = CIRCLE('',#1509,3.);
#1509 = AXIS2_PLACEMENT_3D('',#1510,#1511,#1512);
#1510 = CARTESIAN_POINT('',(29.5,17.99999999633,5.5));
#1511 = DIRECTION('',(0.,0.,1.));
#1512 = DIRECTION('',(1.,0.,0.));
#1513 = PCURVE('',#1348,#1514);
#1514 = DEFINITIONAL_REPRESENTATION('',(#1515),#1519);
#1515 = CIRCLE('',#1516,3.);
#1516 = AXIS2_PLACEMENT_2D('',#1517,#1518);
#1517 = CARTESIAN_POINT('',(29.5,17.999999997127));
#1518 = DIRECTION('',(1.,0.));
#1519 = ( GEOMETRIC_REPRESENTATION_CONTEXT(2)
PARAMETRIC_REPRESENTATION_CONTEXT() REPRESENTATION_CONTEXT('2D SPACE',''
  ) );
#1520 = PCURVE('',#1025,#1521);
#1521 = DEFINITIONAL_REPRESENTATION('',(#1522),#1526);
#1522 = LINE('',#1523,#1524);
#1523 = CARTESIAN_POINT('',(-0.,-5.5));
#1524 = VECTOR('',#1525,1.);
#1525 = DIRECTION('',(-1.,0.));
#1526 = ( GEOMETRIC_REPRESENTATION_CONTEXT(2)
PARAMETRIC_REPRESENTATION_CONTEXT() REPRESENTATION_CONTEXT('2D SPACE',''
  ) );
#1527 = ORIENTED_EDGE('',*,*,#1528,.F.);
#1528 = EDGE_CURVE('',#1529,#1505,#1531,.T.);
#1529 = VERTEX_POINT('',#1530);
#1530 = CARTESIAN_POINT('',(2.291287846677,21.,5.5));
#1531 = SURFACE_CURVE('',#1532,(#1536,#1543),.PCURVE_S1.);
#1532 = LINE('',#1533,#1534);
#1533 = CARTESIAN_POINT('',(0.,21.,5.5));
#1534 = VECTOR('',#1535,1.);
#1535 = DIRECTION('',(1.,0.,0.));
#1536 = PCURVE('',#1348,#1537);
#1537 = DEFINITIONAL_REPRESENTATION('',(#1538),#1542);
#1538 = LINE('',#1539,#1540);
#1539 = CARTESIAN_POINT('',(-1.702837092787E-16,21.000000000797));
#1540 = VECTOR('',#1541,1.);
#1541 = DIRECTION('',(1.,0.));
#1542 = ( GEOMETRIC_REPRESENTATION_CONTEXT(2)
PARAMETRIC_REPRESENTATION_CONTEXT() REPRESENTATION_CONTEXT('2D SPACE',''
  ) );
#1543 = PCURVE('',#1053,#1544);
#1544 = DEFINITIONAL_REPRESENTATION('',(#1545),#1549);
#1545 = LINE('',#1546,#1547);
#1546 = CARTESIAN_POINT('',(29.5,-5.5));
#1547 = VECTOR('',#1548,1.);
#1548 = DIRECTION('',(1.,0.));
#1549 = ( GEOMETRIC_REPRESENTATION_CONTEXT(2)
PARAMETRIC_REPRESENTATION_CONTEXT() REPRESENTATION_CONTEXT('2D SPACE',''
  ) );
#1550 = ORIENTED_EDGE('',*,*,#1551,.F.);
#1551 = EDGE_CURVE('',#1552,#1529,#1554,.T.);
#1552 = VERTEX_POINT('',#1553);
#1553 = CARTESIAN_POINT('',(3.092701253103E-09,17.499999998164,5.5));
#1554 = SURFACE_CURVE('',#1555,(#1560,#1567),.PCURVE_S1.);
#1555 = CIRCLE('',#1556,2.5);
#1556 = AXIS2_PLACEMENT_3D('',#1557,#1558,#1559);
#1557 = CARTESIAN_POINT('',(1.33226762955E-15,19.999999998164,5.5));
#1558 = DIRECTION('',(0.,-0.,1.));
#1559 = DIRECTION('',(1.110223024625E-16,1.,0.));
#1560 = PCURVE('',#1348,#1561);
#1561 = DEFINITIONAL_REPRESENTATION('',(#1562),#1566);
#1562 = CIRCLE('',#1563,2.5);
#1563 = AXIS2_PLACEMENT_2D('',#1564,#1565);
#1564 = CARTESIAN_POINT('',(1.161983920272E-15,19.999999998962));
#1565 = DIRECTION('',(1.110223024625E-16,1.));
#1566 = ( GEOMETRIC_REPRESENTATION_CONTEXT(2)
PARAMETRIC_REPRESENTATION_CONTEXT() REPRESENTATION_CONTEXT('2D SPACE',''
  ) );
#1567 = PCURVE('',#1082,#1568);
#1568 = DEFINITIONAL_REPRESENTATION('',(#1569),#1573);
#1569 = LINE('',#1570,#1571);
#1570 = CARTESIAN_POINT('',(0.,0.));
#1571 = VECTOR('',#1572,1.);
#1572 = DIRECTION('',(1.,0.));
#1573 = ( GEOMETRIC_REPRESENTATION_CONTEXT(2)
PARAMETRIC_REPRESENTATION_CONTEXT() REPRESENTATION_CONTEXT('2D SPACE',''
  ) );
#1574 = ORIENTED_EDGE('',*,*,#1575,.F.);
#1575 = EDGE_CURVE('',#1576,#1552,#1578,.T.);
#1576 = VERTEX_POINT('',#1577);
#1577 = CARTESIAN_POINT('',(4.714770659566,16.852920742881,5.5));
#1578 = SURFACE_CURVE('',#1579,(#1584,#1591),.PCURVE_S1.);
#1579 = CIRCLE('',#1580,17.5);
#1580 = AXIS2_PLACEMENT_3D('',#1581,#1582,#1583);
#1581 = CARTESIAN_POINT('',(-3.941261605187E-16,-1.835543036498E-09,5.5)
  );
#1582 = DIRECTION('',(0.,0.,1.));
#1583 = DIRECTION('',(1.,0.,0.));
#1584 = PCURVE('',#1348,#1585);
#1585 = DEFINITIONAL_REPRESENTATION('',(#1586),#1590);
#1586 = CIRCLE('',#1587,17.5);
#1587 = AXIS2_PLACEMENT_2D('',#1588,#1589);
#1588 = CARTESIAN_POINT('',(-5.644098697974E-16,-1.038150998541E-09));
#1589 = DIRECTION('',(1.,0.));
#1590 = ( GEOMETRIC_REPRESENTATION_CONTEXT(2)
PARAMETRIC_REPRESENTATION_CONTEXT() REPRESENTATION_CONTEXT('2D SPACE',''
  ) );
#1591 = PCURVE('',#1111,#1592);
#1592 = DEFINITIONAL_REPRESENTATION('',(#1593),#1597);
#1593 = LINE('',#1594,#1595);
#1594 = CARTESIAN_POINT('',(0.,0.));
#1595 = VECTOR('',#1596,1.);
#1596 = DIRECTION('',(1.,0.));
#1597 = ( GEOMETRIC_REPRESENTATION_CONTEXT(2)
PARAMETRIC_REPRESENTATION_CONTEXT() REPRESENTATION_CONTEXT('2D SPACE',''
  ) );
#1598 = ORIENTED_EDGE('',*,*,#1599,.F.);
#1599 = EDGE_CURVE('',#1600,#1576,#1602,.T.);
#1600 = VERTEX_POINT('',#1601);
#1601 = CARTESIAN_POINT('',(7.748091069875,15.691306023251,5.5));
#1602 = SURFACE_CURVE('',#1603,(#1608,#1615),.PCURVE_S1.);
#1603 = CIRCLE('',#1604,1.65);
#1604 = AXIS2_PLACEMENT_3D('',#1605,#1606,#1607);
#1605 = CARTESIAN_POINT('',(6.127224626224,16.000000000918,5.5));
#1606 = DIRECTION('',(0.,-2.877213304949E-15,1.));
#1607 = DIRECTION('',(0.982343299182,-0.187087259192,-5.382899513334E-16
    ));
#1608 = PCURVE('',#1348,#1609);
#1609 = DEFINITIONAL_REPRESENTATION('',(#1610),#1614);
#1610 = CIRCLE('',#1611,1.65);
#1611 = AXIS2_PLACEMENT_2D('',#1612,#1613);
#1612 = CARTESIAN_POINT('',(6.127224626224,16.000000001715));
#1613 = DIRECTION('',(0.982343299182,-0.187087259192));
#1614 = ( GEOMETRIC_REPRESENTATION_CONTEXT(2)
PARAMETRIC_REPRESENTATION_CONTEXT() REPRESENTATION_CONTEXT('2D SPACE',''
  ) );
#1615 = PCURVE('',#1140,#1616);
#1616 = DEFINITIONAL_REPRESENTATION('',(#1617),#1621);
#1617 = LINE('',#1618,#1619);
#1618 = CARTESIAN_POINT('',(6.094989097266,0.));
#1619 = VECTOR('',#1620,1.);
#1620 = DIRECTION('',(1.,0.));
#1621 = ( GEOMETRIC_REPRESENTATION_CONTEXT(2)
PARAMETRIC_REPRESENTATION_CONTEXT() REPRESENTATION_CONTEXT('2D SPACE',''
  ) );
#1622 = ORIENTED_EDGE('',*,*,#1623,.F.);
#1623 = EDGE_CURVE('',#1383,#1600,#1624,.T.);
#1624 = SURFACE_CURVE('',#1625,(#1630,#1637),.PCURVE_S1.);
#1625 = CIRCLE('',#1626,17.5);
#1626 = AXIS2_PLACEMENT_3D('',#1627,#1628,#1629);
#1627 = CARTESIAN_POINT('',(-3.941261605187E-16,-1.835543036498E-09,5.5)
  );
#1628 = DIRECTION('',(0.,0.,1.));
#1629 = DIRECTION('',(1.,0.,0.));
#1630 = PCURVE('',#1348,#1631);
#1631 = DEFINITIONAL_REPRESENTATION('',(#1632),#1636);
#1632 = CIRCLE('',#1633,17.5);
#1633 = AXIS2_PLACEMENT_2D('',#1634,#1635);
#1634 = CARTESIAN_POINT('',(-5.644098697974E-16,-1.038150998541E-09));
#1635 = DIRECTION('',(1.,0.));
#1636 = ( GEOMETRIC_REPRESENTATION_CONTEXT(2)
PARAMETRIC_REPRESENTATION_CONTEXT() REPRESENTATION_CONTEXT('2D SPACE',''
  ) );
#1637 = PCURVE('',#1169,#1638);
#1638 = DEFINITIONAL_REPRESENTATION('',(#1639),#1643);
#1639 = LINE('',#1640,#1641);
#1640 = CARTESIAN_POINT('',(0.,0.));
#1641 = VECTOR('',#1642,1.);
#1642 = DIRECTION('',(1.,0.));
#1643 = ( GEOMETRIC_REPRESENTATION_CONTEXT(2)
PARAMETRIC_REPRESENTATION_CONTEXT() REPRESENTATION_CONTEXT('2D SPACE',''
  ) );
#1644 = ORIENTED_EDGE('',*,*,#1645,.F.);
#1645 = EDGE_CURVE('',#1646,#1383,#1648,.T.);
#1646 = VERTEX_POINT('',#1647);
#1647 = CARTESIAN_POINT('',(7.748091070833,-15.69130602644,5.5));
#1648 = SURFACE_CURVE('',#1649,(#1654,#1661),.PCURVE_S1.);
#1649 = CIRCLE('',#1650,17.5);
#1650 = AXIS2_PLACEMENT_3D('',#1651,#1652,#1653);
#1651 = CARTESIAN_POINT('',(-3.941261605187E-16,-1.835543036498E-09,5.5)
  );
#1652 = DIRECTION('',(0.,0.,1.));
#1653 = DIRECTION('',(1.,0.,0.));
#1654 = PCURVE('',#1348,#1655);
#1655 = DEFINITIONAL_REPRESENTATION('',(#1656),#1660);
#1656 = CIRCLE('',#1657,17.5);
#1657 = AXIS2_PLACEMENT_2D('',#1658,#1659);
#1658 = CARTESIAN_POINT('',(-5.644098697974E-16,-1.038150998541E-09));
#1659 = DIRECTION('',(1.,0.));
#1660 = ( GEOMETRIC_REPRESENTATION_CONTEXT(2)
PARAMETRIC_REPRESENTATION_CONTEXT() REPRESENTATION_CONTEXT('2D SPACE',''
  ) );
#1661 = PCURVE('',#1198,#1662);
#1662 = DEFINITIONAL_REPRESENTATION('',(#1663),#1667);
#1663 = LINE('',#1664,#1665);
#1664 = CARTESIAN_POINT('',(0.,0.));
#1665 = VECTOR('',#1666,1.);
#1666 = DIRECTION('',(1.,0.));
#1667 = ( GEOMETRIC_REPRESENTATION_CONTEXT(2)
PARAMETRIC_REPRESENTATION_CONTEXT() REPRESENTATION_CONTEXT('2D SPACE',''
  ) );
#1668 = ORIENTED_EDGE('',*,*,#1669,.F.);
#1669 = EDGE_CURVE('',#1670,#1646,#1672,.T.);
#1670 = VERTEX_POINT('',#1671);
#1671 = CARTESIAN_POINT('',(4.714770662411,-16.85292074575,5.5));
#1672 = SURFACE_CURVE('',#1673,(#1678,#1685),.PCURVE_S1.);
#1673 = CIRCLE('',#1674,1.65);
#1674 = AXIS2_PLACEMENT_3D('',#1675,#1676,#1677);
#1675 = CARTESIAN_POINT('',(6.127224626224,-15.99999999908,5.5));
#1676 = DIRECTION('',(0.,-1.041337572293E-15,1.));
#1677 = DIRECTION('',(-0.856032705342,-0.516921664651,
    -5.382899513334E-16));
#1678 = PCURVE('',#1348,#1679);
#1679 = DEFINITIONAL_REPRESENTATION('',(#1680),#1684);
#1680 = CIRCLE('',#1681,1.65);
#1681 = AXIS2_PLACEMENT_2D('',#1682,#1683);
#1682 = CARTESIAN_POINT('',(6.127224626224,-15.99999999828));
#1683 = DIRECTION('',(-0.856032705342,-0.516921664651));
#1684 = ( GEOMETRIC_REPRESENTATION_CONTEXT(2)
PARAMETRIC_REPRESENTATION_CONTEXT() REPRESENTATION_CONTEXT('2D SPACE',''
  ) );
#1685 = PCURVE('',#1227,#1686);
#1686 = DEFINITIONAL_REPRESENTATION('',(#1687),#1691);
#1687 = LINE('',#1688,#1689);
#1688 = CARTESIAN_POINT('',(3.684843634824,0.));
#1689 = VECTOR('',#1690,1.);
#1690 = DIRECTION('',(1.,0.));
#1691 = ( GEOMETRIC_REPRESENTATION_CONTEXT(2)
PARAMETRIC_REPRESENTATION_CONTEXT() REPRESENTATION_CONTEXT('2D SPACE',''
  ) );
#1692 = ORIENTED_EDGE('',*,*,#1693,.F.);
#1693 = EDGE_CURVE('',#1411,#1670,#1694,.T.);
#1694 = SURFACE_CURVE('',#1695,(#1700,#1707),.PCURVE_S1.);
#1695 = CIRCLE('',#1696,17.5);
#1696 = AXIS2_PLACEMENT_3D('',#1697,#1698,#1699);
#1697 = CARTESIAN_POINT('',(-3.941261605187E-16,-1.835543036498E-09,5.5)
  );
#1698 = DIRECTION('',(0.,0.,1.));
#1699 = DIRECTION('',(1.,0.,0.));
#1700 = PCURVE('',#1348,#1701);
#1701 = DEFINITIONAL_REPRESENTATION('',(#1702),#1706);
#1702 = CIRCLE('',#1703,17.5);
#1703 = AXIS2_PLACEMENT_2D('',#1704,#1705);
#1704 = CARTESIAN_POINT('',(-5.644098697974E-16,-1.038150998541E-09));
#1705 = DIRECTION('',(1.,0.));
#1706 = ( GEOMETRIC_REPRESENTATION_CONTEXT(2)
PARAMETRIC_REPRESENTATION_CONTEXT() REPRESENTATION_CONTEXT('2D SPACE',''
  ) );
#1707 = PCURVE('',#1254,#1708);
#1708 = DEFINITIONAL_REPRESENTATION('',(#1709),#1713);
#1709 = LINE('',#1710,#1711);
#1710 = CARTESIAN_POINT('',(0.,0.));
#1711 = VECTOR('',#1712,1.);
#1712 = DIRECTION('',(1.,0.));
#1713 = ( GEOMETRIC_REPRESENTATION_CONTEXT(2)
PARAMETRIC_REPRESENTATION_CONTEXT() REPRESENTATION_CONTEXT('2D SPACE',''
  ) );
#1714 = FACE_BOUND('',#1715,.T.);
#1715 = EDGE_LOOP('',(#1716,#1738));
#1716 = ORIENTED_EDGE('',*,*,#1717,.F.);
#1717 = EDGE_CURVE('',#1332,#1330,#1718,.T.);
#1718 = SURFACE_CURVE('',#1719,(#1724,#1731),.PCURVE_S1.);
#1719 = CIRCLE('',#1720,2.5);
#1720 = AXIS2_PLACEMENT_3D('',#1721,#1722,#1723);
#1721 = CARTESIAN_POINT('',(20.,-1.835543875576E-09,5.5));
#1722 = DIRECTION('',(0.,0.,1.));
#1723 = DIRECTION('',(1.,0.,0.));
#1724 = PCURVE('',#1348,#1725);
#1725 = DEFINITIONAL_REPRESENTATION('',(#1726),#1730);
#1726 = CIRCLE('',#1727,2.5);
#1727 = AXIS2_PLACEMENT_2D('',#1728,#1729);
#1728 = CARTESIAN_POINT('',(20.,-1.038151837619E-09));
#1729 = DIRECTION('',(1.,0.));
#1730 = ( GEOMETRIC_REPRESENTATION_CONTEXT(2)
PARAMETRIC_REPRESENTATION_CONTEXT() REPRESENTATION_CONTEXT('2D SPACE',''
  ) );
#1731 = PCURVE('',#1287,#1732);
#1732 = DEFINITIONAL_REPRESENTATION('',(#1733),#1737);
#1733 = LINE('',#1734,#1735);
#1734 = CARTESIAN_POINT('',(0.,0.));
#1735 = VECTOR('',#1736,1.);
#1736 = DIRECTION('',(1.,0.));
#1737 = ( GEOMETRIC_REPRESENTATION_CONTEXT(2)
PARAMETRIC_REPRESENTATION_CONTEXT() REPRESENTATION_CONTEXT('2D SPACE',''
  ) );
#1738 = ORIENTED_EDGE('',*,*,#1329,.F.);
#1739 = ADVANCED_FACE('',(#1740),#1287,.F.);
#1740 = FACE_BOUND('',#1741,.F.);
#1741 = EDGE_LOOP('',(#1742,#1743,#1744,#1745));
#1742 = ORIENTED_EDGE('',*,*,#1360,.F.);
#1743 = ORIENTED_EDGE('',*,*,#1717,.F.);
#1744 = ORIENTED_EDGE('',*,*,#1382,.T.);
#1745 = ORIENTED_EDGE('',*,*,#1268,.T.);
#1746 = ADVANCED_FACE('',(#1747),#1254,.F.);
#1747 = FACE_BOUND('',#1748,.F.);
#1748 = EDGE_LOOP('',(#1749,#1768,#1769,#1788));
#1749 = ORIENTED_EDGE('',*,*,#1750,.T.);
#1750 = EDGE_CURVE('',#1211,#1670,#1751,.T.);
#1751 = SURFACE_CURVE('',#1752,(#1756,#1762),.PCURVE_S1.);
#1752 = LINE('',#1753,#1754);
#1753 = CARTESIAN_POINT('',(4.714770662411,-16.85292074575,5.5));
#1754 = VECTOR('',#1755,1.);
#1755 = DIRECTION('',(0.,0.,1.));
#1756 = PCURVE('',#1254,#1757);
#1757 = DEFINITIONAL_REPRESENTATION('',(#1758),#1761);
#1758 = B_SPLINE_CURVE_WITH_KNOTS('',1,(#1759,#1760),.UNSPECIFIED.,.F.,
  .F.,(2,2),(-5.5000006,5.999999999062E-07),.PIECEWISE_BEZIER_KNOTS.);
#1759 = CARTESIAN_POINT('',(4.985174983134,-5.5000006));
#1760 = CARTESIAN_POINT('',(4.985174983134,5.999999999062E-07));
#1761 = ( GEOMETRIC_REPRESENTATION_CONTEXT(2)
PARAMETRIC_REPRESENTATION_CONTEXT() REPRESENTATION_CONTEXT('2D SPACE',''
  ) );
#1762 = PCURVE('',#1227,#1763);
#1763 = DEFINITIONAL_REPRESENTATION('',(#1764),#1767);
#1764 = B_SPLINE_CURVE_WITH_KNOTS('',1,(#1765,#1766),.UNSPECIFIED.,.F.,
  .F.,(2,2),(-5.5,0.),.PIECEWISE_BEZIER_KNOTS.);
#1765 = CARTESIAN_POINT('',(3.684843634824,-5.5));
#1766 = CARTESIAN_POINT('',(3.684843634824,-8.881784197001E-16));
#1767 = ( GEOMETRIC_REPRESENTATION_CONTEXT(2)
PARAMETRIC_REPRESENTATION_CONTEXT() REPRESENTATION_CONTEXT('2D SPACE',''
  ) );
#1768 = ORIENTED_EDGE('',*,*,#1693,.F.);
#1769 = ORIENTED_EDGE('',*,*,#1770,.F.);
#1770 = EDGE_CURVE('',#890,#1411,#1771,.T.);
#1771 = SURFACE_CURVE('',#1772,(#1776,#1782),.PCURVE_S1.);
#1772 = LINE('',#1773,#1774);
#1773 = CARTESIAN_POINT('',(-4.712202473491E-15,-17.50000000183,5.5));
#1774 = VECTOR('',#1775,1.);
#1775 = DIRECTION('',(0.,0.,1.));
#1776 = PCURVE('',#1254,#1777);
#1777 = DEFINITIONAL_REPRESENTATION('',(#1778),#1781);
#1778 = B_SPLINE_CURVE_WITH_KNOTS('',1,(#1779,#1780),.UNSPECIFIED.,.F.,
  .F.,(2,2),(-5.5000006,5.999999999062E-07),.PIECEWISE_BEZIER_KNOTS.);
#1779 = CARTESIAN_POINT('',(4.712388980385,-5.5000006));
#1780 = CARTESIAN_POINT('',(4.712388980385,5.999999999062E-07));
#1781 = ( GEOMETRIC_REPRESENTATION_CONTEXT(2)
PARAMETRIC_REPRESENTATION_CONTEXT() REPRESENTATION_CONTEXT('2D SPACE',''
  ) );
#1782 = PCURVE('',#911,#1783);
#1783 = DEFINITIONAL_REPRESENTATION('',(#1784),#1787);
#1784 = B_SPLINE_CURVE_WITH_KNOTS('',1,(#1785,#1786),.UNSPECIFIED.,.F.,
  .F.,(2,2),(-5.5000006,5.999999999062E-07),.PIECEWISE_BEZIER_KNOTS.);
#1785 = CARTESIAN_POINT('',(3.14159265359,-5.5000006));
#1786 = CARTESIAN_POINT('',(3.14159265359,5.999999990181E-07));
#1787 = ( GEOMETRIC_REPRESENTATION_CONTEXT(2)
PARAMETRIC_REPRESENTATION_CONTEXT() REPRESENTATION_CONTEXT('2D SPACE',''
  ) );
#1788 = ORIENTED_EDGE('',*,*,#1239,.T.);
#1789 = ADVANCED_FACE('',(#1790),#1227,.F.);
#1790 = FACE_BOUND('',#1791,.F.);
#1791 = EDGE_LOOP('',(#1792,#1793,#1812,#1813));
#1792 = ORIENTED_EDGE('',*,*,#1210,.T.);
#1793 = ORIENTED_EDGE('',*,*,#1794,.T.);
#1794 = EDGE_CURVE('',#1182,#1646,#1795,.T.);
#1795 = SURFACE_CURVE('',#1796,(#1800,#1806),.PCURVE_S1.);
#1796 = LINE('',#1797,#1798);
#1797 = CARTESIAN_POINT('',(7.748091070833,-15.69130602644,5.5));
#1798 = VECTOR('',#1799,1.);
#1799 = DIRECTION('',(0.,0.,1.));
#1800 = PCURVE('',#1227,#1801);
#1801 = DEFINITIONAL_REPRESENTATION('',(#1802),#1805);
#1802 = B_SPLINE_CURVE_WITH_KNOTS('',1,(#1803,#1804),.UNSPECIFIED.,.F.,
  .F.,(2,2),(-5.5,0.),.PIECEWISE_BEZIER_KNOTS.);
#1803 = CARTESIAN_POINT('',(6.471381513988,-5.5));
#1804 = CARTESIAN_POINT('',(6.471381513988,-8.881784197001E-16));
#1805 = ( GEOMETRIC_REPRESENTATION_CONTEXT(2)
PARAMETRIC_REPRESENTATION_CONTEXT() REPRESENTATION_CONTEXT('2D SPACE',''
  ) );
#1806 = PCURVE('',#1198,#1807);
#1807 = DEFINITIONAL_REPRESENTATION('',(#1808),#1811);
#1808 = B_SPLINE_CURVE_WITH_KNOTS('',1,(#1809,#1810),.UNSPECIFIED.,.F.,
  .F.,(2,2),(-5.5000006,5.999999999062E-07),.PIECEWISE_BEZIER_KNOTS.);
#1809 = CARTESIAN_POINT('',(5.171050165678,-5.5000006));
#1810 = CARTESIAN_POINT('',(5.171050165678,5.999999999062E-07));
#1811 = ( GEOMETRIC_REPRESENTATION_CONTEXT(2)
PARAMETRIC_REPRESENTATION_CONTEXT() REPRESENTATION_CONTEXT('2D SPACE',''
  ) );
#1812 = ORIENTED_EDGE('',*,*,#1669,.F.);
#1813 = ORIENTED_EDGE('',*,*,#1750,.F.);
#1814 = ADVANCED_FACE('',(#1815),#1198,.F.);
#1815 = FACE_BOUND('',#1816,.F.);
#1816 = EDGE_LOOP('',(#1817,#1818,#1819,#1820));
#1817 = ORIENTED_EDGE('',*,*,#1382,.F.);
#1818 = ORIENTED_EDGE('',*,*,#1645,.F.);
#1819 = ORIENTED_EDGE('',*,*,#1794,.F.);
#1820 = ORIENTED_EDGE('',*,*,#1181,.T.);
#1821 = ADVANCED_FACE('',(#1822),#1169,.F.);
#1822 = FACE_BOUND('',#1823,.F.);
#1823 = EDGE_LOOP('',(#1824,#1825,#1826,#1827));
#1824 = ORIENTED_EDGE('',*,*,#1623,.F.);
#1825 = ORIENTED_EDGE('',*,*,#1382,.T.);
#1826 = ORIENTED_EDGE('',*,*,#1152,.T.);
#1827 = ORIENTED_EDGE('',*,*,#1828,.T.);
#1828 = EDGE_CURVE('',#1124,#1600,#1829,.T.);
#1829 = SURFACE_CURVE('',#1830,(#1834,#1840),.PCURVE_S1.);
#1830 = LINE('',#1831,#1832);
#1831 = CARTESIAN_POINT('',(7.748091069875,15.691306023251,5.5));
#1832 = VECTOR('',#1833,1.);
#1833 = DIRECTION('',(0.,0.,1.));
#1834 = PCURVE('',#1169,#1835);
#1835 = DEFINITIONAL_REPRESENTATION('',(#1836),#1839);
#1836 = B_SPLINE_CURVE_WITH_KNOTS('',1,(#1837,#1838),.UNSPECIFIED.,.F.,
  .F.,(2,2),(-5.5000006,5.999999999062E-07),.PIECEWISE_BEZIER_KNOTS.);
#1837 = CARTESIAN_POINT('',(1.112135141563,-5.5000006));
#1838 = CARTESIAN_POINT('',(1.112135141563,5.999999999062E-07));
#1839 = ( GEOMETRIC_REPRESENTATION_CONTEXT(2)
PARAMETRIC_REPRESENTATION_CONTEXT() REPRESENTATION_CONTEXT('2D SPACE',''
  ) );
#1840 = PCURVE('',#1140,#1841);
#1841 = DEFINITIONAL_REPRESENTATION('',(#1842),#1845);
#1842 = B_SPLINE_CURVE_WITH_KNOTS('',1,(#1843,#1844),.UNSPECIFIED.,.F.,
  .F.,(2,2),(-5.5,0.),.PIECEWISE_BEZIER_KNOTS.);
#1843 = CARTESIAN_POINT('',(6.094989097266,-5.5));
#1844 = CARTESIAN_POINT('',(6.094989097266,-8.881784197001E-16));
#1845 = ( GEOMETRIC_REPRESENTATION_CONTEXT(2)
PARAMETRIC_REPRESENTATION_CONTEXT() REPRESENTATION_CONTEXT('2D SPACE',''
  ) );
#1846 = ADVANCED_FACE('',(#1847),#1140,.F.);
#1847 = FACE_BOUND('',#1848,.F.);
#1848 = EDGE_LOOP('',(#1849,#1850,#1869,#1870));
#1849 = ORIENTED_EDGE('',*,*,#1123,.T.);
#1850 = ORIENTED_EDGE('',*,*,#1851,.T.);
#1851 = EDGE_CURVE('',#1095,#1576,#1852,.T.);
#1852 = SURFACE_CURVE('',#1853,(#1857,#1863),.PCURVE_S1.);
#1853 = LINE('',#1854,#1855);
#1854 = CARTESIAN_POINT('',(4.714770659566,16.852920742881,5.5));
#1855 = VECTOR('',#1856,1.);
#1856 = DIRECTION('',(0.,0.,1.));
#1857 = PCURVE('',#1140,#1858);
#1858 = DEFINITIONAL_REPRESENTATION('',(#1859),#1862);
#1859 = B_SPLINE_CURVE_WITH_KNOTS('',1,(#1860,#1861),.UNSPECIFIED.,.F.,
  .F.,(2,2),(-5.5,0.),.PIECEWISE_BEZIER_KNOTS.);
#1860 = CARTESIAN_POINT('',(8.88152698287,-5.5));
#1861 = CARTESIAN_POINT('',(8.88152698287,-8.881784197001E-16));
#1862 = ( GEOMETRIC_REPRESENTATION_CONTEXT(2)
PARAMETRIC_REPRESENTATION_CONTEXT() REPRESENTATION_CONTEXT('2D SPACE',''
  ) );
#1863 = PCURVE('',#1111,#1864);
#1864 = DEFINITIONAL_REPRESENTATION('',(#1865),#1868);
#1865 = B_SPLINE_CURVE_WITH_KNOTS('',1,(#1866,#1867),.UNSPECIFIED.,.F.,
  .F.,(2,2),(-5.5000006,5.999999999062E-07),.PIECEWISE_BEZIER_KNOTS.);
#1866 = CARTESIAN_POINT('',(1.298010324214,-5.5000006));
#1867 = CARTESIAN_POINT('',(1.298010324214,5.999999999062E-07));
#1868 = ( GEOMETRIC_REPRESENTATION_CONTEXT(2)
PARAMETRIC_REPRESENTATION_CONTEXT() REPRESENTATION_CONTEXT('2D SPACE',''
  ) );
#1869 = ORIENTED_EDGE('',*,*,#1599,.F.);
#1870 = ORIENTED_EDGE('',*,*,#1828,.F.);
#1871 = ADVANCED_FACE('',(#1872),#1111,.F.);
#1872 = FACE_BOUND('',#1873,.F.);
#1873 = EDGE_LOOP('',(#1874,#1875,#1876,#1877));
#1874 = ORIENTED_EDGE('',*,*,#1575,.F.);
#1875 = ORIENTED_EDGE('',*,*,#1851,.F.);
#1876 = ORIENTED_EDGE('',*,*,#1094,.T.);
#1877 = ORIENTED_EDGE('',*,*,#1878,.T.);
#1878 = EDGE_CURVE('',#1066,#1552,#1879,.T.);
#1879 = SURFACE_CURVE('',#1880,(#1884,#1890),.PCURVE_S1.);
#1880 = LINE('',#1881,#1882);
#1881 = CARTESIAN_POINT('',(1.116468405792E-15,17.499999998164,5.5));
#1882 = VECTOR('',#1883,1.);
#1883 = DIRECTION('',(0.,0.,1.));
#1884 = PCURVE('',#1111,#1885);
#1885 = DEFINITIONAL_REPRESENTATION('',(#1886),#1889);
#1886 = B_SPLINE_CURVE_WITH_KNOTS('',1,(#1887,#1888),.UNSPECIFIED.,.F.,
  .F.,(2,2),(-5.5000006,5.999999999062E-07),.PIECEWISE_BEZIER_KNOTS.);
#1887 = CARTESIAN_POINT('',(1.570796326795,-5.5000006));
#1888 = CARTESIAN_POINT('',(1.570796326795,5.999999999062E-07));
#1889 = ( GEOMETRIC_REPRESENTATION_CONTEXT(2)
PARAMETRIC_REPRESENTATION_CONTEXT() REPRESENTATION_CONTEXT('2D SPACE',''
  ) );
#1890 = PCURVE('',#1082,#1891);
#1891 = DEFINITIONAL_REPRESENTATION('',(#1892),#1895);
#1892 = B_SPLINE_CURVE_WITH_KNOTS('',1,(#1893,#1894),.UNSPECIFIED.,.F.,
  .F.,(2,2),(-5.5000006,5.999999999062E-07),.PIECEWISE_BEZIER_KNOTS.);
#1893 = CARTESIAN_POINT('',(3.14159265359,-5.5000006));
#1894 = CARTESIAN_POINT('',(3.14159265359,5.999999990181E-07));
#1895 = ( GEOMETRIC_REPRESENTATION_CONTEXT(2)
PARAMETRIC_REPRESENTATION_CONTEXT() REPRESENTATION_CONTEXT('2D SPACE',''
  ) );
#1896 = ADVANCED_FACE('',(#1897),#1082,.F.);
#1897 = FACE_BOUND('',#1898,.F.);
#1898 = EDGE_LOOP('',(#1899,#1918,#1919,#1920));
#1899 = ORIENTED_EDGE('',*,*,#1900,.T.);
#1900 = EDGE_CURVE('',#1038,#1529,#1901,.T.);
#1901 = SURFACE_CURVE('',#1902,(#1906,#1912),.PCURVE_S1.);
#1902 = LINE('',#1903,#1904);
#1903 = CARTESIAN_POINT('',(2.291287846677,21.,5.5));
#1904 = VECTOR('',#1905,1.);
#1905 = DIRECTION('',(0.,-0.,1.));
#1906 = PCURVE('',#1082,#1907);
#1907 = DEFINITIONAL_REPRESENTATION('',(#1908),#1911);
#1908 = B_SPLINE_CURVE_WITH_KNOTS('',1,(#1909,#1910),.UNSPECIFIED.,.F.,
  .F.,(2,2),(-5.5000006,5.999999999062E-07),.PIECEWISE_BEZIER_KNOTS.);
#1909 = CARTESIAN_POINT('',(5.123905827253,-5.5000006));
#1910 = CARTESIAN_POINT('',(5.123905827253,5.999999999062E-07));
#1911 = ( GEOMETRIC_REPRESENTATION_CONTEXT(2)
PARAMETRIC_REPRESENTATION_CONTEXT() REPRESENTATION_CONTEXT('2D SPACE',''
  ) );
#1912 = PCURVE('',#1053,#1913);
#1913 = DEFINITIONAL_REPRESENTATION('',(#1914),#1917);
#1914 = B_SPLINE_CURVE_WITH_KNOTS('',1,(#1915,#1916),.UNSPECIFIED.,.F.,
  .F.,(2,2),(-5.5000006,5.999999999062E-07),.PIECEWISE_BEZIER_KNOTS.);
#1915 = CARTESIAN_POINT('',(31.791287846677,5.999999990181E-07));
#1916 = CARTESIAN_POINT('',(31.791287846677,-5.5000006));
#1917 = ( GEOMETRIC_REPRESENTATION_CONTEXT(2)
PARAMETRIC_REPRESENTATION_CONTEXT() REPRESENTATION_CONTEXT('2D SPACE',''
  ) );
#1918 = ORIENTED_EDGE('',*,*,#1551,.F.);
#1919 = ORIENTED_EDGE('',*,*,#1878,.F.);
#1920 = ORIENTED_EDGE('',*,*,#1065,.T.);
#1921 = ADVANCED_FACE('',(#1922),#1053,.T.);
#1922 = FACE_BOUND('',#1923,.T.);
#1923 = EDGE_LOOP('',(#1924,#1925,#1926,#1927));
#1924 = ORIENTED_EDGE('',*,*,#1037,.F.);
#1925 = ORIENTED_EDGE('',*,*,#1900,.T.);
#1926 = ORIENTED_EDGE('',*,*,#1528,.T.);
#1927 = ORIENTED_EDGE('',*,*,#1928,.F.);
#1928 = EDGE_CURVE('',#1009,#1505,#1929,.T.);
#1929 = SURFACE_CURVE('',#1930,(#1934,#1941),.PCURVE_S1.);
#1930 = LINE('',#1931,#1932);
#1931 = CARTESIAN_POINT('',(29.5,20.999999998165,0.));
#1932 = VECTOR('',#1933,1.);
#1933 = DIRECTION('',(0.,0.,1.));
#1934 = PCURVE('',#1053,#1935);
#1935 = DEFINITIONAL_REPRESENTATION('',(#1936),#1940);
#1936 = LINE('',#1937,#1938);
#1937 = CARTESIAN_POINT('',(59.,0.));
#1938 = VECTOR('',#1939,1.);
#1939 = DIRECTION('',(0.,-1.));
#1940 = ( GEOMETRIC_REPRESENTATION_CONTEXT(2)
PARAMETRIC_REPRESENTATION_CONTEXT() REPRESENTATION_CONTEXT('2D SPACE',''
  ) );
#1941 = PCURVE('',#1025,#1942);
#1942 = DEFINITIONAL_REPRESENTATION('',(#1943),#1947);
#1943 = LINE('',#1944,#1945);
#1944 = CARTESIAN_POINT('',(-1.570796326795,0.));
#1945 = VECTOR('',#1946,1.);
#1946 = DIRECTION('',(-0.,-1.));
#1947 = ( GEOMETRIC_REPRESENTATION_CONTEXT(2)
PARAMETRIC_REPRESENTATION_CONTEXT() REPRESENTATION_CONTEXT('2D SPACE',''
  ) );
#1948 = ADVANCED_FACE('',(#1949),#1025,.T.);
#1949 = FACE_BOUND('',#1950,.F.);
#1950 = EDGE_LOOP('',(#1951,#1972,#1973,#1974));
#1951 = ORIENTED_EDGE('',*,*,#1952,.T.);
#1952 = EDGE_CURVE('',#981,#1482,#1953,.T.);
#1953 = SURFACE_CURVE('',#1954,(#1958,#1965),.PCURVE_S1.);
#1954 = LINE('',#1955,#1956);
#1955 = CARTESIAN_POINT('',(32.5,17.99999999633,0.));
#1956 = VECTOR('',#1957,1.);
#1957 = DIRECTION('',(0.,0.,1.));
#1958 = PCURVE('',#1025,#1959);
#1959 = DEFINITIONAL_REPRESENTATION('',(#1960),#1964);
#1960 = LINE('',#1961,#1962);
#1961 = CARTESIAN_POINT('',(-0.,0.));
#1962 = VECTOR('',#1963,1.);
#1963 = DIRECTION('',(-0.,-1.));
#1964 = ( GEOMETRIC_REPRESENTATION_CONTEXT(2)
PARAMETRIC_REPRESENTATION_CONTEXT() REPRESENTATION_CONTEXT('2D SPACE',''
  ) );
#1965 = PCURVE('',#996,#1966);
#1966 = DEFINITIONAL_REPRESENTATION('',(#1967),#1971);
#1967 = LINE('',#1968,#1969);
#1968 = CARTESIAN_POINT('',(35.99999999633,0.));
#1969 = VECTOR('',#1970,1.);
#1970 = DIRECTION('',(0.,-1.));
#1971 = ( GEOMETRIC_REPRESENTATION_CONTEXT(2)
PARAMETRIC_REPRESENTATION_CONTEXT() REPRESENTATION_CONTEXT('2D SPACE',''
  ) );
#1972 = ORIENTED_EDGE('',*,*,#1504,.T.);
#1973 = ORIENTED_EDGE('',*,*,#1928,.F.);
#1974 = ORIENTED_EDGE('',*,*,#1008,.F.);
#1975 = ADVANCED_FACE('',(#1976),#996,.F.);
#1976 = FACE_BOUND('',#1977,.F.);
#1977 = EDGE_LOOP('',(#1978,#1999,#2000,#2001));
#1978 = ORIENTED_EDGE('',*,*,#1979,.T.);
#1979 = EDGE_CURVE('',#952,#1458,#1980,.T.);
#1980 = SURFACE_CURVE('',#1981,(#1985,#1992),.PCURVE_S1.);
#1981 = LINE('',#1982,#1983);
#1982 = CARTESIAN_POINT('',(32.5,-18.,0.));
#1983 = VECTOR('',#1984,1.);
#1984 = DIRECTION('',(0.,0.,1.));
#1985 = PCURVE('',#996,#1986);
#1986 = DEFINITIONAL_REPRESENTATION('',(#1987),#1991);
#1987 = LINE('',#1988,#1989);
#1988 = CARTESIAN_POINT('',(0.,0.));
#1989 = VECTOR('',#1990,1.);
#1990 = DIRECTION('',(0.,-1.));
#1991 = ( GEOMETRIC_REPRESENTATION_CONTEXT(2)
PARAMETRIC_REPRESENTATION_CONTEXT() REPRESENTATION_CONTEXT('2D SPACE',''
  ) );
#1992 = PCURVE('',#968,#1993);
#1993 = DEFINITIONAL_REPRESENTATION('',(#1994),#1998);
#1994 = LINE('',#1995,#1996);
#1995 = CARTESIAN_POINT('',(-6.28318530718,0.));
#1996 = VECTOR('',#1997,1.);
#1997 = DIRECTION('',(-0.,-1.));
#1998 = ( GEOMETRIC_REPRESENTATION_CONTEXT(2)
PARAMETRIC_REPRESENTATION_CONTEXT() REPRESENTATION_CONTEXT('2D SPACE',''
  ) );
#1999 = ORIENTED_EDGE('',*,*,#1481,.T.);
#2000 = ORIENTED_EDGE('',*,*,#1952,.F.);
#2001 = ORIENTED_EDGE('',*,*,#980,.F.);
#2002 = ADVANCED_FACE('',(#2003),#968,.T.);
#2003 = FACE_BOUND('',#2004,.F.);
#2004 = EDGE_LOOP('',(#2005,#2026,#2027,#2028));
#2005 = ORIENTED_EDGE('',*,*,#2006,.T.);
#2006 = EDGE_CURVE('',#924,#1435,#2007,.T.);
#2007 = SURFACE_CURVE('',#2008,(#2012,#2019),.PCURVE_S1.);
#2008 = LINE('',#2009,#2010);
#2009 = CARTESIAN_POINT('',(29.5,-21.,0.));
#2010 = VECTOR('',#2011,1.);
#2011 = DIRECTION('',(0.,0.,1.));
#2012 = PCURVE('',#968,#2013);
#2013 = DEFINITIONAL_REPRESENTATION('',(#2014),#2018);
#2014 = LINE('',#2015,#2016);
#2015 = CARTESIAN_POINT('',(-4.712388980385,0.));
#2016 = VECTOR('',#2017,1.);
#2017 = DIRECTION('',(-0.,-1.));
#2018 = ( GEOMETRIC_REPRESENTATION_CONTEXT(2)
PARAMETRIC_REPRESENTATION_CONTEXT() REPRESENTATION_CONTEXT('2D SPACE',''
  ) );
#2019 = PCURVE('',#939,#2020);
#2020 = DEFINITIONAL_REPRESENTATION('',(#2021),#2025);
#2021 = LINE('',#2022,#2023);
#2022 = CARTESIAN_POINT('',(59.,0.));
#2023 = VECTOR('',#2024,1.);
#2024 = DIRECTION('',(0.,-1.));
#2025 = ( GEOMETRIC_REPRESENTATION_CONTEXT(2)
PARAMETRIC_REPRESENTATION_CONTEXT() REPRESENTATION_CONTEXT('2D SPACE',''
  ) );
#2026 = ORIENTED_EDGE('',*,*,#1457,.T.);
#2027 = ORIENTED_EDGE('',*,*,#1979,.F.);
#2028 = ORIENTED_EDGE('',*,*,#951,.F.);
#2029 = ADVANCED_FACE('',(#2030),#939,.F.);
#2030 = FACE_BOUND('',#2031,.F.);
#2031 = EDGE_LOOP('',(#2032,#2033,#2052,#2053));
#2032 = ORIENTED_EDGE('',*,*,#923,.F.);
#2033 = ORIENTED_EDGE('',*,*,#2034,.T.);
#2034 = EDGE_CURVE('',#888,#1409,#2035,.T.);
#2035 = SURFACE_CURVE('',#2036,(#2040,#2046),.PCURVE_S1.);
#2036 = LINE('',#2037,#2038);
#2037 = CARTESIAN_POINT('',(2.291287848279,-21.,5.5));
#2038 = VECTOR('',#2039,1.);
#2039 = DIRECTION('',(0.,0.,1.));
#2040 = PCURVE('',#939,#2041);
#2041 = DEFINITIONAL_REPRESENTATION('',(#2042),#2045);
#2042 = B_SPLINE_CURVE_WITH_KNOTS('',1,(#2043,#2044),.UNSPECIFIED.,.F.,
  .F.,(2,2),(-5.5000006,5.999999999062E-07),.PIECEWISE_BEZIER_KNOTS.);
#2043 = CARTESIAN_POINT('',(31.791287848279,5.999999990181E-07));
#2044 = CARTESIAN_POINT('',(31.791287848279,-5.5000006));
#2045 = ( GEOMETRIC_REPRESENTATION_CONTEXT(2)
PARAMETRIC_REPRESENTATION_CONTEXT() REPRESENTATION_CONTEXT('2D SPACE',''
  ) );
#2046 = PCURVE('',#911,#2047);
#2047 = DEFINITIONAL_REPRESENTATION('',(#2048),#2051);
#2048 = B_SPLINE_CURVE_WITH_KNOTS('',1,(#2049,#2050),.UNSPECIFIED.,.F.,
  .F.,(2,2),(-5.5000006,5.999999999062E-07),.PIECEWISE_BEZIER_KNOTS.);
#2049 = CARTESIAN_POINT('',(1.159279481529,-5.5000006));
#2050 = CARTESIAN_POINT('',(1.159279481529,5.999999999062E-07));
#2051 = ( GEOMETRIC_REPRESENTATION_CONTEXT(2)
PARAMETRIC_REPRESENTATION_CONTEXT() REPRESENTATION_CONTEXT('2D SPACE',''
  ) );
#2052 = ORIENTED_EDGE('',*,*,#1434,.T.);
#2053 = ORIENTED_EDGE('',*,*,#2006,.F.);
#2054 = ADVANCED_FACE('',(#2055),#911,.F.);
#2055 = FACE_BOUND('',#2056,.F.);
#2056 = EDGE_LOOP('',(#2057,#2058,#2059,#2060));
#2057 = ORIENTED_EDGE('',*,*,#1408,.F.);
#2058 = ORIENTED_EDGE('',*,*,#2034,.F.);
#2059 = ORIENTED_EDGE('',*,*,#887,.T.);
#2060 = ORIENTED_EDGE('',*,*,#1770,.T.);
#2061 = ( GEOMETRIC_REPRESENTATION_CONTEXT(3)
GLOBAL_UNCERTAINTY_ASSIGNED_CONTEXT((#2065))
GLOBAL_UNIT_ASSIGNED_CONTEXT((#2062,#2063,#2064)) REPRESENTATION_CONTEXT
('Context #1','3D Context with UNIT and UNCERTAINTY') );
#2062 = ( LENGTH_UNIT() NAMED_UNIT(*) SI_UNIT(.MILLI.,.METRE.) );
#2063 = ( NAMED_UNIT(*) PLANE_ANGLE_UNIT() SI_UNIT($,.RADIAN.) );
#2064 = ( NAMED_UNIT(*) SI_UNIT($,.STERADIAN.) SOLID_ANGLE_UNIT() );
#2065 = UNCERTAINTY_MEASURE_WITH_UNIT(LENGTH_MEASURE(5.E-06),#2062,
  'distance_accuracy_value','confusion accuracy');
#2066 = PRODUCT_RELATED_PRODUCT_CATEGORY('part',$,(#7));
ENDSEC;
END-ISO-10303-21;
