ISO-10303-21;
HEADER;
FILE_DESCRIPTION(('Open CASCADE Model'),'2;1');
FILE_NAME('Open CASCADE Shape Model','2026-07-09T15:22:44',('Author'),(
    'Open CASCADE'),'Open CASCADE STEP processor 7.9','build123d',
  'Unknown');
FILE_SCHEMA(('AUTOMOTIVE_DESIGN { 1 0 10303 214 1 1 1 1 }'));
ENDSEC;
DATA;
#1 = APPLICATION_PROTOCOL_DEFINITION('international standard',
  'automotive_design',2000,#2);
#2 = APPLICATION_CONTEXT(
  'core data for automotive mechanical design processes');
#3 = SHAPE_DEFINITION_REPRESENTATION(#4,#10);
#4 = PRODUCT_DEFINITION_SHAPE('','',#5);
#5 = PRODUCT_DEFINITION('design','',#6,#9);
#6 = PRODUCT_DEFINITION_FORMATION('','',#7);
#7 = PRODUCT('COMPOUND','COMPOUND','',(#8));
#8 = PRODUCT_CONTEXT('',#2,'mechanical');
#9 = PRODUCT_DEFINITION_CONTEXT('part definition',#2,'design');
#10 = ADVANCED_BREP_SHAPE_REPRESENTATION('',(#11,#15),#3713);
#11 = AXIS2_PLACEMENT_3D('',#12,#13,#14);
#12 = CARTESIAN_POINT('',(0.,0.,0.));
#13 = DIRECTION('',(0.,0.,1.));
#14 = DIRECTION('',(1.,0.,-0.));
#15 = MANIFOLD_SOLID_BREP('',#16);
#16 = CLOSED_SHELL('',(#17,#193,#269,#569,#645,#772,#854,#1024,#1161,
    #1232,#1465,#1514,#1609,#1899,#1975,#2046,#2073,#2100,#2107,#2157,
    #2233,#2304,#2331,#2358,#2365,#2412,#2485,#2618,#2665,#2696,#2723,
    #2752,#2779,#2811,#2842,#2869,#2920,#2929,#2989,#3039,#3261,#3337,
    #3408,#3435,#3462,#3469,#3545,#3616,#3643,#3670,#3677,#3704));
#17 = ADVANCED_FACE('',(#18),#32,.T.);
#18 = FACE_BOUND('',#19,.T.);
#19 = EDGE_LOOP('',(#20,#55,#83,#111,#139,#167));
#20 = ORIENTED_EDGE('',*,*,#21,.F.);
#21 = EDGE_CURVE('',#22,#24,#26,.T.);
#22 = VERTEX_POINT('',#23);
#23 = CARTESIAN_POINT('',(-13.16666666666,-17.2,1.));
#24 = VERTEX_POINT('',#25);
#25 = CARTESIAN_POINT('',(-13.16666666666,-15.5,1.));
#26 = SURFACE_CURVE('',#27,(#31,#43),.PCURVE_S1.);
#27 = LINE('',#28,#29);
#28 = CARTESIAN_POINT('',(-13.16666666666,-18.5,1.));
#29 = VECTOR('',#30,1.);
#30 = DIRECTION('',(0.,1.,0.));
#31 = PCURVE('',#32,#37);
#32 = PLANE('',#33);
#33 = AXIS2_PLACEMENT_3D('',#34,#35,#36);
#34 = CARTESIAN_POINT('',(-13.16666666666,-18.5,-1.));
#35 = DIRECTION('',(1.,0.,0.));
#36 = DIRECTION('',(0.,0.,1.));
#37 = DEFINITIONAL_REPRESENTATION('',(#38),#42);
#38 = LINE('',#39,#40);
#39 = CARTESIAN_POINT('',(2.,0.));
#40 = VECTOR('',#41,1.);
#41 = DIRECTION('',(0.,-1.));
<<<<<<< Updated upstream
#42 = ( GEOMETRIC_REPRESENTATION_CONTEXT(2)
=======
#42 = ( GEOMETRIC_REPRESENTATION_CONTEXT(2)
>>>>>>> Stashed changes
PARAMETRIC_REPRESENTATION_CONTEXT() REPRESENTATION_CONTEXT('2D SPACE',''
  ) );
#43 = PCURVE('',#44,#49);
#44 = PLANE('',#45);
#45 = AXIS2_PLACEMENT_3D('',#46,#47,#48);
#46 = CARTESIAN_POINT('',(-13.16666666666,-18.5,1.));
#47 = DIRECTION('',(0.,0.,1.));
#48 = DIRECTION('',(1.,0.,0.));
#49 = DEFINITIONAL_REPRESENTATION('',(#50),#54);
#50 = LINE('',#51,#52);
#51 = CARTESIAN_POINT('',(0.,0.));
#52 = VECTOR('',#53,1.);
#53 = DIRECTION('',(0.,1.));
<<<<<<< Updated upstream
#54 = ( GEOMETRIC_REPRESENTATION_CONTEXT(2)
=======
#54 = ( GEOMETRIC_REPRESENTATION_CONTEXT(2)
>>>>>>> Stashed changes
PARAMETRIC_REPRESENTATION_CONTEXT() REPRESENTATION_CONTEXT('2D SPACE',''
  ) );
#55 = ORIENTED_EDGE('',*,*,#56,.T.);
#56 = EDGE_CURVE('',#22,#57,#59,.T.);
#57 = VERTEX_POINT('',#58);
#58 = CARTESIAN_POINT('',(-13.16666666666,-17.2,-1.));
#59 = SURFACE_CURVE('',#60,(#64,#71),.PCURVE_S1.);
#60 = LINE('',#61,#62);
#61 = CARTESIAN_POINT('',(-13.16666666666,-17.2,1.));
#62 = VECTOR('',#63,1.);
#63 = DIRECTION('',(0.,0.,-1.));
#64 = PCURVE('',#32,#65);
#65 = DEFINITIONAL_REPRESENTATION('',(#66),#70);
#66 = LINE('',#67,#68);
#67 = CARTESIAN_POINT('',(2.,-1.3));
#68 = VECTOR('',#69,1.);
#69 = DIRECTION('',(-1.,0.));
<<<<<<< Updated upstream
#70 = ( GEOMETRIC_REPRESENTATION_CONTEXT(2)
=======
#70 = ( GEOMETRIC_REPRESENTATION_CONTEXT(2)
>>>>>>> Stashed changes
PARAMETRIC_REPRESENTATION_CONTEXT() REPRESENTATION_CONTEXT('2D SPACE',''
  ) );
#71 = PCURVE('',#72,#77);
#72 = PLANE('',#73);
#73 = AXIS2_PLACEMENT_3D('',#74,#75,#76);
#74 = CARTESIAN_POINT('',(-13.31666666666,-17.35,1.));
#75 = DIRECTION('',(-0.707106781187,0.707106781187,0.));
#76 = DIRECTION('',(0.,0.,-1.));
#77 = DEFINITIONAL_REPRESENTATION('',(#78),#82);
#78 = LINE('',#79,#80);
#79 = CARTESIAN_POINT('',(0.,-0.212132034356));
#80 = VECTOR('',#81,1.);
#81 = DIRECTION('',(1.,0.));
<<<<<<< Updated upstream
#82 = ( GEOMETRIC_REPRESENTATION_CONTEXT(2)
=======
#82 = ( GEOMETRIC_REPRESENTATION_CONTEXT(2)
>>>>>>> Stashed changes
PARAMETRIC_REPRESENTATION_CONTEXT() REPRESENTATION_CONTEXT('2D SPACE',''
  ) );
#83 = ORIENTED_EDGE('',*,*,#84,.T.);
#84 = EDGE_CURVE('',#57,#85,#87,.T.);
#85 = VERTEX_POINT('',#86);
#86 = CARTESIAN_POINT('',(-13.16666666666,17.2,-1.));
#87 = SURFACE_CURVE('',#88,(#92,#99),.PCURVE_S1.);
#88 = LINE('',#89,#90);
#89 = CARTESIAN_POINT('',(-13.16666666666,-18.5,-1.));
#90 = VECTOR('',#91,1.);
#91 = DIRECTION('',(0.,1.,0.));
#92 = PCURVE('',#32,#93);
#93 = DEFINITIONAL_REPRESENTATION('',(#94),#98);
#94 = LINE('',#95,#96);
#95 = CARTESIAN_POINT('',(0.,0.));
#96 = VECTOR('',#97,1.);
#97 = DIRECTION('',(0.,-1.));
<<<<<<< Updated upstream
#98 = ( GEOMETRIC_REPRESENTATION_CONTEXT(2)
=======
#98 = ( GEOMETRIC_REPRESENTATION_CONTEXT(2)
>>>>>>> Stashed changes
PARAMETRIC_REPRESENTATION_CONTEXT() REPRESENTATION_CONTEXT('2D SPACE',''
  ) );
#99 = PCURVE('',#100,#105);
#100 = PLANE('',#101);
#101 = AXIS2_PLACEMENT_3D('',#102,#103,#104);
#102 = CARTESIAN_POINT('',(-35.,-17.5,-1.));
#103 = DIRECTION('',(0.,0.,1.));
#104 = DIRECTION('',(1.,0.,-0.));
#105 = DEFINITIONAL_REPRESENTATION('',(#106),#110);
#106 = LINE('',#107,#108);
#107 = CARTESIAN_POINT('',(21.833333333333,-1.));
#108 = VECTOR('',#109,1.);
#109 = DIRECTION('',(0.,1.));
<<<<<<< Updated upstream
#110 = ( GEOMETRIC_REPRESENTATION_CONTEXT(2)
=======
#110 = ( GEOMETRIC_REPRESENTATION_CONTEXT(2)
>>>>>>> Stashed changes
PARAMETRIC_REPRESENTATION_CONTEXT() REPRESENTATION_CONTEXT('2D SPACE',''
  ) );
#111 = ORIENTED_EDGE('',*,*,#112,.F.);
#112 = EDGE_CURVE('',#113,#85,#115,.T.);
#113 = VERTEX_POINT('',#114);
#114 = CARTESIAN_POINT('',(-13.16666666666,17.2,1.));
#115 = SURFACE_CURVE('',#116,(#120,#127),.PCURVE_S1.);
#116 = LINE('',#117,#118);
#117 = CARTESIAN_POINT('',(-13.16666666666,17.2,1.));
#118 = VECTOR('',#119,1.);
#119 = DIRECTION('',(0.,0.,-1.));
#120 = PCURVE('',#32,#121);
#121 = DEFINITIONAL_REPRESENTATION('',(#122),#126);
#122 = LINE('',#123,#124);
#123 = CARTESIAN_POINT('',(2.,-35.7));
#124 = VECTOR('',#125,1.);
#125 = DIRECTION('',(-1.,0.));
<<<<<<< Updated upstream
#126 = ( GEOMETRIC_REPRESENTATION_CONTEXT(2)
=======
#126 = ( GEOMETRIC_REPRESENTATION_CONTEXT(2)
>>>>>>> Stashed changes
PARAMETRIC_REPRESENTATION_CONTEXT() REPRESENTATION_CONTEXT('2D SPACE',''
  ) );
#127 = PCURVE('',#128,#133);
#128 = PLANE('',#129);
#129 = AXIS2_PLACEMENT_3D('',#130,#131,#132);
#130 = CARTESIAN_POINT('',(-13.31666666666,17.35,1.));
#131 = DIRECTION('',(0.707106781187,0.707106781187,0.));
#132 = DIRECTION('',(0.,0.,-1.));
#133 = DEFINITIONAL_REPRESENTATION('',(#134),#138);
#134 = LINE('',#135,#136);
#135 = CARTESIAN_POINT('',(0.,-0.212132034356));
#136 = VECTOR('',#137,1.);
#137 = DIRECTION('',(1.,0.));
<<<<<<< Updated upstream
#138 = ( GEOMETRIC_REPRESENTATION_CONTEXT(2)
=======
#138 = ( GEOMETRIC_REPRESENTATION_CONTEXT(2)
>>>>>>> Stashed changes
PARAMETRIC_REPRESENTATION_CONTEXT() REPRESENTATION_CONTEXT('2D SPACE',''
  ) );
#139 = ORIENTED_EDGE('',*,*,#140,.F.);
#140 = EDGE_CURVE('',#141,#113,#143,.T.);
#141 = VERTEX_POINT('',#142);
#142 = CARTESIAN_POINT('',(-13.16666666666,15.5,1.));
#143 = SURFACE_CURVE('',#144,(#148,#155),.PCURVE_S1.);
#144 = LINE('',#145,#146);
#145 = CARTESIAN_POINT('',(-13.16666666666,-18.5,1.));
#146 = VECTOR('',#147,1.);
#147 = DIRECTION('',(0.,1.,0.));
#148 = PCURVE('',#32,#149);
#149 = DEFINITIONAL_REPRESENTATION('',(#150),#154);
#150 = LINE('',#151,#152);
#151 = CARTESIAN_POINT('',(2.,0.));
#152 = VECTOR('',#153,1.);
#153 = DIRECTION('',(0.,-1.));
<<<<<<< Updated upstream
#154 = ( GEOMETRIC_REPRESENTATION_CONTEXT(2)
=======
#154 = ( GEOMETRIC_REPRESENTATION_CONTEXT(2)
>>>>>>> Stashed changes
PARAMETRIC_REPRESENTATION_CONTEXT() REPRESENTATION_CONTEXT('2D SPACE',''
  ) );
#155 = PCURVE('',#156,#161);
#156 = PLANE('',#157);
#157 = AXIS2_PLACEMENT_3D('',#158,#159,#160);
#158 = CARTESIAN_POINT('',(-13.16666666666,-18.5,1.));
#159 = DIRECTION('',(0.,0.,1.));
#160 = DIRECTION('',(1.,0.,0.));
#161 = DEFINITIONAL_REPRESENTATION('',(#162),#166);
#162 = LINE('',#163,#164);
#163 = CARTESIAN_POINT('',(0.,0.));
#164 = VECTOR('',#165,1.);
#165 = DIRECTION('',(0.,1.));
<<<<<<< Updated upstream
#166 = ( GEOMETRIC_REPRESENTATION_CONTEXT(2)
=======
#166 = ( GEOMETRIC_REPRESENTATION_CONTEXT(2)
>>>>>>> Stashed changes
PARAMETRIC_REPRESENTATION_CONTEXT() REPRESENTATION_CONTEXT('2D SPACE',''
  ) );
#167 = ORIENTED_EDGE('',*,*,#168,.F.);
#168 = EDGE_CURVE('',#24,#141,#169,.T.);
#169 = SURFACE_CURVE('',#170,(#174,#181),.PCURVE_S1.);
#170 = LINE('',#171,#172);
#171 = CARTESIAN_POINT('',(-13.16666666666,-18.5,1.));
#172 = VECTOR('',#173,1.);
#173 = DIRECTION('',(0.,1.,0.));
#174 = PCURVE('',#32,#175);
#175 = DEFINITIONAL_REPRESENTATION('',(#176),#180);
#176 = LINE('',#177,#178);
#177 = CARTESIAN_POINT('',(2.,0.));
#178 = VECTOR('',#179,1.);
#179 = DIRECTION('',(0.,-1.));
<<<<<<< Updated upstream
#180 = ( GEOMETRIC_REPRESENTATION_CONTEXT(2)
=======
#180 = ( GEOMETRIC_REPRESENTATION_CONTEXT(2)
>>>>>>> Stashed changes
PARAMETRIC_REPRESENTATION_CONTEXT() REPRESENTATION_CONTEXT('2D SPACE',''
  ) );
#181 = PCURVE('',#182,#187);
#182 = PLANE('',#183);
#183 = AXIS2_PLACEMENT_3D('',#184,#185,#186);
#184 = CARTESIAN_POINT('',(-35.,-17.5,1.));
#185 = DIRECTION('',(0.,0.,1.));
#186 = DIRECTION('',(1.,0.,-0.));
#187 = DEFINITIONAL_REPRESENTATION('',(#188),#192);
#188 = LINE('',#189,#190);
#189 = CARTESIAN_POINT('',(21.833333333333,-1.));
#190 = VECTOR('',#191,1.);
#191 = DIRECTION('',(0.,1.));
<<<<<<< Updated upstream
#192 = ( GEOMETRIC_REPRESENTATION_CONTEXT(2)
=======
#192 = ( GEOMETRIC_REPRESENTATION_CONTEXT(2)
>>>>>>> Stashed changes
PARAMETRIC_REPRESENTATION_CONTEXT() REPRESENTATION_CONTEXT('2D SPACE',''
  ) );
#193 = ADVANCED_FACE('',(#194),#128,.T.);
#194 = FACE_BOUND('',#195,.T.);
#195 = EDGE_LOOP('',(#196,#219,#220,#243));
#196 = ORIENTED_EDGE('',*,*,#197,.F.);
#197 = EDGE_CURVE('',#113,#198,#200,.T.);
#198 = VERTEX_POINT('',#199);
#199 = CARTESIAN_POINT('',(-13.46666666666,17.5,1.));
#200 = SURFACE_CURVE('',#201,(#205,#212),.PCURVE_S1.);
#201 = LINE('',#202,#203);
#202 = CARTESIAN_POINT('',(-4.316666666667,8.35,1.));
#203 = VECTOR('',#204,1.);
#204 = DIRECTION('',(-0.707106781187,0.707106781187,-0.));
#205 = PCURVE('',#128,#206);
#206 = DEFINITIONAL_REPRESENTATION('',(#207),#211);
#207 = LINE('',#208,#209);
#208 = CARTESIAN_POINT('',(0.,-12.72792206135));
#209 = VECTOR('',#210,1.);
#210 = DIRECTION('',(0.,1.));
<<<<<<< Updated upstream
#211 = ( GEOMETRIC_REPRESENTATION_CONTEXT(2)
=======
#211 = ( GEOMETRIC_REPRESENTATION_CONTEXT(2)
>>>>>>> Stashed changes
PARAMETRIC_REPRESENTATION_CONTEXT() REPRESENTATION_CONTEXT('2D SPACE',''
  ) );
#212 = PCURVE('',#156,#213);
#213 = DEFINITIONAL_REPRESENTATION('',(#214),#218);
#214 = LINE('',#215,#216);
#215 = CARTESIAN_POINT('',(8.85,26.85));
#216 = VECTOR('',#217,1.);
#217 = DIRECTION('',(-0.707106781187,0.707106781187));
<<<<<<< Updated upstream
#218 = ( GEOMETRIC_REPRESENTATION_CONTEXT(2)
=======
#218 = ( GEOMETRIC_REPRESENTATION_CONTEXT(2)
>>>>>>> Stashed changes
PARAMETRIC_REPRESENTATION_CONTEXT() REPRESENTATION_CONTEXT('2D SPACE',''
  ) );
#219 = ORIENTED_EDGE('',*,*,#112,.T.);
#220 = ORIENTED_EDGE('',*,*,#221,.T.);
#221 = EDGE_CURVE('',#85,#222,#224,.T.);
#222 = VERTEX_POINT('',#223);
#223 = CARTESIAN_POINT('',(-13.46666666666,17.5,-1.));
#224 = SURFACE_CURVE('',#225,(#229,#236),.PCURVE_S1.);
#225 = LINE('',#226,#227);
#226 = CARTESIAN_POINT('',(-10.025,14.058333333333,-1.));
#227 = VECTOR('',#228,1.);
#228 = DIRECTION('',(-0.707106781187,0.707106781187,-0.));
#229 = PCURVE('',#128,#230);
#230 = DEFINITIONAL_REPRESENTATION('',(#231),#235);
#231 = LINE('',#232,#233);
#232 = CARTESIAN_POINT('',(2.,-4.655119642811));
#233 = VECTOR('',#234,1.);
#234 = DIRECTION('',(0.,1.));
<<<<<<< Updated upstream
#235 = ( GEOMETRIC_REPRESENTATION_CONTEXT(2)
=======
#235 = ( GEOMETRIC_REPRESENTATION_CONTEXT(2)
>>>>>>> Stashed changes
PARAMETRIC_REPRESENTATION_CONTEXT() REPRESENTATION_CONTEXT('2D SPACE',''
  ) );
#236 = PCURVE('',#100,#237);
#237 = DEFINITIONAL_REPRESENTATION('',(#238),#242);
#238 = LINE('',#239,#240);
#239 = CARTESIAN_POINT('',(24.975,31.558333333333));
#240 = VECTOR('',#241,1.);
#241 = DIRECTION('',(-0.707106781187,0.707106781187));
<<<<<<< Updated upstream
#242 = ( GEOMETRIC_REPRESENTATION_CONTEXT(2)
=======
#242 = ( GEOMETRIC_REPRESENTATION_CONTEXT(2)
>>>>>>> Stashed changes
PARAMETRIC_REPRESENTATION_CONTEXT() REPRESENTATION_CONTEXT('2D SPACE',''
  ) );
#243 = ORIENTED_EDGE('',*,*,#244,.F.);
#244 = EDGE_CURVE('',#198,#222,#245,.T.);
#245 = SURFACE_CURVE('',#246,(#250,#257),.PCURVE_S1.);
#246 = LINE('',#247,#248);
#247 = CARTESIAN_POINT('',(-13.46666666666,17.5,1.));
#248 = VECTOR('',#249,1.);
#249 = DIRECTION('',(0.,0.,-1.));
#250 = PCURVE('',#128,#251);
#251 = DEFINITIONAL_REPRESENTATION('',(#252),#256);
#252 = LINE('',#253,#254);
#253 = CARTESIAN_POINT('',(0.,0.212132034356));
#254 = VECTOR('',#255,1.);
#255 = DIRECTION('',(1.,0.));
<<<<<<< Updated upstream
#256 = ( GEOMETRIC_REPRESENTATION_CONTEXT(2)
=======
#256 = ( GEOMETRIC_REPRESENTATION_CONTEXT(2)
>>>>>>> Stashed changes
PARAMETRIC_REPRESENTATION_CONTEXT() REPRESENTATION_CONTEXT('2D SPACE',''
  ) );
#257 = PCURVE('',#258,#263);
#258 = PLANE('',#259);
#259 = AXIS2_PLACEMENT_3D('',#260,#261,#262);
#260 = CARTESIAN_POINT('',(-35.,17.5,-1.));
#261 = DIRECTION('',(-0.,1.,0.));
#262 = DIRECTION('',(0.,0.,1.));
#263 = DEFINITIONAL_REPRESENTATION('',(#264),#268);
#264 = LINE('',#265,#266);
#265 = CARTESIAN_POINT('',(2.,21.533333333333));
#266 = VECTOR('',#267,1.);
#267 = DIRECTION('',(-1.,0.));
<<<<<<< Updated upstream
#268 = ( GEOMETRIC_REPRESENTATION_CONTEXT(2)
=======
#268 = ( GEOMETRIC_REPRESENTATION_CONTEXT(2)
>>>>>>> Stashed changes
PARAMETRIC_REPRESENTATION_CONTEXT() REPRESENTATION_CONTEXT('2D SPACE',''
  ) );
#269 = ADVANCED_FACE('',(#270),#258,.T.);
#270 = FACE_BOUND('',#271,.T.);
#271 = EDGE_LOOP('',(#272,#295,#323,#351,#379,#407,#435,#463,#491,#519,
    #547,#568));
#272 = ORIENTED_EDGE('',*,*,#273,.F.);
#273 = EDGE_CURVE('',#274,#222,#276,.T.);
#274 = VERTEX_POINT('',#275);
#275 = CARTESIAN_POINT('',(-35.,17.5,-1.));
#276 = SURFACE_CURVE('',#277,(#281,#288),.PCURVE_S1.);
#277 = LINE('',#278,#279);
#278 = CARTESIAN_POINT('',(-35.,17.5,-1.));
#279 = VECTOR('',#280,1.);
#280 = DIRECTION('',(1.,0.,-0.));
#281 = PCURVE('',#258,#282);
#282 = DEFINITIONAL_REPRESENTATION('',(#283),#287);
#283 = LINE('',#284,#285);
#284 = CARTESIAN_POINT('',(0.,0.));
#285 = VECTOR('',#286,1.);
#286 = DIRECTION('',(0.,1.));
<<<<<<< Updated upstream
#287 = ( GEOMETRIC_REPRESENTATION_CONTEXT(2)
=======
#287 = ( GEOMETRIC_REPRESENTATION_CONTEXT(2)
>>>>>>> Stashed changes
PARAMETRIC_REPRESENTATION_CONTEXT() REPRESENTATION_CONTEXT('2D SPACE',''
  ) );
#288 = PCURVE('',#100,#289);
#289 = DEFINITIONAL_REPRESENTATION('',(#290),#294);
#290 = LINE('',#291,#292);
#291 = CARTESIAN_POINT('',(0.,35.));
#292 = VECTOR('',#293,1.);
#293 = DIRECTION('',(1.,0.));
<<<<<<< Updated upstream
#294 = ( GEOMETRIC_REPRESENTATION_CONTEXT(2)
=======
#294 = ( GEOMETRIC_REPRESENTATION_CONTEXT(2)
>>>>>>> Stashed changes
PARAMETRIC_REPRESENTATION_CONTEXT() REPRESENTATION_CONTEXT('2D SPACE',''
  ) );
#295 = ORIENTED_EDGE('',*,*,#296,.F.);
#296 = EDGE_CURVE('',#297,#274,#299,.T.);
#297 = VERTEX_POINT('',#298);
#298 = CARTESIAN_POINT('',(-35.,17.5,20.));
#299 = SURFACE_CURVE('',#300,(#304,#311),.PCURVE_S1.);
#300 = LINE('',#301,#302);
#301 = CARTESIAN_POINT('',(-35.,17.5,20.));
#302 = VECTOR('',#303,1.);
#303 = DIRECTION('',(0.,0.,-1.));
#304 = PCURVE('',#258,#305);
#305 = DEFINITIONAL_REPRESENTATION('',(#306),#310);
#306 = LINE('',#307,#308);
#307 = CARTESIAN_POINT('',(21.,0.));
#308 = VECTOR('',#309,1.);
#309 = DIRECTION('',(-1.,0.));
<<<<<<< Updated upstream
#310 = ( GEOMETRIC_REPRESENTATION_CONTEXT(2)
=======
#310 = ( GEOMETRIC_REPRESENTATION_CONTEXT(2)
>>>>>>> Stashed changes
PARAMETRIC_REPRESENTATION_CONTEXT() REPRESENTATION_CONTEXT('2D SPACE',''
  ) );
#311 = PCURVE('',#312,#317);
#312 = PLANE('',#313);
#313 = AXIS2_PLACEMENT_3D('',#314,#315,#316);
#314 = CARTESIAN_POINT('',(-35.,-17.5,-1.));
#315 = DIRECTION('',(1.,0.,-0.));
#316 = DIRECTION('',(0.,0.,1.));
#317 = DEFINITIONAL_REPRESENTATION('',(#318),#322);
#318 = LINE('',#319,#320);
#319 = CARTESIAN_POINT('',(21.,-35.));
#320 = VECTOR('',#321,1.);
#321 = DIRECTION('',(-1.,0.));
<<<<<<< Updated upstream
#322 = ( GEOMETRIC_REPRESENTATION_CONTEXT(2)
=======
#322 = ( GEOMETRIC_REPRESENTATION_CONTEXT(2)
>>>>>>> Stashed changes
PARAMETRIC_REPRESENTATION_CONTEXT() REPRESENTATION_CONTEXT('2D SPACE',''
  ) );
#323 = ORIENTED_EDGE('',*,*,#324,.T.);
#324 = EDGE_CURVE('',#297,#325,#327,.T.);
#325 = VERTEX_POINT('',#326);
#326 = CARTESIAN_POINT('',(35.,17.5,20.));
#327 = SURFACE_CURVE('',#328,(#332,#339),.PCURVE_S1.);
#328 = LINE('',#329,#330);
#329 = CARTESIAN_POINT('',(-35.,17.5,20.));
#330 = VECTOR('',#331,1.);
#331 = DIRECTION('',(1.,0.,0.));
#332 = PCURVE('',#258,#333);
#333 = DEFINITIONAL_REPRESENTATION('',(#334),#338);
#334 = LINE('',#335,#336);
#335 = CARTESIAN_POINT('',(21.,0.));
#336 = VECTOR('',#337,1.);
#337 = DIRECTION('',(0.,1.));
<<<<<<< Updated upstream
#338 = ( GEOMETRIC_REPRESENTATION_CONTEXT(2)
=======
#338 = ( GEOMETRIC_REPRESENTATION_CONTEXT(2)
>>>>>>> Stashed changes
PARAMETRIC_REPRESENTATION_CONTEXT() REPRESENTATION_CONTEXT('2D SPACE',''
  ) );
#339 = PCURVE('',#340,#345);
#340 = PLANE('',#341);
#341 = AXIS2_PLACEMENT_3D('',#342,#343,#344);
#342 = CARTESIAN_POINT('',(-35.,15.5,20.));
#343 = DIRECTION('',(0.,0.,1.));
#344 = DIRECTION('',(1.,0.,0.));
#345 = DEFINITIONAL_REPRESENTATION('',(#346),#350);
#346 = LINE('',#347,#348);
#347 = CARTESIAN_POINT('',(0.,2.));
#348 = VECTOR('',#349,1.);
#349 = DIRECTION('',(1.,0.));
<<<<<<< Updated upstream
#350 = ( GEOMETRIC_REPRESENTATION_CONTEXT(2)
=======
#350 = ( GEOMETRIC_REPRESENTATION_CONTEXT(2)
>>>>>>> Stashed changes
PARAMETRIC_REPRESENTATION_CONTEXT() REPRESENTATION_CONTEXT('2D SPACE',''
  ) );
#351 = ORIENTED_EDGE('',*,*,#352,.F.);
#352 = EDGE_CURVE('',#353,#325,#355,.T.);
#353 = VERTEX_POINT('',#354);
#354 = CARTESIAN_POINT('',(35.,17.5,-1.));
#355 = SURFACE_CURVE('',#356,(#360,#367),.PCURVE_S1.);
#356 = LINE('',#357,#358);
#357 = CARTESIAN_POINT('',(35.,17.5,-1.));
#358 = VECTOR('',#359,1.);
#359 = DIRECTION('',(0.,0.,1.));
#360 = PCURVE('',#258,#361);
#361 = DEFINITIONAL_REPRESENTATION('',(#362),#366);
#362 = LINE('',#363,#364);
#363 = CARTESIAN_POINT('',(0.,70.));
#364 = VECTOR('',#365,1.);
#365 = DIRECTION('',(1.,0.));
<<<<<<< Updated upstream
#366 = ( GEOMETRIC_REPRESENTATION_CONTEXT(2)
=======
#366 = ( GEOMETRIC_REPRESENTATION_CONTEXT(2)
>>>>>>> Stashed changes
PARAMETRIC_REPRESENTATION_CONTEXT() REPRESENTATION_CONTEXT('2D SPACE',''
  ) );
#367 = PCURVE('',#368,#373);
#368 = PLANE('',#369);
#369 = AXIS2_PLACEMENT_3D('',#370,#371,#372);
#370 = CARTESIAN_POINT('',(35.,-17.5,-1.));
#371 = DIRECTION('',(1.,0.,-0.));
#372 = DIRECTION('',(0.,0.,1.));
#373 = DEFINITIONAL_REPRESENTATION('',(#374),#378);
#374 = LINE('',#375,#376);
#375 = CARTESIAN_POINT('',(0.,-35.));
#376 = VECTOR('',#377,1.);
#377 = DIRECTION('',(1.,0.));
<<<<<<< Updated upstream
#378 = ( GEOMETRIC_REPRESENTATION_CONTEXT(2)
=======
#378 = ( GEOMETRIC_REPRESENTATION_CONTEXT(2)
>>>>>>> Stashed changes
PARAMETRIC_REPRESENTATION_CONTEXT() REPRESENTATION_CONTEXT('2D SPACE',''
  ) );
#379 = ORIENTED_EDGE('',*,*,#380,.F.);
#380 = EDGE_CURVE('',#381,#353,#383,.T.);
#381 = VERTEX_POINT('',#382);
#382 = CARTESIAN_POINT('',(13.466666666667,17.5,-1.));
#383 = SURFACE_CURVE('',#384,(#388,#395),.PCURVE_S1.);
#384 = LINE('',#385,#386);
#385 = CARTESIAN_POINT('',(-35.,17.5,-1.));
#386 = VECTOR('',#387,1.);
#387 = DIRECTION('',(1.,0.,-0.));
#388 = PCURVE('',#258,#389);
#389 = DEFINITIONAL_REPRESENTATION('',(#390),#394);
#390 = LINE('',#391,#392);
#391 = CARTESIAN_POINT('',(0.,0.));
#392 = VECTOR('',#393,1.);
#393 = DIRECTION('',(0.,1.));
#394 = ( GEOMETRIC_REPRESENTATION_CONTEXT(2)
PARAMETRIC_REPRESENTATION_CONTEXT() REPRESENTATION_CONTEXT('2D SPACE',''
  ) );
#395 = PCURVE('',#396,#401);
#396 = PLANE('',#397);
#397 = AXIS2_PLACEMENT_3D('',#398,#399,#400);
#398 = CARTESIAN_POINT('',(-35.,-17.5,-1.));
#399 = DIRECTION('',(0.,0.,1.));
#400 = DIRECTION('',(1.,0.,-0.));
#401 = DEFINITIONAL_REPRESENTATION('',(#402),#406);
#402 = LINE('',#403,#404);
#403 = CARTESIAN_POINT('',(0.,35.));
#404 = VECTOR('',#405,1.);
#405 = DIRECTION('',(1.,0.));
<<<<<<< Updated upstream
#406 = ( GEOMETRIC_REPRESENTATION_CONTEXT(2)
=======
#406 = ( GEOMETRIC_REPRESENTATION_CONTEXT(2)
>>>>>>> Stashed changes
PARAMETRIC_REPRESENTATION_CONTEXT() REPRESENTATION_CONTEXT('2D SPACE',''
  ) );
#407 = ORIENTED_EDGE('',*,*,#408,.F.);
#408 = EDGE_CURVE('',#409,#381,#411,.T.);
#409 = VERTEX_POINT('',#410);
#410 = CARTESIAN_POINT('',(13.466666666667,17.5,1.));
#411 = SURFACE_CURVE('',#412,(#416,#423),.PCURVE_S1.);
#412 = LINE('',#413,#414);
#413 = CARTESIAN_POINT('',(13.466666666667,17.5,1.));
#414 = VECTOR('',#415,1.);
#415 = DIRECTION('',(0.,0.,-1.));
#416 = PCURVE('',#258,#417);
#417 = DEFINITIONAL_REPRESENTATION('',(#418),#422);
#418 = LINE('',#419,#420);
#419 = CARTESIAN_POINT('',(2.,48.466666666667));
#420 = VECTOR('',#421,1.);
#421 = DIRECTION('',(-1.,0.));
<<<<<<< Updated upstream
#422 = ( GEOMETRIC_REPRESENTATION_CONTEXT(2)
=======
#422 = ( GEOMETRIC_REPRESENTATION_CONTEXT(2)
>>>>>>> Stashed changes
PARAMETRIC_REPRESENTATION_CONTEXT() REPRESENTATION_CONTEXT('2D SPACE',''
  ) );
#423 = PCURVE('',#424,#429);
#424 = PLANE('',#425);
#425 = AXIS2_PLACEMENT_3D('',#426,#427,#428);
#426 = CARTESIAN_POINT('',(13.316666666667,17.35,1.));
#427 = DIRECTION('',(0.707106781187,-0.707106781187,0.));
#428 = DIRECTION('',(-0.,-0.,1.));
#429 = DEFINITIONAL_REPRESENTATION('',(#430),#434);
#430 = LINE('',#431,#432);
#431 = CARTESIAN_POINT('',(-0.,-0.212132034356));
#432 = VECTOR('',#433,1.);
#433 = DIRECTION('',(-1.,0.));
<<<<<<< Updated upstream
#434 = ( GEOMETRIC_REPRESENTATION_CONTEXT(2)
=======
#434 = ( GEOMETRIC_REPRESENTATION_CONTEXT(2)
>>>>>>> Stashed changes
PARAMETRIC_REPRESENTATION_CONTEXT() REPRESENTATION_CONTEXT('2D SPACE',''
  ) );
#435 = ORIENTED_EDGE('',*,*,#436,.T.);
#436 = EDGE_CURVE('',#409,#437,#439,.T.);
#437 = VERTEX_POINT('',#438);
#438 = CARTESIAN_POINT('',(9.866666666667,17.5,1.));
#439 = SURFACE_CURVE('',#440,(#444,#451),.PCURVE_S1.);
#440 = LINE('',#441,#442);
#441 = CARTESIAN_POINT('',(13.466666666667,17.5,1.));
#442 = VECTOR('',#443,1.);
#443 = DIRECTION('',(-1.,0.,0.));
#444 = PCURVE('',#258,#445);
#445 = DEFINITIONAL_REPRESENTATION('',(#446),#450);
#446 = LINE('',#447,#448);
#447 = CARTESIAN_POINT('',(2.,48.466666666667));
#448 = VECTOR('',#449,1.);
#449 = DIRECTION('',(0.,-1.));
#450 = ( GEOMETRIC_REPRESENTATION_CONTEXT(2)
PARAMETRIC_REPRESENTATION_CONTEXT() REPRESENTATION_CONTEXT('2D SPACE',''
  ) );
#451 = PCURVE('',#452,#457);
#452 = PLANE('',#453);
#453 = AXIS2_PLACEMENT_3D('',#454,#455,#456);
#454 = CARTESIAN_POINT('',(10.166666666667,-18.5,1.));
#455 = DIRECTION('',(0.,0.,1.));
#456 = DIRECTION('',(1.,0.,0.));
#457 = DEFINITIONAL_REPRESENTATION('',(#458),#462);
#458 = LINE('',#459,#460);
#459 = CARTESIAN_POINT('',(3.3,36.));
#460 = VECTOR('',#461,1.);
#461 = DIRECTION('',(-1.,0.));
<<<<<<< Updated upstream
#462 = ( GEOMETRIC_REPRESENTATION_CONTEXT(2)
=======
#462 = ( GEOMETRIC_REPRESENTATION_CONTEXT(2)
>>>>>>> Stashed changes
PARAMETRIC_REPRESENTATION_CONTEXT() REPRESENTATION_CONTEXT('2D SPACE',''
  ) );
#463 = ORIENTED_EDGE('',*,*,#464,.T.);
#464 = EDGE_CURVE('',#437,#465,#467,.T.);
#465 = VERTEX_POINT('',#466);
#466 = CARTESIAN_POINT('',(9.866666666667,17.5,-1.));
#467 = SURFACE_CURVE('',#468,(#472,#479),.PCURVE_S1.);
#468 = LINE('',#469,#470);
#469 = CARTESIAN_POINT('',(9.866666666667,17.5,1.));
#470 = VECTOR('',#471,1.);
#471 = DIRECTION('',(0.,0.,-1.));
#472 = PCURVE('',#258,#473);
#473 = DEFINITIONAL_REPRESENTATION('',(#474),#478);
#474 = LINE('',#475,#476);
#475 = CARTESIAN_POINT('',(2.,44.866666666667));
#476 = VECTOR('',#477,1.);
#477 = DIRECTION('',(-1.,0.));
<<<<<<< Updated upstream
#478 = ( GEOMETRIC_REPRESENTATION_CONTEXT(2)
=======
#478 = ( GEOMETRIC_REPRESENTATION_CONTEXT(2)
>>>>>>> Stashed changes
PARAMETRIC_REPRESENTATION_CONTEXT() REPRESENTATION_CONTEXT('2D SPACE',''
  ) );
#479 = PCURVE('',#480,#485);
#480 = PLANE('',#481);
#481 = AXIS2_PLACEMENT_3D('',#482,#483,#484);
#482 = CARTESIAN_POINT('',(10.016666666667,17.35,1.));
#483 = DIRECTION('',(0.707106781187,0.707106781187,0.));
#484 = DIRECTION('',(-0.,-0.,1.));
#485 = DEFINITIONAL_REPRESENTATION('',(#486),#490);
#486 = LINE('',#487,#488);
#487 = CARTESIAN_POINT('',(-0.,-0.212132034356));
#488 = VECTOR('',#489,1.);
#489 = DIRECTION('',(-1.,0.));
<<<<<<< Updated upstream
#490 = ( GEOMETRIC_REPRESENTATION_CONTEXT(2)
=======
#490 = ( GEOMETRIC_REPRESENTATION_CONTEXT(2)
>>>>>>> Stashed changes
PARAMETRIC_REPRESENTATION_CONTEXT() REPRESENTATION_CONTEXT('2D SPACE',''
  ) );
#491 = ORIENTED_EDGE('',*,*,#492,.F.);
#492 = EDGE_CURVE('',#493,#465,#495,.T.);
#493 = VERTEX_POINT('',#494);
#494 = CARTESIAN_POINT('',(-9.866666666667,17.5,-1.));
#495 = SURFACE_CURVE('',#496,(#500,#507),.PCURVE_S1.);
#496 = LINE('',#497,#498);
#497 = CARTESIAN_POINT('',(-35.,17.5,-1.));
#498 = VECTOR('',#499,1.);
#499 = DIRECTION('',(1.,0.,-0.));
#500 = PCURVE('',#258,#501);
#501 = DEFINITIONAL_REPRESENTATION('',(#502),#506);
#502 = LINE('',#503,#504);
#503 = CARTESIAN_POINT('',(0.,0.));
#504 = VECTOR('',#505,1.);
#505 = DIRECTION('',(0.,1.));
<<<<<<< Updated upstream
#506 = ( GEOMETRIC_REPRESENTATION_CONTEXT(2)
=======
#506 = ( GEOMETRIC_REPRESENTATION_CONTEXT(2)
>>>>>>> Stashed changes
PARAMETRIC_REPRESENTATION_CONTEXT() REPRESENTATION_CONTEXT('2D SPACE',''
  ) );
#507 = PCURVE('',#508,#513);
#508 = PLANE('',#509);
#509 = AXIS2_PLACEMENT_3D('',#510,#511,#512);
#510 = CARTESIAN_POINT('',(-35.,-17.5,-1.));
#511 = DIRECTION('',(0.,0.,1.));
#512 = DIRECTION('',(1.,0.,-0.));
#513 = DEFINITIONAL_REPRESENTATION('',(#514),#518);
#514 = LINE('',#515,#516);
#515 = CARTESIAN_POINT('',(0.,35.));
#516 = VECTOR('',#517,1.);
#517 = DIRECTION('',(1.,0.));
<<<<<<< Updated upstream
#518 = ( GEOMETRIC_REPRESENTATION_CONTEXT(2)
=======
#518 = ( GEOMETRIC_REPRESENTATION_CONTEXT(2)
>>>>>>> Stashed changes
PARAMETRIC_REPRESENTATION_CONTEXT() REPRESENTATION_CONTEXT('2D SPACE',''
  ) );
#519 = ORIENTED_EDGE('',*,*,#520,.F.);
#520 = EDGE_CURVE('',#521,#493,#523,.T.);
#521 = VERTEX_POINT('',#522);
#522 = CARTESIAN_POINT('',(-9.866666666667,17.5,1.));
#523 = SURFACE_CURVE('',#524,(#528,#535),.PCURVE_S1.);
#524 = LINE('',#525,#526);
#525 = CARTESIAN_POINT('',(-9.866666666667,17.5,1.));
#526 = VECTOR('',#527,1.);
#527 = DIRECTION('',(0.,0.,-1.));
#528 = PCURVE('',#258,#529);
#529 = DEFINITIONAL_REPRESENTATION('',(#530),#534);
#530 = LINE('',#531,#532);
#531 = CARTESIAN_POINT('',(2.,25.133333333333));
#532 = VECTOR('',#533,1.);
#533 = DIRECTION('',(-1.,0.));
<<<<<<< Updated upstream
#534 = ( GEOMETRIC_REPRESENTATION_CONTEXT(2)
=======
#534 = ( GEOMETRIC_REPRESENTATION_CONTEXT(2)
>>>>>>> Stashed changes
PARAMETRIC_REPRESENTATION_CONTEXT() REPRESENTATION_CONTEXT('2D SPACE',''
  ) );
#535 = PCURVE('',#536,#541);
#536 = PLANE('',#537);
#537 = AXIS2_PLACEMENT_3D('',#538,#539,#540);
#538 = CARTESIAN_POINT('',(-10.01666666666,17.35,1.));
#539 = DIRECTION('',(0.707106781187,-0.707106781187,0.));
#540 = DIRECTION('',(-0.,-0.,1.));
#541 = DEFINITIONAL_REPRESENTATION('',(#542),#546);
#542 = LINE('',#543,#544);
#543 = CARTESIAN_POINT('',(-0.,-0.212132034356));
#544 = VECTOR('',#545,1.);
#545 = DIRECTION('',(-1.,0.));
<<<<<<< Updated upstream
#546 = ( GEOMETRIC_REPRESENTATION_CONTEXT(2)
=======
#546 = ( GEOMETRIC_REPRESENTATION_CONTEXT(2)
>>>>>>> Stashed changes
PARAMETRIC_REPRESENTATION_CONTEXT() REPRESENTATION_CONTEXT('2D SPACE',''
  ) );
#547 = ORIENTED_EDGE('',*,*,#548,.F.);
#548 = EDGE_CURVE('',#198,#521,#549,.T.);
#549 = SURFACE_CURVE('',#550,(#554,#561),.PCURVE_S1.);
#550 = LINE('',#551,#552);
#551 = CARTESIAN_POINT('',(-13.46666666666,17.5,1.));
#552 = VECTOR('',#553,1.);
#553 = DIRECTION('',(1.,0.,0.));
#554 = PCURVE('',#258,#555);
#555 = DEFINITIONAL_REPRESENTATION('',(#556),#560);
#556 = LINE('',#557,#558);
#557 = CARTESIAN_POINT('',(2.,21.533333333333));
#558 = VECTOR('',#559,1.);
#559 = DIRECTION('',(0.,1.));
<<<<<<< Updated upstream
#560 = ( GEOMETRIC_REPRESENTATION_CONTEXT(2)
=======
#560 = ( GEOMETRIC_REPRESENTATION_CONTEXT(2)
>>>>>>> Stashed changes
PARAMETRIC_REPRESENTATION_CONTEXT() REPRESENTATION_CONTEXT('2D SPACE',''
  ) );
#561 = PCURVE('',#156,#562);
#562 = DEFINITIONAL_REPRESENTATION('',(#563),#567);
#563 = LINE('',#564,#565);
#564 = CARTESIAN_POINT('',(-0.3,36.));
#565 = VECTOR('',#566,1.);
#566 = DIRECTION('',(1.,0.));
<<<<<<< Updated upstream
#567 = ( GEOMETRIC_REPRESENTATION_CONTEXT(2)
=======
#567 = ( GEOMETRIC_REPRESENTATION_CONTEXT(2)
>>>>>>> Stashed changes
PARAMETRIC_REPRESENTATION_CONTEXT() REPRESENTATION_CONTEXT('2D SPACE',''
  ) );
#568 = ORIENTED_EDGE('',*,*,#244,.T.);
#569 = ADVANCED_FACE('',(#570),#536,.F.);
#570 = FACE_BOUND('',#571,.T.);
#571 = EDGE_LOOP('',(#572,#595,#596,#619));
#572 = ORIENTED_EDGE('',*,*,#573,.F.);
#573 = EDGE_CURVE('',#521,#574,#576,.T.);
#574 = VERTEX_POINT('',#575);
#575 = CARTESIAN_POINT('',(-10.16666666666,17.2,1.));
#576 = SURFACE_CURVE('',#577,(#581,#588),.PCURVE_S1.);
#577 = LINE('',#578,#579);
#578 = CARTESIAN_POINT('',(-19.76666666666,7.6,1.));
#579 = VECTOR('',#580,1.);
#580 = DIRECTION('',(-0.707106781187,-0.707106781187,0.));
#581 = PCURVE('',#536,#582);
#582 = DEFINITIONAL_REPRESENTATION('',(#583),#587);
#583 = LINE('',#584,#585);
#584 = CARTESIAN_POINT('',(0.,13.788582233138));
#585 = VECTOR('',#586,1.);
#586 = DIRECTION('',(0.,1.));
<<<<<<< Updated upstream
#587 = ( GEOMETRIC_REPRESENTATION_CONTEXT(2)
=======
#587 = ( GEOMETRIC_REPRESENTATION_CONTEXT(2)
>>>>>>> Stashed changes
PARAMETRIC_REPRESENTATION_CONTEXT() REPRESENTATION_CONTEXT('2D SPACE',''
  ) );
#588 = PCURVE('',#156,#589);
#589 = DEFINITIONAL_REPRESENTATION('',(#590),#594);
#590 = LINE('',#591,#592);
#591 = CARTESIAN_POINT('',(-6.6,26.1));
#592 = VECTOR('',#593,1.);
#593 = DIRECTION('',(-0.707106781187,-0.707106781187));
<<<<<<< Updated upstream
#594 = ( GEOMETRIC_REPRESENTATION_CONTEXT(2)
=======
#594 = ( GEOMETRIC_REPRESENTATION_CONTEXT(2)
>>>>>>> Stashed changes
PARAMETRIC_REPRESENTATION_CONTEXT() REPRESENTATION_CONTEXT('2D SPACE',''
  ) );
#595 = ORIENTED_EDGE('',*,*,#520,.T.);
#596 = ORIENTED_EDGE('',*,*,#597,.T.);
#597 = EDGE_CURVE('',#493,#598,#600,.T.);
#598 = VERTEX_POINT('',#599);
#599 = CARTESIAN_POINT('',(-10.16666666666,17.2,-1.));
#600 = SURFACE_CURVE('',#601,(#605,#612),.PCURVE_S1.);
#601 = LINE('',#602,#603);
#602 = CARTESIAN_POINT('',(-24.975,2.391666666667,-1.));
#603 = VECTOR('',#604,1.);
#604 = DIRECTION('',(-0.707106781187,-0.707106781187,0.));
#605 = PCURVE('',#536,#606);
#606 = DEFINITIONAL_REPRESENTATION('',(#607),#611);
#607 = LINE('',#608,#609);
#608 = CARTESIAN_POINT('',(-2.,21.154277870498));
#609 = VECTOR('',#610,1.);
#610 = DIRECTION('',(0.,1.));
<<<<<<< Updated upstream
#611 = ( GEOMETRIC_REPRESENTATION_CONTEXT(2)
=======
#611 = ( GEOMETRIC_REPRESENTATION_CONTEXT(2)
>>>>>>> Stashed changes
PARAMETRIC_REPRESENTATION_CONTEXT() REPRESENTATION_CONTEXT('2D SPACE',''
  ) );
#612 = PCURVE('',#508,#613);
#613 = DEFINITIONAL_REPRESENTATION('',(#614),#618);
#614 = LINE('',#615,#616);
#615 = CARTESIAN_POINT('',(10.025,19.891666666667));
#616 = VECTOR('',#617,1.);
#617 = DIRECTION('',(-0.707106781187,-0.707106781187));
<<<<<<< Updated upstream
#618 = ( GEOMETRIC_REPRESENTATION_CONTEXT(2)
=======
#618 = ( GEOMETRIC_REPRESENTATION_CONTEXT(2)
>>>>>>> Stashed changes
PARAMETRIC_REPRESENTATION_CONTEXT() REPRESENTATION_CONTEXT('2D SPACE',''
  ) );
#619 = ORIENTED_EDGE('',*,*,#620,.F.);
#620 = EDGE_CURVE('',#574,#598,#621,.T.);
#621 = SURFACE_CURVE('',#622,(#626,#633),.PCURVE_S1.);
#622 = LINE('',#623,#624);
#623 = CARTESIAN_POINT('',(-10.16666666666,17.2,1.));
#624 = VECTOR('',#625,1.);
#625 = DIRECTION('',(0.,0.,-1.));
#626 = PCURVE('',#536,#627);
#627 = DEFINITIONAL_REPRESENTATION('',(#628),#632);
#628 = LINE('',#629,#630);
#629 = CARTESIAN_POINT('',(-0.,0.212132034356));
#630 = VECTOR('',#631,1.);
#631 = DIRECTION('',(-1.,0.));
<<<<<<< Updated upstream
#632 = ( GEOMETRIC_REPRESENTATION_CONTEXT(2)
=======
#632 = ( GEOMETRIC_REPRESENTATION_CONTEXT(2)
>>>>>>> Stashed changes
PARAMETRIC_REPRESENTATION_CONTEXT() REPRESENTATION_CONTEXT('2D SPACE',''
  ) );
#633 = PCURVE('',#634,#639);
#634 = PLANE('',#635);
#635 = AXIS2_PLACEMENT_3D('',#636,#637,#638);
#636 = CARTESIAN_POINT('',(-10.16666666666,-18.5,-1.));
#637 = DIRECTION('',(1.,0.,0.));
#638 = DIRECTION('',(0.,0.,1.));
#639 = DEFINITIONAL_REPRESENTATION('',(#640),#644);
#640 = LINE('',#641,#642);
#641 = CARTESIAN_POINT('',(2.,-35.7));
#642 = VECTOR('',#643,1.);
#643 = DIRECTION('',(-1.,0.));
<<<<<<< Updated upstream
#644 = ( GEOMETRIC_REPRESENTATION_CONTEXT(2)
=======
#644 = ( GEOMETRIC_REPRESENTATION_CONTEXT(2)
>>>>>>> Stashed changes
PARAMETRIC_REPRESENTATION_CONTEXT() REPRESENTATION_CONTEXT('2D SPACE',''
  ) );
#645 = ADVANCED_FACE('',(#646),#634,.F.);
#646 = FACE_BOUND('',#647,.F.);
#647 = EDGE_LOOP('',(#648,#673,#701,#722,#723,#746));
#648 = ORIENTED_EDGE('',*,*,#649,.F.);
#649 = EDGE_CURVE('',#650,#652,#654,.T.);
#650 = VERTEX_POINT('',#651);
#651 = CARTESIAN_POINT('',(-10.16666666666,-17.2,1.));
#652 = VERTEX_POINT('',#653);
#653 = CARTESIAN_POINT('',(-10.16666666666,-15.5,1.));
#654 = SURFACE_CURVE('',#655,(#659,#666),.PCURVE_S1.);
#655 = LINE('',#656,#657);
#656 = CARTESIAN_POINT('',(-10.16666666666,-18.5,1.));
#657 = VECTOR('',#658,1.);
#658 = DIRECTION('',(0.,1.,0.));
#659 = PCURVE('',#634,#660);
#660 = DEFINITIONAL_REPRESENTATION('',(#661),#665);
#661 = LINE('',#662,#663);
#662 = CARTESIAN_POINT('',(2.,0.));
#663 = VECTOR('',#664,1.);
#664 = DIRECTION('',(0.,-1.));
<<<<<<< Updated upstream
#665 = ( GEOMETRIC_REPRESENTATION_CONTEXT(2)
=======
#665 = ( GEOMETRIC_REPRESENTATION_CONTEXT(2)
>>>>>>> Stashed changes
PARAMETRIC_REPRESENTATION_CONTEXT() REPRESENTATION_CONTEXT('2D SPACE',''
  ) );
#666 = PCURVE('',#44,#667);
#667 = DEFINITIONAL_REPRESENTATION('',(#668),#672);
#668 = LINE('',#669,#670);
#669 = CARTESIAN_POINT('',(3.,0.));
#670 = VECTOR('',#671,1.);
#671 = DIRECTION('',(0.,1.));
<<<<<<< Updated upstream
#672 = ( GEOMETRIC_REPRESENTATION_CONTEXT(2)
=======
#672 = ( GEOMETRIC_REPRESENTATION_CONTEXT(2)
>>>>>>> Stashed changes
PARAMETRIC_REPRESENTATION_CONTEXT() REPRESENTATION_CONTEXT('2D SPACE',''
  ) );
#673 = ORIENTED_EDGE('',*,*,#674,.T.);
#674 = EDGE_CURVE('',#650,#675,#677,.T.);
#675 = VERTEX_POINT('',#676);
#676 = CARTESIAN_POINT('',(-10.16666666666,-17.2,-1.));
#677 = SURFACE_CURVE('',#678,(#682,#689),.PCURVE_S1.);
#678 = LINE('',#679,#680);
#679 = CARTESIAN_POINT('',(-10.16666666666,-17.2,1.));
#680 = VECTOR('',#681,1.);
#681 = DIRECTION('',(0.,0.,-1.));
#682 = PCURVE('',#634,#683);
#683 = DEFINITIONAL_REPRESENTATION('',(#684),#688);
#684 = LINE('',#685,#686);
#685 = CARTESIAN_POINT('',(2.,-1.3));
#686 = VECTOR('',#687,1.);
#687 = DIRECTION('',(-1.,0.));
<<<<<<< Updated upstream
#688 = ( GEOMETRIC_REPRESENTATION_CONTEXT(2)
=======
#688 = ( GEOMETRIC_REPRESENTATION_CONTEXT(2)
>>>>>>> Stashed changes
PARAMETRIC_REPRESENTATION_CONTEXT() REPRESENTATION_CONTEXT('2D SPACE',''
  ) );
#689 = PCURVE('',#690,#695);
#690 = PLANE('',#691);
#691 = AXIS2_PLACEMENT_3D('',#692,#693,#694);
#692 = CARTESIAN_POINT('',(-10.01666666666,-17.35,1.));
#693 = DIRECTION('',(-0.707106781187,-0.707106781187,0.));
#694 = DIRECTION('',(0.,-0.,1.));
#695 = DEFINITIONAL_REPRESENTATION('',(#696),#700);
#696 = LINE('',#697,#698);
#697 = CARTESIAN_POINT('',(-0.,0.212132034356));
#698 = VECTOR('',#699,1.);
#699 = DIRECTION('',(-1.,0.));
<<<<<<< Updated upstream
#700 = ( GEOMETRIC_REPRESENTATION_CONTEXT(2)
=======
#700 = ( GEOMETRIC_REPRESENTATION_CONTEXT(2)
>>>>>>> Stashed changes
PARAMETRIC_REPRESENTATION_CONTEXT() REPRESENTATION_CONTEXT('2D SPACE',''
  ) );
#701 = ORIENTED_EDGE('',*,*,#702,.T.);
#702 = EDGE_CURVE('',#675,#598,#703,.T.);
#703 = SURFACE_CURVE('',#704,(#708,#715),.PCURVE_S1.);
#704 = LINE('',#705,#706);
#705 = CARTESIAN_POINT('',(-10.16666666666,-18.5,-1.));
#706 = VECTOR('',#707,1.);
#707 = DIRECTION('',(0.,1.,0.));
#708 = PCURVE('',#634,#709);
#709 = DEFINITIONAL_REPRESENTATION('',(#710),#714);
#710 = LINE('',#711,#712);
#711 = CARTESIAN_POINT('',(0.,0.));
#712 = VECTOR('',#713,1.);
#713 = DIRECTION('',(0.,-1.));
<<<<<<< Updated upstream
#714 = ( GEOMETRIC_REPRESENTATION_CONTEXT(2)
=======
#714 = ( GEOMETRIC_REPRESENTATION_CONTEXT(2)
>>>>>>> Stashed changes
PARAMETRIC_REPRESENTATION_CONTEXT() REPRESENTATION_CONTEXT('2D SPACE',''
  ) );
#715 = PCURVE('',#508,#716);
#716 = DEFINITIONAL_REPRESENTATION('',(#717),#721);
#717 = LINE('',#718,#719);
#718 = CARTESIAN_POINT('',(24.833333333333,-1.));
#719 = VECTOR('',#720,1.);
#720 = DIRECTION('',(0.,1.));
<<<<<<< Updated upstream
#721 = ( GEOMETRIC_REPRESENTATION_CONTEXT(2)
=======
#721 = ( GEOMETRIC_REPRESENTATION_CONTEXT(2)
>>>>>>> Stashed changes
PARAMETRIC_REPRESENTATION_CONTEXT() REPRESENTATION_CONTEXT('2D SPACE',''
  ) );
#722 = ORIENTED_EDGE('',*,*,#620,.F.);
#723 = ORIENTED_EDGE('',*,*,#724,.F.);
#724 = EDGE_CURVE('',#725,#574,#727,.T.);
#725 = VERTEX_POINT('',#726);
#726 = CARTESIAN_POINT('',(-10.16666666666,15.5,1.));
#727 = SURFACE_CURVE('',#728,(#732,#739),.PCURVE_S1.);
#728 = LINE('',#729,#730);
#729 = CARTESIAN_POINT('',(-10.16666666666,-18.5,1.));
#730 = VECTOR('',#731,1.);
#731 = DIRECTION('',(0.,1.,0.));
#732 = PCURVE('',#634,#733);
#733 = DEFINITIONAL_REPRESENTATION('',(#734),#738);
#734 = LINE('',#735,#736);
#735 = CARTESIAN_POINT('',(2.,0.));
#736 = VECTOR('',#737,1.);
#737 = DIRECTION('',(0.,-1.));
<<<<<<< Updated upstream
#738 = ( GEOMETRIC_REPRESENTATION_CONTEXT(2)
=======
#738 = ( GEOMETRIC_REPRESENTATION_CONTEXT(2)
>>>>>>> Stashed changes
PARAMETRIC_REPRESENTATION_CONTEXT() REPRESENTATION_CONTEXT('2D SPACE',''
  ) );
#739 = PCURVE('',#156,#740);
#740 = DEFINITIONAL_REPRESENTATION('',(#741),#745);
#741 = LINE('',#742,#743);
#742 = CARTESIAN_POINT('',(3.,0.));
#743 = VECTOR('',#744,1.);
#744 = DIRECTION('',(0.,1.));
<<<<<<< Updated upstream
#745 = ( GEOMETRIC_REPRESENTATION_CONTEXT(2)
=======
#745 = ( GEOMETRIC_REPRESENTATION_CONTEXT(2)
>>>>>>> Stashed changes
PARAMETRIC_REPRESENTATION_CONTEXT() REPRESENTATION_CONTEXT('2D SPACE',''
  ) );
#746 = ORIENTED_EDGE('',*,*,#747,.F.);
#747 = EDGE_CURVE('',#652,#725,#748,.T.);
#748 = SURFACE_CURVE('',#749,(#753,#760),.PCURVE_S1.);
#749 = LINE('',#750,#751);
#750 = CARTESIAN_POINT('',(-10.16666666666,-18.5,1.));
#751 = VECTOR('',#752,1.);
#752 = DIRECTION('',(0.,1.,0.));
#753 = PCURVE('',#634,#754);
#754 = DEFINITIONAL_REPRESENTATION('',(#755),#759);
#755 = LINE('',#756,#757);
#756 = CARTESIAN_POINT('',(2.,0.));
#757 = VECTOR('',#758,1.);
#758 = DIRECTION('',(0.,-1.));
<<<<<<< Updated upstream
#759 = ( GEOMETRIC_REPRESENTATION_CONTEXT(2)
=======
#759 = ( GEOMETRIC_REPRESENTATION_CONTEXT(2)
>>>>>>> Stashed changes
PARAMETRIC_REPRESENTATION_CONTEXT() REPRESENTATION_CONTEXT('2D SPACE',''
  ) );
#760 = PCURVE('',#761,#766);
#761 = PLANE('',#762);
#762 = AXIS2_PLACEMENT_3D('',#763,#764,#765);
#763 = CARTESIAN_POINT('',(-35.,-17.5,1.));
#764 = DIRECTION('',(0.,0.,1.));
#765 = DIRECTION('',(1.,0.,-0.));
#766 = DEFINITIONAL_REPRESENTATION('',(#767),#771);
#767 = LINE('',#768,#769);
#768 = CARTESIAN_POINT('',(24.833333333333,-1.));
#769 = VECTOR('',#770,1.);
#770 = DIRECTION('',(0.,1.));
<<<<<<< Updated upstream
#771 = ( GEOMETRIC_REPRESENTATION_CONTEXT(2)
=======
#771 = ( GEOMETRIC_REPRESENTATION_CONTEXT(2)
>>>>>>> Stashed changes
PARAMETRIC_REPRESENTATION_CONTEXT() REPRESENTATION_CONTEXT('2D SPACE',''
  ) );
#772 = ADVANCED_FACE('',(#773),#761,.T.);
#773 = FACE_BOUND('',#774,.T.);
#774 = EDGE_LOOP('',(#775,#776,#802,#830));
#775 = ORIENTED_EDGE('',*,*,#747,.F.);
#776 = ORIENTED_EDGE('',*,*,#777,.F.);
#777 = EDGE_CURVE('',#778,#652,#780,.T.);
#778 = VERTEX_POINT('',#779);
#779 = CARTESIAN_POINT('',(10.166666666667,-15.5,1.));
#780 = SURFACE_CURVE('',#781,(#785,#791),.PCURVE_S1.);
#781 = LINE('',#782,#783);
#782 = CARTESIAN_POINT('',(-35.,-15.5,1.));
#783 = VECTOR('',#784,1.);
#784 = DIRECTION('',(-1.,0.,0.));
#785 = PCURVE('',#761,#786);
#786 = DEFINITIONAL_REPRESENTATION('',(#787),#790);
#787 = B_SPLINE_CURVE_WITH_KNOTS('',1,(#788,#789),.UNSPECIFIED.,.F.,.F.,
  (2,2),(-70.,0.),.PIECEWISE_BEZIER_KNOTS.);
#788 = CARTESIAN_POINT('',(70.,2.));
#789 = CARTESIAN_POINT('',(0.,2.));
<<<<<<< Updated upstream
#790 = ( GEOMETRIC_REPRESENTATION_CONTEXT(2)
=======
#790 = ( GEOMETRIC_REPRESENTATION_CONTEXT(2)
>>>>>>> Stashed changes
PARAMETRIC_REPRESENTATION_CONTEXT() REPRESENTATION_CONTEXT('2D SPACE',''
  ) );
#791 = PCURVE('',#792,#797);
#792 = PLANE('',#793);
#793 = AXIS2_PLACEMENT_3D('',#794,#795,#796);
#794 = CARTESIAN_POINT('',(-35.,-15.5,0.));
#795 = DIRECTION('',(0.,1.,0.));
#796 = DIRECTION('',(0.,0.,1.));
#797 = DEFINITIONAL_REPRESENTATION('',(#798),#801);
#798 = B_SPLINE_CURVE_WITH_KNOTS('',1,(#799,#800),.UNSPECIFIED.,.F.,.F.,
  (2,2),(-70.,0.),.PIECEWISE_BEZIER_KNOTS.);
#799 = CARTESIAN_POINT('',(1.,70.));
#800 = CARTESIAN_POINT('',(1.,0.));
<<<<<<< Updated upstream
#801 = ( GEOMETRIC_REPRESENTATION_CONTEXT(2)
=======
#801 = ( GEOMETRIC_REPRESENTATION_CONTEXT(2)
>>>>>>> Stashed changes
PARAMETRIC_REPRESENTATION_CONTEXT() REPRESENTATION_CONTEXT('2D SPACE',''
  ) );
#802 = ORIENTED_EDGE('',*,*,#803,.T.);
#803 = EDGE_CURVE('',#778,#804,#806,.T.);
#804 = VERTEX_POINT('',#805);
#805 = CARTESIAN_POINT('',(10.166666666667,15.5,1.));
#806 = SURFACE_CURVE('',#807,(#811,#818),.PCURVE_S1.);
#807 = LINE('',#808,#809);
#808 = CARTESIAN_POINT('',(10.166666666667,-18.5,1.));
#809 = VECTOR('',#810,1.);
#810 = DIRECTION('',(0.,1.,0.));
#811 = PCURVE('',#761,#812);
#812 = DEFINITIONAL_REPRESENTATION('',(#813),#817);
#813 = LINE('',#814,#815);
#814 = CARTESIAN_POINT('',(45.166666666667,-1.));
#815 = VECTOR('',#816,1.);
#816 = DIRECTION('',(0.,1.));
<<<<<<< Updated upstream
#817 = ( GEOMETRIC_REPRESENTATION_CONTEXT(2)
=======
#817 = ( GEOMETRIC_REPRESENTATION_CONTEXT(2)
>>>>>>> Stashed changes
PARAMETRIC_REPRESENTATION_CONTEXT() REPRESENTATION_CONTEXT('2D SPACE',''
  ) );
#818 = PCURVE('',#819,#824);
#819 = PLANE('',#820);
#820 = AXIS2_PLACEMENT_3D('',#821,#822,#823);
#821 = CARTESIAN_POINT('',(10.166666666667,-18.5,-1.));
#822 = DIRECTION('',(1.,0.,0.));
#823 = DIRECTION('',(0.,0.,1.));
#824 = DEFINITIONAL_REPRESENTATION('',(#825),#829);
#825 = LINE('',#826,#827);
#826 = CARTESIAN_POINT('',(2.,0.));
#827 = VECTOR('',#828,1.);
#828 = DIRECTION('',(0.,-1.));
<<<<<<< Updated upstream
#829 = ( GEOMETRIC_REPRESENTATION_CONTEXT(2)
=======
#829 = ( GEOMETRIC_REPRESENTATION_CONTEXT(2)
>>>>>>> Stashed changes
PARAMETRIC_REPRESENTATION_CONTEXT() REPRESENTATION_CONTEXT('2D SPACE',''
  ) );
#830 = ORIENTED_EDGE('',*,*,#831,.T.);
#831 = EDGE_CURVE('',#804,#725,#832,.T.);
#832 = SURFACE_CURVE('',#833,(#837,#843),.PCURVE_S1.);
#833 = LINE('',#834,#835);
#834 = CARTESIAN_POINT('',(-35.,15.5,1.));
#835 = VECTOR('',#836,1.);
#836 = DIRECTION('',(-1.,0.,0.));
#837 = PCURVE('',#761,#838);
#838 = DEFINITIONAL_REPRESENTATION('',(#839),#842);
#839 = B_SPLINE_CURVE_WITH_KNOTS('',1,(#840,#841),.UNSPECIFIED.,.F.,.F.,
  (2,2),(-70.,0.),.PIECEWISE_BEZIER_KNOTS.);
#840 = CARTESIAN_POINT('',(70.,33.));
#841 = CARTESIAN_POINT('',(0.,33.));
<<<<<<< Updated upstream
#842 = ( GEOMETRIC_REPRESENTATION_CONTEXT(2)
=======
#842 = ( GEOMETRIC_REPRESENTATION_CONTEXT(2)
>>>>>>> Stashed changes
PARAMETRIC_REPRESENTATION_CONTEXT() REPRESENTATION_CONTEXT('2D SPACE',''
  ) );
#843 = PCURVE('',#844,#849);
#844 = PLANE('',#845);
#845 = AXIS2_PLACEMENT_3D('',#846,#847,#848);
#846 = CARTESIAN_POINT('',(-35.,15.5,0.));
#847 = DIRECTION('',(0.,1.,0.));
#848 = DIRECTION('',(0.,0.,1.));
#849 = DEFINITIONAL_REPRESENTATION('',(#850),#853);
#850 = B_SPLINE_CURVE_WITH_KNOTS('',1,(#851,#852),.UNSPECIFIED.,.F.,.F.,
  (2,2),(-70.,0.),.PIECEWISE_BEZIER_KNOTS.);
#851 = CARTESIAN_POINT('',(1.,70.));
#852 = CARTESIAN_POINT('',(1.,0.));
<<<<<<< Updated upstream
#853 = ( GEOMETRIC_REPRESENTATION_CONTEXT(2)
=======
#853 = ( GEOMETRIC_REPRESENTATION_CONTEXT(2)
>>>>>>> Stashed changes
PARAMETRIC_REPRESENTATION_CONTEXT() REPRESENTATION_CONTEXT('2D SPACE',''
  ) );
#854 = ADVANCED_FACE('',(#855),#792,.T.);
#855 = FACE_BOUND('',#856,.T.);
#856 = EDGE_LOOP('',(#857,#882,#908,#933,#934,#954,#975,#998));
#857 = ORIENTED_EDGE('',*,*,#858,.F.);
#858 = EDGE_CURVE('',#859,#861,#863,.T.);
#859 = VERTEX_POINT('',#860);
#860 = CARTESIAN_POINT('',(35.,-15.5,1.));
#861 = VERTEX_POINT('',#862);
#862 = CARTESIAN_POINT('',(35.,-15.5,20.));
#863 = SURFACE_CURVE('',#864,(#868,#875),.PCURVE_S1.);
#864 = LINE('',#865,#866);
#865 = CARTESIAN_POINT('',(35.,-15.5,0.));
#866 = VECTOR('',#867,1.);
#867 = DIRECTION('',(0.,0.,1.));
#868 = PCURVE('',#792,#869);
#869 = DEFINITIONAL_REPRESENTATION('',(#870),#874);
#870 = LINE('',#871,#872);
#871 = CARTESIAN_POINT('',(0.,70.));
#872 = VECTOR('',#873,1.);
#873 = DIRECTION('',(1.,0.));
<<<<<<< Updated upstream
#874 = ( GEOMETRIC_REPRESENTATION_CONTEXT(2)
=======
#874 = ( GEOMETRIC_REPRESENTATION_CONTEXT(2)
>>>>>>> Stashed changes
PARAMETRIC_REPRESENTATION_CONTEXT() REPRESENTATION_CONTEXT('2D SPACE',''
  ) );
#875 = PCURVE('',#368,#876);
#876 = DEFINITIONAL_REPRESENTATION('',(#877),#881);
#877 = LINE('',#878,#879);
#878 = CARTESIAN_POINT('',(1.,-2.));
#879 = VECTOR('',#880,1.);
#880 = DIRECTION('',(1.,0.));
<<<<<<< Updated upstream
#881 = ( GEOMETRIC_REPRESENTATION_CONTEXT(2)
=======
#881 = ( GEOMETRIC_REPRESENTATION_CONTEXT(2)
>>>>>>> Stashed changes
PARAMETRIC_REPRESENTATION_CONTEXT() REPRESENTATION_CONTEXT('2D SPACE',''
  ) );
#882 = ORIENTED_EDGE('',*,*,#883,.T.);
#883 = EDGE_CURVE('',#859,#884,#886,.T.);
#884 = VERTEX_POINT('',#885);
#885 = CARTESIAN_POINT('',(13.166666666667,-15.5,1.));
#886 = SURFACE_CURVE('',#887,(#891,#897),.PCURVE_S1.);
#887 = LINE('',#888,#889);
#888 = CARTESIAN_POINT('',(-35.,-15.5,1.));
#889 = VECTOR('',#890,1.);
#890 = DIRECTION('',(-1.,0.,0.));
#891 = PCURVE('',#792,#892);
#892 = DEFINITIONAL_REPRESENTATION('',(#893),#896);
#893 = B_SPLINE_CURVE_WITH_KNOTS('',1,(#894,#895),.UNSPECIFIED.,.F.,.F.,
  (2,2),(-70.,0.),.PIECEWISE_BEZIER_KNOTS.);
#894 = CARTESIAN_POINT('',(1.,70.));
#895 = CARTESIAN_POINT('',(1.,0.));
<<<<<<< Updated upstream
#896 = ( GEOMETRIC_REPRESENTATION_CONTEXT(2)
=======
#896 = ( GEOMETRIC_REPRESENTATION_CONTEXT(2)
>>>>>>> Stashed changes
PARAMETRIC_REPRESENTATION_CONTEXT() REPRESENTATION_CONTEXT('2D SPACE',''
  ) );
#897 = PCURVE('',#898,#903);
#898 = PLANE('',#899);
#899 = AXIS2_PLACEMENT_3D('',#900,#901,#902);
#900 = CARTESIAN_POINT('',(-35.,-17.5,1.));
#901 = DIRECTION('',(0.,0.,1.));
#902 = DIRECTION('',(1.,0.,-0.));
#903 = DEFINITIONAL_REPRESENTATION('',(#904),#907);
#904 = B_SPLINE_CURVE_WITH_KNOTS('',1,(#905,#906),.UNSPECIFIED.,.F.,.F.,
  (2,2),(-70.,0.),.PIECEWISE_BEZIER_KNOTS.);
#905 = CARTESIAN_POINT('',(70.,2.));
#906 = CARTESIAN_POINT('',(0.,2.));
<<<<<<< Updated upstream
#907 = ( GEOMETRIC_REPRESENTATION_CONTEXT(2)
=======
#907 = ( GEOMETRIC_REPRESENTATION_CONTEXT(2)
>>>>>>> Stashed changes
PARAMETRIC_REPRESENTATION_CONTEXT() REPRESENTATION_CONTEXT('2D SPACE',''
  ) );
#908 = ORIENTED_EDGE('',*,*,#909,.T.);
#909 = EDGE_CURVE('',#884,#778,#910,.T.);
#910 = SURFACE_CURVE('',#911,(#915,#921),.PCURVE_S1.);
#911 = LINE('',#912,#913);
#912 = CARTESIAN_POINT('',(-35.,-15.5,1.));
#913 = VECTOR('',#914,1.);
#914 = DIRECTION('',(-1.,0.,0.));
#915 = PCURVE('',#792,#916);
#916 = DEFINITIONAL_REPRESENTATION('',(#917),#920);
#917 = B_SPLINE_CURVE_WITH_KNOTS('',1,(#918,#919),.UNSPECIFIED.,.F.,.F.,
  (2,2),(-70.,0.),.PIECEWISE_BEZIER_KNOTS.);
#918 = CARTESIAN_POINT('',(1.,70.));
#919 = CARTESIAN_POINT('',(1.,0.));
<<<<<<< Updated upstream
#920 = ( GEOMETRIC_REPRESENTATION_CONTEXT(2)
=======
#920 = ( GEOMETRIC_REPRESENTATION_CONTEXT(2)
>>>>>>> Stashed changes
PARAMETRIC_REPRESENTATION_CONTEXT() REPRESENTATION_CONTEXT('2D SPACE',''
  ) );
#921 = PCURVE('',#922,#927);
#922 = PLANE('',#923);
#923 = AXIS2_PLACEMENT_3D('',#924,#925,#926);
#924 = CARTESIAN_POINT('',(10.166666666667,-18.5,1.));
#925 = DIRECTION('',(0.,0.,1.));
#926 = DIRECTION('',(1.,0.,0.));
#927 = DEFINITIONAL_REPRESENTATION('',(#928),#932);
#928 = LINE('',#929,#930);
#929 = CARTESIAN_POINT('',(-45.16666666666,3.));
#930 = VECTOR('',#931,1.);
#931 = DIRECTION('',(-1.,0.));
<<<<<<< Updated upstream
#932 = ( GEOMETRIC_REPRESENTATION_CONTEXT(2)
=======
#932 = ( GEOMETRIC_REPRESENTATION_CONTEXT(2)
>>>>>>> Stashed changes
PARAMETRIC_REPRESENTATION_CONTEXT() REPRESENTATION_CONTEXT('2D SPACE',''
  ) );
#933 = ORIENTED_EDGE('',*,*,#777,.T.);
#934 = ORIENTED_EDGE('',*,*,#935,.T.);
#935 = EDGE_CURVE('',#652,#24,#936,.T.);
#936 = SURFACE_CURVE('',#937,(#941,#947),.PCURVE_S1.);
#937 = LINE('',#938,#939);
#938 = CARTESIAN_POINT('',(-35.,-15.5,1.));
#939 = VECTOR('',#940,1.);
#940 = DIRECTION('',(-1.,0.,0.));
#941 = PCURVE('',#792,#942);
#942 = DEFINITIONAL_REPRESENTATION('',(#943),#946);
#943 = B_SPLINE_CURVE_WITH_KNOTS('',1,(#944,#945),.UNSPECIFIED.,.F.,.F.,
  (2,2),(-70.,0.),.PIECEWISE_BEZIER_KNOTS.);
#944 = CARTESIAN_POINT('',(1.,70.));
#945 = CARTESIAN_POINT('',(1.,0.));
<<<<<<< Updated upstream
#946 = ( GEOMETRIC_REPRESENTATION_CONTEXT(2)
=======
#946 = ( GEOMETRIC_REPRESENTATION_CONTEXT(2)
>>>>>>> Stashed changes
PARAMETRIC_REPRESENTATION_CONTEXT() REPRESENTATION_CONTEXT('2D SPACE',''
  ) );
#947 = PCURVE('',#44,#948);
#948 = DEFINITIONAL_REPRESENTATION('',(#949),#953);
#949 = LINE('',#950,#951);
#950 = CARTESIAN_POINT('',(-21.83333333333,3.));
#951 = VECTOR('',#952,1.);
#952 = DIRECTION('',(-1.,0.));
<<<<<<< Updated upstream
#953 = ( GEOMETRIC_REPRESENTATION_CONTEXT(2)
=======
#953 = ( GEOMETRIC_REPRESENTATION_CONTEXT(2)
>>>>>>> Stashed changes
PARAMETRIC_REPRESENTATION_CONTEXT() REPRESENTATION_CONTEXT('2D SPACE',''
  ) );
#954 = ORIENTED_EDGE('',*,*,#955,.T.);
#955 = EDGE_CURVE('',#24,#956,#958,.T.);
#956 = VERTEX_POINT('',#957);
#957 = CARTESIAN_POINT('',(-35.,-15.5,1.));
#958 = SURFACE_CURVE('',#959,(#963,#969),.PCURVE_S1.);
#959 = LINE('',#960,#961);
#960 = CARTESIAN_POINT('',(-35.,-15.5,1.));
#961 = VECTOR('',#962,1.);
#962 = DIRECTION('',(-1.,0.,0.));
#963 = PCURVE('',#792,#964);
#964 = DEFINITIONAL_REPRESENTATION('',(#965),#968);
#965 = B_SPLINE_CURVE_WITH_KNOTS('',1,(#966,#967),.UNSPECIFIED.,.F.,.F.,
  (2,2),(-70.,0.),.PIECEWISE_BEZIER_KNOTS.);
#966 = CARTESIAN_POINT('',(1.,70.));
#967 = CARTESIAN_POINT('',(1.,0.));
<<<<<<< Updated upstream
#968 = ( GEOMETRIC_REPRESENTATION_CONTEXT(2)
=======
#968 = ( GEOMETRIC_REPRESENTATION_CONTEXT(2)
>>>>>>> Stashed changes
PARAMETRIC_REPRESENTATION_CONTEXT() REPRESENTATION_CONTEXT('2D SPACE',''
  ) );
#969 = PCURVE('',#182,#970);
#970 = DEFINITIONAL_REPRESENTATION('',(#971),#974);
#971 = B_SPLINE_CURVE_WITH_KNOTS('',1,(#972,#973),.UNSPECIFIED.,.F.,.F.,
  (2,2),(-70.,0.),.PIECEWISE_BEZIER_KNOTS.);
#972 = CARTESIAN_POINT('',(70.,2.));
#973 = CARTESIAN_POINT('',(0.,2.));
<<<<<<< Updated upstream
#974 = ( GEOMETRIC_REPRESENTATION_CONTEXT(2)
=======
#974 = ( GEOMETRIC_REPRESENTATION_CONTEXT(2)
>>>>>>> Stashed changes
PARAMETRIC_REPRESENTATION_CONTEXT() REPRESENTATION_CONTEXT('2D SPACE',''
  ) );
#975 = ORIENTED_EDGE('',*,*,#976,.T.);
#976 = EDGE_CURVE('',#956,#977,#979,.T.);
#977 = VERTEX_POINT('',#978);
#978 = CARTESIAN_POINT('',(-35.,-15.5,20.));
#979 = SURFACE_CURVE('',#980,(#984,#991),.PCURVE_S1.);
#980 = LINE('',#981,#982);
#981 = CARTESIAN_POINT('',(-35.,-15.5,0.));
#982 = VECTOR('',#983,1.);
#983 = DIRECTION('',(0.,0.,1.));
#984 = PCURVE('',#792,#985);
#985 = DEFINITIONAL_REPRESENTATION('',(#986),#990);
#986 = LINE('',#987,#988);
#987 = CARTESIAN_POINT('',(0.,0.));
#988 = VECTOR('',#989,1.);
#989 = DIRECTION('',(1.,0.));
<<<<<<< Updated upstream
#990 = ( GEOMETRIC_REPRESENTATION_CONTEXT(2)
=======
#990 = ( GEOMETRIC_REPRESENTATION_CONTEXT(2)
>>>>>>> Stashed changes
PARAMETRIC_REPRESENTATION_CONTEXT() REPRESENTATION_CONTEXT('2D SPACE',''
  ) );
#991 = PCURVE('',#312,#992);
#992 = DEFINITIONAL_REPRESENTATION('',(#993),#997);
#993 = LINE('',#994,#995);
#994 = CARTESIAN_POINT('',(1.,-2.));
#995 = VECTOR('',#996,1.);
#996 = DIRECTION('',(1.,0.));
<<<<<<< Updated upstream
#997 = ( GEOMETRIC_REPRESENTATION_CONTEXT(2)
=======
#997 = ( GEOMETRIC_REPRESENTATION_CONTEXT(2)
>>>>>>> Stashed changes
PARAMETRIC_REPRESENTATION_CONTEXT() REPRESENTATION_CONTEXT('2D SPACE',''
  ) );
#998 = ORIENTED_EDGE('',*,*,#999,.T.);
#999 = EDGE_CURVE('',#977,#861,#1000,.T.);
#1000 = SURFACE_CURVE('',#1001,(#1005,#1012),.PCURVE_S1.);
#1001 = LINE('',#1002,#1003);
#1002 = CARTESIAN_POINT('',(-35.,-15.5,20.));
#1003 = VECTOR('',#1004,1.);
#1004 = DIRECTION('',(1.,0.,0.));
#1005 = PCURVE('',#792,#1006);
#1006 = DEFINITIONAL_REPRESENTATION('',(#1007),#1011);
#1007 = LINE('',#1008,#1009);
#1008 = CARTESIAN_POINT('',(20.,0.));
#1009 = VECTOR('',#1010,1.);
#1010 = DIRECTION('',(0.,1.));
<<<<<<< Updated upstream
#1011 = ( GEOMETRIC_REPRESENTATION_CONTEXT(2)
=======
#1011 = ( GEOMETRIC_REPRESENTATION_CONTEXT(2)
>>>>>>> Stashed changes
PARAMETRIC_REPRESENTATION_CONTEXT() REPRESENTATION_CONTEXT('2D SPACE',''
  ) );
#1012 = PCURVE('',#1013,#1018);
#1013 = PLANE('',#1014);
#1014 = AXIS2_PLACEMENT_3D('',#1015,#1016,#1017);
#1015 = CARTESIAN_POINT('',(-35.,-17.5,20.));
#1016 = DIRECTION('',(0.,0.,1.));
#1017 = DIRECTION('',(1.,0.,0.));
#1018 = DEFINITIONAL_REPRESENTATION('',(#1019),#1023);
#1019 = LINE('',#1020,#1021);
#1020 = CARTESIAN_POINT('',(0.,2.));
#1021 = VECTOR('',#1022,1.);
#1022 = DIRECTION('',(1.,0.));
<<<<<<< Updated upstream
#1023 = ( GEOMETRIC_REPRESENTATION_CONTEXT(2)
=======
#1023 = ( GEOMETRIC_REPRESENTATION_CONTEXT(2)
>>>>>>> Stashed changes
PARAMETRIC_REPRESENTATION_CONTEXT() REPRESENTATION_CONTEXT('2D SPACE',''
  ) );
#1024 = ADVANCED_FACE('',(#1025),#922,.F.);
#1025 = FACE_BOUND('',#1026,.F.);
#1026 = EDGE_LOOP('',(#1027,#1055,#1056,#1079,#1107,#1135));
#1027 = ORIENTED_EDGE('',*,*,#1028,.T.);
#1028 = EDGE_CURVE('',#1029,#884,#1031,.T.);
#1029 = VERTEX_POINT('',#1030);
#1030 = CARTESIAN_POINT('',(13.166666666667,-17.2,1.));
#1031 = SURFACE_CURVE('',#1032,(#1036,#1043),.PCURVE_S1.);
#1032 = LINE('',#1033,#1034);
#1033 = CARTESIAN_POINT('',(13.166666666667,-18.5,1.));
#1034 = VECTOR('',#1035,1.);
#1035 = DIRECTION('',(0.,1.,0.));
#1036 = PCURVE('',#922,#1037);
#1037 = DEFINITIONAL_REPRESENTATION('',(#1038),#1042);
#1038 = LINE('',#1039,#1040);
#1039 = CARTESIAN_POINT('',(3.,0.));
#1040 = VECTOR('',#1041,1.);
#1041 = DIRECTION('',(0.,1.));
<<<<<<< Updated upstream
#1042 = ( GEOMETRIC_REPRESENTATION_CONTEXT(2)
=======
#1042 = ( GEOMETRIC_REPRESENTATION_CONTEXT(2)
>>>>>>> Stashed changes
PARAMETRIC_REPRESENTATION_CONTEXT() REPRESENTATION_CONTEXT('2D SPACE',''
  ) );
#1043 = PCURVE('',#1044,#1049);
#1044 = PLANE('',#1045);
#1045 = AXIS2_PLACEMENT_3D('',#1046,#1047,#1048);
#1046 = CARTESIAN_POINT('',(13.166666666667,-18.5,-1.));
#1047 = DIRECTION('',(1.,0.,0.));
#1048 = DIRECTION('',(0.,0.,1.));
#1049 = DEFINITIONAL_REPRESENTATION('',(#1050),#1054);
#1050 = LINE('',#1051,#1052);
#1051 = CARTESIAN_POINT('',(2.,0.));
#1052 = VECTOR('',#1053,1.);
#1053 = DIRECTION('',(0.,-1.));
<<<<<<< Updated upstream
#1054 = ( GEOMETRIC_REPRESENTATION_CONTEXT(2)
=======
#1054 = ( GEOMETRIC_REPRESENTATION_CONTEXT(2)
>>>>>>> Stashed changes
PARAMETRIC_REPRESENTATION_CONTEXT() REPRESENTATION_CONTEXT('2D SPACE',''
  ) );
#1055 = ORIENTED_EDGE('',*,*,#909,.T.);
#1056 = ORIENTED_EDGE('',*,*,#1057,.F.);
#1057 = EDGE_CURVE('',#1058,#778,#1060,.T.);
#1058 = VERTEX_POINT('',#1059);
#1059 = CARTESIAN_POINT('',(10.166666666667,-17.2,1.));
#1060 = SURFACE_CURVE('',#1061,(#1065,#1072),.PCURVE_S1.);
#1061 = LINE('',#1062,#1063);
#1062 = CARTESIAN_POINT('',(10.166666666667,-18.5,1.));
#1063 = VECTOR('',#1064,1.);
#1064 = DIRECTION('',(0.,1.,0.));
#1065 = PCURVE('',#922,#1066);
#1066 = DEFINITIONAL_REPRESENTATION('',(#1067),#1071);
#1067 = LINE('',#1068,#1069);
#1068 = CARTESIAN_POINT('',(0.,0.));
#1069 = VECTOR('',#1070,1.);
#1070 = DIRECTION('',(0.,1.));
<<<<<<< Updated upstream
#1071 = ( GEOMETRIC_REPRESENTATION_CONTEXT(2)
=======
#1071 = ( GEOMETRIC_REPRESENTATION_CONTEXT(2)
>>>>>>> Stashed changes
PARAMETRIC_REPRESENTATION_CONTEXT() REPRESENTATION_CONTEXT('2D SPACE',''
  ) );
#1072 = PCURVE('',#819,#1073);
#1073 = DEFINITIONAL_REPRESENTATION('',(#1074),#1078);
#1074 = LINE('',#1075,#1076);
#1075 = CARTESIAN_POINT('',(2.,0.));
#1076 = VECTOR('',#1077,1.);
#1077 = DIRECTION('',(0.,-1.));
<<<<<<< Updated upstream
#1078 = ( GEOMETRIC_REPRESENTATION_CONTEXT(2)
=======
#1078 = ( GEOMETRIC_REPRESENTATION_CONTEXT(2)
>>>>>>> Stashed changes
PARAMETRIC_REPRESENTATION_CONTEXT() REPRESENTATION_CONTEXT('2D SPACE',''
  ) );
#1079 = ORIENTED_EDGE('',*,*,#1080,.F.);
#1080 = EDGE_CURVE('',#1081,#1058,#1083,.T.);
#1081 = VERTEX_POINT('',#1082);
#1082 = CARTESIAN_POINT('',(9.866666666667,-17.5,1.));
#1083 = SURFACE_CURVE('',#1084,(#1088,#1095),.PCURVE_S1.);
#1084 = LINE('',#1085,#1086);
#1085 = CARTESIAN_POINT('',(9.766666666667,-17.6,1.));
#1086 = VECTOR('',#1087,1.);
#1087 = DIRECTION('',(0.707106781187,0.707106781187,-0.));
#1088 = PCURVE('',#922,#1089);
#1089 = DEFINITIONAL_REPRESENTATION('',(#1090),#1094);
#1090 = LINE('',#1091,#1092);
#1091 = CARTESIAN_POINT('',(-0.4,0.9));
#1092 = VECTOR('',#1093,1.);
#1093 = DIRECTION('',(0.707106781187,0.707106781187));
<<<<<<< Updated upstream
#1094 = ( GEOMETRIC_REPRESENTATION_CONTEXT(2)
=======
#1094 = ( GEOMETRIC_REPRESENTATION_CONTEXT(2)
>>>>>>> Stashed changes
PARAMETRIC_REPRESENTATION_CONTEXT() REPRESENTATION_CONTEXT('2D SPACE',''
  ) );
#1095 = PCURVE('',#1096,#1101);
#1096 = PLANE('',#1097);
#1097 = AXIS2_PLACEMENT_3D('',#1098,#1099,#1100);
#1098 = CARTESIAN_POINT('',(10.016666666667,-17.35,1.));
#1099 = DIRECTION('',(-0.707106781187,0.707106781187,0.));
#1100 = DIRECTION('',(-0.,-0.,1.));
#1101 = DEFINITIONAL_REPRESENTATION('',(#1102),#1106);
#1102 = LINE('',#1103,#1104);
#1103 = CARTESIAN_POINT('',(-0.,-0.353553390593));
#1104 = VECTOR('',#1105,1.);
#1105 = DIRECTION('',(-0.,1.));
<<<<<<< Updated upstream
#1106 = ( GEOMETRIC_REPRESENTATION_CONTEXT(2)
=======
#1106 = ( GEOMETRIC_REPRESENTATION_CONTEXT(2)
>>>>>>> Stashed changes
PARAMETRIC_REPRESENTATION_CONTEXT() REPRESENTATION_CONTEXT('2D SPACE',''
  ) );
#1107 = ORIENTED_EDGE('',*,*,#1108,.T.);
#1108 = EDGE_CURVE('',#1081,#1109,#1111,.T.);
#1109 = VERTEX_POINT('',#1110);
#1110 = CARTESIAN_POINT('',(13.466666666667,-17.5,1.));
#1111 = SURFACE_CURVE('',#1112,(#1116,#1123),.PCURVE_S1.);
#1112 = LINE('',#1113,#1114);
#1113 = CARTESIAN_POINT('',(9.866666666667,-17.5,1.));
#1114 = VECTOR('',#1115,1.);
#1115 = DIRECTION('',(1.,0.,0.));
#1116 = PCURVE('',#922,#1117);
#1117 = DEFINITIONAL_REPRESENTATION('',(#1118),#1122);
#1118 = LINE('',#1119,#1120);
#1119 = CARTESIAN_POINT('',(-0.3,1.));
#1120 = VECTOR('',#1121,1.);
#1121 = DIRECTION('',(1.,0.));
<<<<<<< Updated upstream
#1122 = ( GEOMETRIC_REPRESENTATION_CONTEXT(2)
=======
#1122 = ( GEOMETRIC_REPRESENTATION_CONTEXT(2)
>>>>>>> Stashed changes
PARAMETRIC_REPRESENTATION_CONTEXT() REPRESENTATION_CONTEXT('2D SPACE',''
  ) );
#1123 = PCURVE('',#1124,#1129);
#1124 = PLANE('',#1125);
#1125 = AXIS2_PLACEMENT_3D('',#1126,#1127,#1128);
#1126 = CARTESIAN_POINT('',(-35.,-17.5,-1.));
#1127 = DIRECTION('',(-0.,1.,0.));
#1128 = DIRECTION('',(0.,0.,1.));
#1129 = DEFINITIONAL_REPRESENTATION('',(#1130),#1134);
#1130 = LINE('',#1131,#1132);
#1131 = CARTESIAN_POINT('',(2.,44.866666666667));
#1132 = VECTOR('',#1133,1.);
#1133 = DIRECTION('',(0.,1.));
<<<<<<< Updated upstream
#1134 = ( GEOMETRIC_REPRESENTATION_CONTEXT(2)
=======
#1134 = ( GEOMETRIC_REPRESENTATION_CONTEXT(2)
>>>>>>> Stashed changes
PARAMETRIC_REPRESENTATION_CONTEXT() REPRESENTATION_CONTEXT('2D SPACE',''
  ) );
#1135 = ORIENTED_EDGE('',*,*,#1136,.T.);
#1136 = EDGE_CURVE('',#1109,#1029,#1137,.T.);
#1137 = SURFACE_CURVE('',#1138,(#1142,#1149),.PCURVE_S1.);
#1138 = LINE('',#1139,#1140);
#1139 = CARTESIAN_POINT('',(12.816666666667,-16.85,1.));
#1140 = VECTOR('',#1141,1.);
#1141 = DIRECTION('',(-0.707106781187,0.707106781187,-0.));
#1142 = PCURVE('',#922,#1143);
#1143 = DEFINITIONAL_REPRESENTATION('',(#1144),#1148);
#1144 = LINE('',#1145,#1146);
#1145 = CARTESIAN_POINT('',(2.65,1.65));
#1146 = VECTOR('',#1147,1.);
#1147 = DIRECTION('',(-0.707106781187,0.707106781187));
<<<<<<< Updated upstream
#1148 = ( GEOMETRIC_REPRESENTATION_CONTEXT(2)
=======
#1148 = ( GEOMETRIC_REPRESENTATION_CONTEXT(2)
>>>>>>> Stashed changes
PARAMETRIC_REPRESENTATION_CONTEXT() REPRESENTATION_CONTEXT('2D SPACE',''
  ) );
#1149 = PCURVE('',#1150,#1155);
#1150 = PLANE('',#1151);
#1151 = AXIS2_PLACEMENT_3D('',#1152,#1153,#1154);
#1152 = CARTESIAN_POINT('',(13.316666666667,-17.35,1.));
#1153 = DIRECTION('',(-0.707106781187,-0.707106781187,0.));
#1154 = DIRECTION('',(0.,-0.,1.));
#1155 = DEFINITIONAL_REPRESENTATION('',(#1156),#1160);
#1156 = LINE('',#1157,#1158);
#1157 = CARTESIAN_POINT('',(-0.,0.707106781187));
#1158 = VECTOR('',#1159,1.);
#1159 = DIRECTION('',(-0.,1.));
<<<<<<< Updated upstream
#1160 = ( GEOMETRIC_REPRESENTATION_CONTEXT(2)
=======
#1160 = ( GEOMETRIC_REPRESENTATION_CONTEXT(2)
>>>>>>> Stashed changes
PARAMETRIC_REPRESENTATION_CONTEXT() REPRESENTATION_CONTEXT('2D SPACE',''
  ) );
#1161 = ADVANCED_FACE('',(#1162),#1150,.T.);
#1162 = FACE_BOUND('',#1163,.F.);
#1163 = EDGE_LOOP('',(#1164,#1165,#1188,#1211));
#1164 = ORIENTED_EDGE('',*,*,#1136,.F.);
#1165 = ORIENTED_EDGE('',*,*,#1166,.T.);
#1166 = EDGE_CURVE('',#1109,#1167,#1169,.T.);
#1167 = VERTEX_POINT('',#1168);
#1168 = CARTESIAN_POINT('',(13.466666666667,-17.5,-1.));
#1169 = SURFACE_CURVE('',#1170,(#1174,#1181),.PCURVE_S1.);
#1170 = LINE('',#1171,#1172);
#1171 = CARTESIAN_POINT('',(13.466666666667,-17.5,1.));
#1172 = VECTOR('',#1173,1.);
#1173 = DIRECTION('',(0.,0.,-1.));
#1174 = PCURVE('',#1150,#1175);
#1175 = DEFINITIONAL_REPRESENTATION('',(#1176),#1180);
#1176 = LINE('',#1177,#1178);
#1177 = CARTESIAN_POINT('',(-0.,-0.212132034356));
#1178 = VECTOR('',#1179,1.);
#1179 = DIRECTION('',(-1.,0.));
<<<<<<< Updated upstream
#1180 = ( GEOMETRIC_REPRESENTATION_CONTEXT(2)
=======
#1180 = ( GEOMETRIC_REPRESENTATION_CONTEXT(2)
>>>>>>> Stashed changes
PARAMETRIC_REPRESENTATION_CONTEXT() REPRESENTATION_CONTEXT('2D SPACE',''
  ) );
#1181 = PCURVE('',#1124,#1182);
#1182 = DEFINITIONAL_REPRESENTATION('',(#1183),#1187);
#1183 = LINE('',#1184,#1185);
#1184 = CARTESIAN_POINT('',(2.,48.466666666667));
#1185 = VECTOR('',#1186,1.);
#1186 = DIRECTION('',(-1.,0.));
<<<<<<< Updated upstream
#1187 = ( GEOMETRIC_REPRESENTATION_CONTEXT(2)
=======
#1187 = ( GEOMETRIC_REPRESENTATION_CONTEXT(2)
>>>>>>> Stashed changes
PARAMETRIC_REPRESENTATION_CONTEXT() REPRESENTATION_CONTEXT('2D SPACE',''
  ) );
#1188 = ORIENTED_EDGE('',*,*,#1189,.T.);
#1189 = EDGE_CURVE('',#1167,#1190,#1192,.T.);
#1190 = VERTEX_POINT('',#1191);
#1191 = CARTESIAN_POINT('',(13.166666666667,-17.2,-1.));
#1192 = SURFACE_CURVE('',#1193,(#1197,#1204),.PCURVE_S1.);
#1193 = LINE('',#1194,#1195);
#1194 = CARTESIAN_POINT('',(1.275,-5.308333333333,-1.));
#1195 = VECTOR('',#1196,1.);
#1196 = DIRECTION('',(-0.707106781187,0.707106781187,-0.));
#1197 = PCURVE('',#1150,#1198);
#1198 = DEFINITIONAL_REPRESENTATION('',(#1199),#1203);
#1199 = LINE('',#1200,#1201);
#1200 = CARTESIAN_POINT('',(-2.,17.029488313576));
#1201 = VECTOR('',#1202,1.);
#1202 = DIRECTION('',(-0.,1.));
<<<<<<< Updated upstream
#1203 = ( GEOMETRIC_REPRESENTATION_CONTEXT(2)
=======
#1203 = ( GEOMETRIC_REPRESENTATION_CONTEXT(2)
>>>>>>> Stashed changes
PARAMETRIC_REPRESENTATION_CONTEXT() REPRESENTATION_CONTEXT('2D SPACE',''
  ) );
#1204 = PCURVE('',#396,#1205);
#1205 = DEFINITIONAL_REPRESENTATION('',(#1206),#1210);
#1206 = LINE('',#1207,#1208);
#1207 = CARTESIAN_POINT('',(36.275,12.191666666667));
#1208 = VECTOR('',#1209,1.);
#1209 = DIRECTION('',(-0.707106781187,0.707106781187));
<<<<<<< Updated upstream
#1210 = ( GEOMETRIC_REPRESENTATION_CONTEXT(2)
=======
#1210 = ( GEOMETRIC_REPRESENTATION_CONTEXT(2)
>>>>>>> Stashed changes
PARAMETRIC_REPRESENTATION_CONTEXT() REPRESENTATION_CONTEXT('2D SPACE',''
  ) );
#1211 = ORIENTED_EDGE('',*,*,#1212,.F.);
#1212 = EDGE_CURVE('',#1029,#1190,#1213,.T.);
#1213 = SURFACE_CURVE('',#1214,(#1218,#1225),.PCURVE_S1.);
#1214 = LINE('',#1215,#1216);
#1215 = CARTESIAN_POINT('',(13.166666666667,-17.2,1.));
#1216 = VECTOR('',#1217,1.);
#1217 = DIRECTION('',(0.,0.,-1.));
#1218 = PCURVE('',#1150,#1219);
#1219 = DEFINITIONAL_REPRESENTATION('',(#1220),#1224);
#1220 = LINE('',#1221,#1222);
#1221 = CARTESIAN_POINT('',(-0.,0.212132034356));
#1222 = VECTOR('',#1223,1.);
#1223 = DIRECTION('',(-1.,0.));
<<<<<<< Updated upstream
#1224 = ( GEOMETRIC_REPRESENTATION_CONTEXT(2)
=======
#1224 = ( GEOMETRIC_REPRESENTATION_CONTEXT(2)
>>>>>>> Stashed changes
PARAMETRIC_REPRESENTATION_CONTEXT() REPRESENTATION_CONTEXT('2D SPACE',''
  ) );
#1225 = PCURVE('',#1044,#1226);
#1226 = DEFINITIONAL_REPRESENTATION('',(#1227),#1231);
#1227 = LINE('',#1228,#1229);
#1228 = CARTESIAN_POINT('',(2.,-1.3));
#1229 = VECTOR('',#1230,1.);
#1230 = DIRECTION('',(-1.,0.));
<<<<<<< Updated upstream
#1231 = ( GEOMETRIC_REPRESENTATION_CONTEXT(2)
=======
#1231 = ( GEOMETRIC_REPRESENTATION_CONTEXT(2)
>>>>>>> Stashed changes
PARAMETRIC_REPRESENTATION_CONTEXT() REPRESENTATION_CONTEXT('2D SPACE',''
  ) );
#1232 = ADVANCED_FACE('',(#1233),#1124,.F.);
#1233 = FACE_BOUND('',#1234,.F.);
#1234 = EDGE_LOOP('',(#1235,#1260,#1283,#1306,#1329,#1350,#1351,#1352,
    #1375,#1398,#1421,#1444));
#1235 = ORIENTED_EDGE('',*,*,#1236,.F.);
#1236 = EDGE_CURVE('',#1237,#1239,#1241,.T.);
#1237 = VERTEX_POINT('',#1238);
#1238 = CARTESIAN_POINT('',(-35.,-17.5,-1.));
#1239 = VERTEX_POINT('',#1240);
#1240 = CARTESIAN_POINT('',(-13.46666666666,-17.5,-1.));
#1241 = SURFACE_CURVE('',#1242,(#1246,#1253),.PCURVE_S1.);
#1242 = LINE('',#1243,#1244);
#1243 = CARTESIAN_POINT('',(-35.,-17.5,-1.));
#1244 = VECTOR('',#1245,1.);
#1245 = DIRECTION('',(1.,0.,-0.));
#1246 = PCURVE('',#1124,#1247);
#1247 = DEFINITIONAL_REPRESENTATION('',(#1248),#1252);
#1248 = LINE('',#1249,#1250);
#1249 = CARTESIAN_POINT('',(0.,0.));
#1250 = VECTOR('',#1251,1.);
#1251 = DIRECTION('',(0.,1.));
<<<<<<< Updated upstream
#1252 = ( GEOMETRIC_REPRESENTATION_CONTEXT(2)
=======
#1252 = ( GEOMETRIC_REPRESENTATION_CONTEXT(2)
>>>>>>> Stashed changes
PARAMETRIC_REPRESENTATION_CONTEXT() REPRESENTATION_CONTEXT('2D SPACE',''
  ) );
#1253 = PCURVE('',#100,#1254);
#1254 = DEFINITIONAL_REPRESENTATION('',(#1255),#1259);
#1255 = LINE('',#1256,#1257);
#1256 = CARTESIAN_POINT('',(0.,0.));
#1257 = VECTOR('',#1258,1.);
#1258 = DIRECTION('',(1.,0.));
<<<<<<< Updated upstream
#1259 = ( GEOMETRIC_REPRESENTATION_CONTEXT(2)
=======
#1259 = ( GEOMETRIC_REPRESENTATION_CONTEXT(2)
>>>>>>> Stashed changes
PARAMETRIC_REPRESENTATION_CONTEXT() REPRESENTATION_CONTEXT('2D SPACE',''
  ) );
#1260 = ORIENTED_EDGE('',*,*,#1261,.T.);
#1261 = EDGE_CURVE('',#1237,#1262,#1264,.T.);
#1262 = VERTEX_POINT('',#1263);
#1263 = CARTESIAN_POINT('',(-35.,-17.5,20.));
#1264 = SURFACE_CURVE('',#1265,(#1269,#1276),.PCURVE_S1.);
#1265 = LINE('',#1266,#1267);
#1266 = CARTESIAN_POINT('',(-35.,-17.5,-1.));
#1267 = VECTOR('',#1268,1.);
#1268 = DIRECTION('',(0.,0.,1.));
#1269 = PCURVE('',#1124,#1270);
#1270 = DEFINITIONAL_REPRESENTATION('',(#1271),#1275);
#1271 = LINE('',#1272,#1273);
#1272 = CARTESIAN_POINT('',(0.,0.));
#1273 = VECTOR('',#1274,1.);
#1274 = DIRECTION('',(1.,0.));
<<<<<<< Updated upstream
#1275 = ( GEOMETRIC_REPRESENTATION_CONTEXT(2)
=======
#1275 = ( GEOMETRIC_REPRESENTATION_CONTEXT(2)
>>>>>>> Stashed changes
PARAMETRIC_REPRESENTATION_CONTEXT() REPRESENTATION_CONTEXT('2D SPACE',''
  ) );
#1276 = PCURVE('',#312,#1277);
#1277 = DEFINITIONAL_REPRESENTATION('',(#1278),#1282);
#1278 = LINE('',#1279,#1280);
#1279 = CARTESIAN_POINT('',(0.,0.));
#1280 = VECTOR('',#1281,1.);
#1281 = DIRECTION('',(1.,0.));
<<<<<<< Updated upstream
#1282 = ( GEOMETRIC_REPRESENTATION_CONTEXT(2)
=======
#1282 = ( GEOMETRIC_REPRESENTATION_CONTEXT(2)
>>>>>>> Stashed changes
PARAMETRIC_REPRESENTATION_CONTEXT() REPRESENTATION_CONTEXT('2D SPACE',''
  ) );
#1283 = ORIENTED_EDGE('',*,*,#1284,.T.);
#1284 = EDGE_CURVE('',#1262,#1285,#1287,.T.);
#1285 = VERTEX_POINT('',#1286);
#1286 = CARTESIAN_POINT('',(35.,-17.5,20.));
#1287 = SURFACE_CURVE('',#1288,(#1292,#1299),.PCURVE_S1.);
#1288 = LINE('',#1289,#1290);
#1289 = CARTESIAN_POINT('',(-35.,-17.5,20.));
#1290 = VECTOR('',#1291,1.);
#1291 = DIRECTION('',(1.,0.,0.));
#1292 = PCURVE('',#1124,#1293);
#1293 = DEFINITIONAL_REPRESENTATION('',(#1294),#1298);
#1294 = LINE('',#1295,#1296);
#1295 = CARTESIAN_POINT('',(21.,0.));
#1296 = VECTOR('',#1297,1.);
#1297 = DIRECTION('',(0.,1.));
<<<<<<< Updated upstream
#1298 = ( GEOMETRIC_REPRESENTATION_CONTEXT(2)
=======
#1298 = ( GEOMETRIC_REPRESENTATION_CONTEXT(2)
>>>>>>> Stashed changes
PARAMETRIC_REPRESENTATION_CONTEXT() REPRESENTATION_CONTEXT('2D SPACE',''
  ) );
#1299 = PCURVE('',#1013,#1300);
#1300 = DEFINITIONAL_REPRESENTATION('',(#1301),#1305);
#1301 = LINE('',#1302,#1303);
#1302 = CARTESIAN_POINT('',(0.,0.));
#1303 = VECTOR('',#1304,1.);
#1304 = DIRECTION('',(1.,0.));
<<<<<<< Updated upstream
#1305 = ( GEOMETRIC_REPRESENTATION_CONTEXT(2)
=======
#1305 = ( GEOMETRIC_REPRESENTATION_CONTEXT(2)
>>>>>>> Stashed changes
PARAMETRIC_REPRESENTATION_CONTEXT() REPRESENTATION_CONTEXT('2D SPACE',''
  ) );
#1306 = ORIENTED_EDGE('',*,*,#1307,.F.);
#1307 = EDGE_CURVE('',#1308,#1285,#1310,.T.);
#1308 = VERTEX_POINT('',#1309);
#1309 = CARTESIAN_POINT('',(35.,-17.5,-1.));
#1310 = SURFACE_CURVE('',#1311,(#1315,#1322),.PCURVE_S1.);
#1311 = LINE('',#1312,#1313);
#1312 = CARTESIAN_POINT('',(35.,-17.5,-1.));
#1313 = VECTOR('',#1314,1.);
#1314 = DIRECTION('',(0.,0.,1.));
#1315 = PCURVE('',#1124,#1316);
#1316 = DEFINITIONAL_REPRESENTATION('',(#1317),#1321);
#1317 = LINE('',#1318,#1319);
#1318 = CARTESIAN_POINT('',(0.,70.));
#1319 = VECTOR('',#1320,1.);
#1320 = DIRECTION('',(1.,0.));
<<<<<<< Updated upstream
#1321 = ( GEOMETRIC_REPRESENTATION_CONTEXT(2)
=======
#1321 = ( GEOMETRIC_REPRESENTATION_CONTEXT(2)
>>>>>>> Stashed changes
PARAMETRIC_REPRESENTATION_CONTEXT() REPRESENTATION_CONTEXT('2D SPACE',''
  ) );
#1322 = PCURVE('',#368,#1323);
#1323 = DEFINITIONAL_REPRESENTATION('',(#1324),#1328);
#1324 = LINE('',#1325,#1326);
#1325 = CARTESIAN_POINT('',(0.,0.));
#1326 = VECTOR('',#1327,1.);
#1327 = DIRECTION('',(1.,0.));
<<<<<<< Updated upstream
#1328 = ( GEOMETRIC_REPRESENTATION_CONTEXT(2)
=======
#1328 = ( GEOMETRIC_REPRESENTATION_CONTEXT(2)
>>>>>>> Stashed changes
PARAMETRIC_REPRESENTATION_CONTEXT() REPRESENTATION_CONTEXT('2D SPACE',''
  ) );
#1329 = ORIENTED_EDGE('',*,*,#1330,.F.);
#1330 = EDGE_CURVE('',#1167,#1308,#1331,.T.);
#1331 = SURFACE_CURVE('',#1332,(#1336,#1343),.PCURVE_S1.);
#1332 = LINE('',#1333,#1334);
#1333 = CARTESIAN_POINT('',(-35.,-17.5,-1.));
#1334 = VECTOR('',#1335,1.);
#1335 = DIRECTION('',(1.,0.,-0.));
#1336 = PCURVE('',#1124,#1337);
#1337 = DEFINITIONAL_REPRESENTATION('',(#1338),#1342);
#1338 = LINE('',#1339,#1340);
#1339 = CARTESIAN_POINT('',(0.,0.));
#1340 = VECTOR('',#1341,1.);
#1341 = DIRECTION('',(0.,1.));
<<<<<<< Updated upstream
#1342 = ( GEOMETRIC_REPRESENTATION_CONTEXT(2)
=======
#1342 = ( GEOMETRIC_REPRESENTATION_CONTEXT(2)
>>>>>>> Stashed changes
PARAMETRIC_REPRESENTATION_CONTEXT() REPRESENTATION_CONTEXT('2D SPACE',''
  ) );
#1343 = PCURVE('',#396,#1344);
#1344 = DEFINITIONAL_REPRESENTATION('',(#1345),#1349);
#1345 = LINE('',#1346,#1347);
#1346 = CARTESIAN_POINT('',(0.,0.));
#1347 = VECTOR('',#1348,1.);
#1348 = DIRECTION('',(1.,0.));
<<<<<<< Updated upstream
#1349 = ( GEOMETRIC_REPRESENTATION_CONTEXT(2)
=======
#1349 = ( GEOMETRIC_REPRESENTATION_CONTEXT(2)
>>>>>>> Stashed changes
PARAMETRIC_REPRESENTATION_CONTEXT() REPRESENTATION_CONTEXT('2D SPACE',''
  ) );
#1350 = ORIENTED_EDGE('',*,*,#1166,.F.);
#1351 = ORIENTED_EDGE('',*,*,#1108,.F.);
#1352 = ORIENTED_EDGE('',*,*,#1353,.T.);
#1353 = EDGE_CURVE('',#1081,#1354,#1356,.T.);
#1354 = VERTEX_POINT('',#1355);
#1355 = CARTESIAN_POINT('',(9.866666666667,-17.5,-1.));
#1356 = SURFACE_CURVE('',#1357,(#1361,#1368),.PCURVE_S1.);
#1357 = LINE('',#1358,#1359);
#1358 = CARTESIAN_POINT('',(9.866666666667,-17.5,1.));
#1359 = VECTOR('',#1360,1.);
#1360 = DIRECTION('',(0.,0.,-1.));
#1361 = PCURVE('',#1124,#1362);
#1362 = DEFINITIONAL_REPRESENTATION('',(#1363),#1367);
#1363 = LINE('',#1364,#1365);
#1364 = CARTESIAN_POINT('',(2.,44.866666666667));
#1365 = VECTOR('',#1366,1.);
#1366 = DIRECTION('',(-1.,0.));
<<<<<<< Updated upstream
#1367 = ( GEOMETRIC_REPRESENTATION_CONTEXT(2)
=======
#1367 = ( GEOMETRIC_REPRESENTATION_CONTEXT(2)
>>>>>>> Stashed changes
PARAMETRIC_REPRESENTATION_CONTEXT() REPRESENTATION_CONTEXT('2D SPACE',''
  ) );
#1368 = PCURVE('',#1096,#1369);
#1369 = DEFINITIONAL_REPRESENTATION('',(#1370),#1374);
#1370 = LINE('',#1371,#1372);
#1371 = CARTESIAN_POINT('',(-0.,-0.212132034356));
#1372 = VECTOR('',#1373,1.);
#1373 = DIRECTION('',(-1.,0.));
<<<<<<< Updated upstream
#1374 = ( GEOMETRIC_REPRESENTATION_CONTEXT(2)
=======
#1374 = ( GEOMETRIC_REPRESENTATION_CONTEXT(2)
>>>>>>> Stashed changes
PARAMETRIC_REPRESENTATION_CONTEXT() REPRESENTATION_CONTEXT('2D SPACE',''
  ) );
#1375 = ORIENTED_EDGE('',*,*,#1376,.F.);
#1376 = EDGE_CURVE('',#1377,#1354,#1379,.T.);
#1377 = VERTEX_POINT('',#1378);
#1378 = CARTESIAN_POINT('',(-9.866666666667,-17.5,-1.));
#1379 = SURFACE_CURVE('',#1380,(#1384,#1391),.PCURVE_S1.);
#1380 = LINE('',#1381,#1382);
#1381 = CARTESIAN_POINT('',(-35.,-17.5,-1.));
#1382 = VECTOR('',#1383,1.);
#1383 = DIRECTION('',(1.,0.,-0.));
#1384 = PCURVE('',#1124,#1385);
#1385 = DEFINITIONAL_REPRESENTATION('',(#1386),#1390);
#1386 = LINE('',#1387,#1388);
#1387 = CARTESIAN_POINT('',(0.,0.));
#1388 = VECTOR('',#1389,1.);
#1389 = DIRECTION('',(0.,1.));
<<<<<<< Updated upstream
#1390 = ( GEOMETRIC_REPRESENTATION_CONTEXT(2)
=======
#1390 = ( GEOMETRIC_REPRESENTATION_CONTEXT(2)
>>>>>>> Stashed changes
PARAMETRIC_REPRESENTATION_CONTEXT() REPRESENTATION_CONTEXT('2D SPACE',''
  ) );
#1391 = PCURVE('',#508,#1392);
#1392 = DEFINITIONAL_REPRESENTATION('',(#1393),#1397);
#1393 = LINE('',#1394,#1395);
#1394 = CARTESIAN_POINT('',(0.,0.));
#1395 = VECTOR('',#1396,1.);
#1396 = DIRECTION('',(1.,0.));
<<<<<<< Updated upstream
#1397 = ( GEOMETRIC_REPRESENTATION_CONTEXT(2)
=======
#1397 = ( GEOMETRIC_REPRESENTATION_CONTEXT(2)
>>>>>>> Stashed changes
PARAMETRIC_REPRESENTATION_CONTEXT() REPRESENTATION_CONTEXT('2D SPACE',''
  ) );
#1398 = ORIENTED_EDGE('',*,*,#1399,.F.);
#1399 = EDGE_CURVE('',#1400,#1377,#1402,.T.);
#1400 = VERTEX_POINT('',#1401);
#1401 = CARTESIAN_POINT('',(-9.866666666667,-17.5,1.));
#1402 = SURFACE_CURVE('',#1403,(#1407,#1414),.PCURVE_S1.);
#1403 = LINE('',#1404,#1405);
#1404 = CARTESIAN_POINT('',(-9.866666666667,-17.5,1.));
#1405 = VECTOR('',#1406,1.);
#1406 = DIRECTION('',(0.,0.,-1.));
#1407 = PCURVE('',#1124,#1408);
#1408 = DEFINITIONAL_REPRESENTATION('',(#1409),#1413);
#1409 = LINE('',#1410,#1411);
#1410 = CARTESIAN_POINT('',(2.,25.133333333333));
#1411 = VECTOR('',#1412,1.);
#1412 = DIRECTION('',(-1.,0.));
<<<<<<< Updated upstream
#1413 = ( GEOMETRIC_REPRESENTATION_CONTEXT(2)
=======
#1413 = ( GEOMETRIC_REPRESENTATION_CONTEXT(2)
>>>>>>> Stashed changes
PARAMETRIC_REPRESENTATION_CONTEXT() REPRESENTATION_CONTEXT('2D SPACE',''
  ) );
#1414 = PCURVE('',#690,#1415);
#1415 = DEFINITIONAL_REPRESENTATION('',(#1416),#1420);
#1416 = LINE('',#1417,#1418);
#1417 = CARTESIAN_POINT('',(-0.,-0.212132034356));
#1418 = VECTOR('',#1419,1.);
#1419 = DIRECTION('',(-1.,0.));
<<<<<<< Updated upstream
#1420 = ( GEOMETRIC_REPRESENTATION_CONTEXT(2)
=======
#1420 = ( GEOMETRIC_REPRESENTATION_CONTEXT(2)
>>>>>>> Stashed changes
PARAMETRIC_REPRESENTATION_CONTEXT() REPRESENTATION_CONTEXT('2D SPACE',''
  ) );
#1421 = ORIENTED_EDGE('',*,*,#1422,.T.);
#1422 = EDGE_CURVE('',#1400,#1423,#1425,.T.);
#1423 = VERTEX_POINT('',#1424);
#1424 = CARTESIAN_POINT('',(-13.46666666666,-17.5,1.));
#1425 = SURFACE_CURVE('',#1426,(#1430,#1437),.PCURVE_S1.);
#1426 = LINE('',#1427,#1428);
#1427 = CARTESIAN_POINT('',(-9.866666666667,-17.5,1.));
#1428 = VECTOR('',#1429,1.);
#1429 = DIRECTION('',(-1.,0.,0.));
#1430 = PCURVE('',#1124,#1431);
#1431 = DEFINITIONAL_REPRESENTATION('',(#1432),#1436);
#1432 = LINE('',#1433,#1434);
#1433 = CARTESIAN_POINT('',(2.,25.133333333333));
#1434 = VECTOR('',#1435,1.);
#1435 = DIRECTION('',(0.,-1.));
<<<<<<< Updated upstream
#1436 = ( GEOMETRIC_REPRESENTATION_CONTEXT(2)
=======
#1436 = ( GEOMETRIC_REPRESENTATION_CONTEXT(2)
>>>>>>> Stashed changes
PARAMETRIC_REPRESENTATION_CONTEXT() REPRESENTATION_CONTEXT('2D SPACE',''
  ) );
#1437 = PCURVE('',#44,#1438);
#1438 = DEFINITIONAL_REPRESENTATION('',(#1439),#1443);
#1439 = LINE('',#1440,#1441);
#1440 = CARTESIAN_POINT('',(3.3,1.));
#1441 = VECTOR('',#1442,1.);
#1442 = DIRECTION('',(-1.,0.));
<<<<<<< Updated upstream
#1443 = ( GEOMETRIC_REPRESENTATION_CONTEXT(2)
=======
#1443 = ( GEOMETRIC_REPRESENTATION_CONTEXT(2)
>>>>>>> Stashed changes
PARAMETRIC_REPRESENTATION_CONTEXT() REPRESENTATION_CONTEXT('2D SPACE',''
  ) );
#1444 = ORIENTED_EDGE('',*,*,#1445,.T.);
#1445 = EDGE_CURVE('',#1423,#1239,#1446,.T.);
#1446 = SURFACE_CURVE('',#1447,(#1451,#1458),.PCURVE_S1.);
#1447 = LINE('',#1448,#1449);
#1448 = CARTESIAN_POINT('',(-13.46666666666,-17.5,1.));
#1449 = VECTOR('',#1450,1.);
#1450 = DIRECTION('',(0.,0.,-1.));
#1451 = PCURVE('',#1124,#1452);
#1452 = DEFINITIONAL_REPRESENTATION('',(#1453),#1457);
#1453 = LINE('',#1454,#1455);
#1454 = CARTESIAN_POINT('',(2.,21.533333333333));
#1455 = VECTOR('',#1456,1.);
#1456 = DIRECTION('',(-1.,0.));
<<<<<<< Updated upstream
#1457 = ( GEOMETRIC_REPRESENTATION_CONTEXT(2)
=======
#1457 = ( GEOMETRIC_REPRESENTATION_CONTEXT(2)
>>>>>>> Stashed changes
PARAMETRIC_REPRESENTATION_CONTEXT() REPRESENTATION_CONTEXT('2D SPACE',''
  ) );
#1458 = PCURVE('',#72,#1459);
#1459 = DEFINITIONAL_REPRESENTATION('',(#1460),#1464);
#1460 = LINE('',#1461,#1462);
#1461 = CARTESIAN_POINT('',(0.,0.212132034356));
#1462 = VECTOR('',#1463,1.);
#1463 = DIRECTION('',(1.,0.));
<<<<<<< Updated upstream
#1464 = ( GEOMETRIC_REPRESENTATION_CONTEXT(2)
=======
#1464 = ( GEOMETRIC_REPRESENTATION_CONTEXT(2)
>>>>>>> Stashed changes
PARAMETRIC_REPRESENTATION_CONTEXT() REPRESENTATION_CONTEXT('2D SPACE',''
  ) );
#1465 = ADVANCED_FACE('',(#1466),#1096,.F.);
#1466 = FACE_BOUND('',#1467,.T.);
#1467 = EDGE_LOOP('',(#1468,#1469,#1470,#1493));
#1468 = ORIENTED_EDGE('',*,*,#1080,.F.);
#1469 = ORIENTED_EDGE('',*,*,#1353,.T.);
#1470 = ORIENTED_EDGE('',*,*,#1471,.T.);
#1471 = EDGE_CURVE('',#1354,#1472,#1474,.T.);
#1472 = VERTEX_POINT('',#1473);
#1473 = CARTESIAN_POINT('',(10.166666666667,-17.2,-1.));
#1474 = SURFACE_CURVE('',#1475,(#1479,#1486),.PCURVE_S1.);
#1475 = LINE('',#1476,#1477);
#1476 = CARTESIAN_POINT('',(-1.275,-28.64166666666,-1.));
#1477 = VECTOR('',#1478,1.);
#1478 = DIRECTION('',(0.707106781187,0.707106781187,-0.));
#1479 = PCURVE('',#1096,#1480);
#1480 = DEFINITIONAL_REPRESENTATION('',(#1481),#1485);
#1481 = LINE('',#1482,#1483);
#1482 = CARTESIAN_POINT('',(-2.,-15.96882814179));
#1483 = VECTOR('',#1484,1.);
#1484 = DIRECTION('',(-0.,1.));
<<<<<<< Updated upstream
#1485 = ( GEOMETRIC_REPRESENTATION_CONTEXT(2)
=======
#1485 = ( GEOMETRIC_REPRESENTATION_CONTEXT(2)
>>>>>>> Stashed changes
PARAMETRIC_REPRESENTATION_CONTEXT() REPRESENTATION_CONTEXT('2D SPACE',''
  ) );
#1486 = PCURVE('',#508,#1487);
#1487 = DEFINITIONAL_REPRESENTATION('',(#1488),#1492);
#1488 = LINE('',#1489,#1490);
#1489 = CARTESIAN_POINT('',(33.725,-11.14166666666));
#1490 = VECTOR('',#1491,1.);
#1491 = DIRECTION('',(0.707106781187,0.707106781187));
<<<<<<< Updated upstream
#1492 = ( GEOMETRIC_REPRESENTATION_CONTEXT(2)
=======
#1492 = ( GEOMETRIC_REPRESENTATION_CONTEXT(2)
>>>>>>> Stashed changes
PARAMETRIC_REPRESENTATION_CONTEXT() REPRESENTATION_CONTEXT('2D SPACE',''
  ) );
#1493 = ORIENTED_EDGE('',*,*,#1494,.F.);
#1494 = EDGE_CURVE('',#1058,#1472,#1495,.T.);
#1495 = SURFACE_CURVE('',#1496,(#1500,#1507),.PCURVE_S1.);
#1496 = LINE('',#1497,#1498);
#1497 = CARTESIAN_POINT('',(10.166666666667,-17.2,1.));
#1498 = VECTOR('',#1499,1.);
#1499 = DIRECTION('',(0.,0.,-1.));
#1500 = PCURVE('',#1096,#1501);
#1501 = DEFINITIONAL_REPRESENTATION('',(#1502),#1506);
#1502 = LINE('',#1503,#1504);
#1503 = CARTESIAN_POINT('',(-0.,0.212132034356));
#1504 = VECTOR('',#1505,1.);
#1505 = DIRECTION('',(-1.,0.));
<<<<<<< Updated upstream
#1506 = ( GEOMETRIC_REPRESENTATION_CONTEXT(2)
=======
#1506 = ( GEOMETRIC_REPRESENTATION_CONTEXT(2)
>>>>>>> Stashed changes
PARAMETRIC_REPRESENTATION_CONTEXT() REPRESENTATION_CONTEXT('2D SPACE',''
  ) );
#1507 = PCURVE('',#819,#1508);
#1508 = DEFINITIONAL_REPRESENTATION('',(#1509),#1513);
#1509 = LINE('',#1510,#1511);
#1510 = CARTESIAN_POINT('',(2.,-1.3));
#1511 = VECTOR('',#1512,1.);
#1512 = DIRECTION('',(-1.,0.));
<<<<<<< Updated upstream
#1513 = ( GEOMETRIC_REPRESENTATION_CONTEXT(2)
=======
#1513 = ( GEOMETRIC_REPRESENTATION_CONTEXT(2)
>>>>>>> Stashed changes
PARAMETRIC_REPRESENTATION_CONTEXT() REPRESENTATION_CONTEXT('2D SPACE',''
  ) );
#1514 = ADVANCED_FACE('',(#1515),#1044,.F.);
#1515 = FACE_BOUND('',#1516,.F.);
#1516 = EDGE_LOOP('',(#1517,#1518,#1519,#1542,#1565,#1588));
#1517 = ORIENTED_EDGE('',*,*,#1028,.F.);
#1518 = ORIENTED_EDGE('',*,*,#1212,.T.);
#1519 = ORIENTED_EDGE('',*,*,#1520,.T.);
#1520 = EDGE_CURVE('',#1190,#1521,#1523,.T.);
#1521 = VERTEX_POINT('',#1522);
#1522 = CARTESIAN_POINT('',(13.166666666667,17.2,-1.));
#1523 = SURFACE_CURVE('',#1524,(#1528,#1535),.PCURVE_S1.);
#1524 = LINE('',#1525,#1526);
#1525 = CARTESIAN_POINT('',(13.166666666667,-18.5,-1.));
#1526 = VECTOR('',#1527,1.);
#1527 = DIRECTION('',(0.,1.,0.));
#1528 = PCURVE('',#1044,#1529);
#1529 = DEFINITIONAL_REPRESENTATION('',(#1530),#1534);
#1530 = LINE('',#1531,#1532);
#1531 = CARTESIAN_POINT('',(0.,0.));
#1532 = VECTOR('',#1533,1.);
#1533 = DIRECTION('',(0.,-1.));
<<<<<<< Updated upstream
#1534 = ( GEOMETRIC_REPRESENTATION_CONTEXT(2)
=======
#1534 = ( GEOMETRIC_REPRESENTATION_CONTEXT(2)
>>>>>>> Stashed changes
PARAMETRIC_REPRESENTATION_CONTEXT() REPRESENTATION_CONTEXT('2D SPACE',''
  ) );
#1535 = PCURVE('',#396,#1536);
#1536 = DEFINITIONAL_REPRESENTATION('',(#1537),#1541);
#1537 = LINE('',#1538,#1539);
#1538 = CARTESIAN_POINT('',(48.166666666667,-1.));
#1539 = VECTOR('',#1540,1.);
#1540 = DIRECTION('',(0.,1.));
<<<<<<< Updated upstream
#1541 = ( GEOMETRIC_REPRESENTATION_CONTEXT(2)
=======
#1541 = ( GEOMETRIC_REPRESENTATION_CONTEXT(2)
>>>>>>> Stashed changes
PARAMETRIC_REPRESENTATION_CONTEXT() REPRESENTATION_CONTEXT('2D SPACE',''
  ) );
#1542 = ORIENTED_EDGE('',*,*,#1543,.F.);
#1543 = EDGE_CURVE('',#1544,#1521,#1546,.T.);
#1544 = VERTEX_POINT('',#1545);
#1545 = CARTESIAN_POINT('',(13.166666666667,17.2,1.));
#1546 = SURFACE_CURVE('',#1547,(#1551,#1558),.PCURVE_S1.);
#1547 = LINE('',#1548,#1549);
#1548 = CARTESIAN_POINT('',(13.166666666667,17.2,1.));
#1549 = VECTOR('',#1550,1.);
#1550 = DIRECTION('',(0.,0.,-1.));
#1551 = PCURVE('',#1044,#1552);
#1552 = DEFINITIONAL_REPRESENTATION('',(#1553),#1557);
#1553 = LINE('',#1554,#1555);
#1554 = CARTESIAN_POINT('',(2.,-35.7));
#1555 = VECTOR('',#1556,1.);
#1556 = DIRECTION('',(-1.,0.));
<<<<<<< Updated upstream
#1557 = ( GEOMETRIC_REPRESENTATION_CONTEXT(2)
=======
#1557 = ( GEOMETRIC_REPRESENTATION_CONTEXT(2)
>>>>>>> Stashed changes
PARAMETRIC_REPRESENTATION_CONTEXT() REPRESENTATION_CONTEXT('2D SPACE',''
  ) );
#1558 = PCURVE('',#424,#1559);
#1559 = DEFINITIONAL_REPRESENTATION('',(#1560),#1564);
#1560 = LINE('',#1561,#1562);
#1561 = CARTESIAN_POINT('',(-0.,0.212132034356));
#1562 = VECTOR('',#1563,1.);
#1563 = DIRECTION('',(-1.,0.));
<<<<<<< Updated upstream
#1564 = ( GEOMETRIC_REPRESENTATION_CONTEXT(2)
=======
#1564 = ( GEOMETRIC_REPRESENTATION_CONTEXT(2)
>>>>>>> Stashed changes
PARAMETRIC_REPRESENTATION_CONTEXT() REPRESENTATION_CONTEXT('2D SPACE',''
  ) );
#1565 = ORIENTED_EDGE('',*,*,#1566,.F.);
#1566 = EDGE_CURVE('',#1567,#1544,#1569,.T.);
#1567 = VERTEX_POINT('',#1568);
#1568 = CARTESIAN_POINT('',(13.166666666667,15.5,1.));
#1569 = SURFACE_CURVE('',#1570,(#1574,#1581),.PCURVE_S1.);
#1570 = LINE('',#1571,#1572);
#1571 = CARTESIAN_POINT('',(13.166666666667,-18.5,1.));
#1572 = VECTOR('',#1573,1.);
#1573 = DIRECTION('',(0.,1.,0.));
#1574 = PCURVE('',#1044,#1575);
#1575 = DEFINITIONAL_REPRESENTATION('',(#1576),#1580);
#1576 = LINE('',#1577,#1578);
#1577 = CARTESIAN_POINT('',(2.,0.));
#1578 = VECTOR('',#1579,1.);
#1579 = DIRECTION('',(0.,-1.));
<<<<<<< Updated upstream
#1580 = ( GEOMETRIC_REPRESENTATION_CONTEXT(2)
=======
#1580 = ( GEOMETRIC_REPRESENTATION_CONTEXT(2)
>>>>>>> Stashed changes
PARAMETRIC_REPRESENTATION_CONTEXT() REPRESENTATION_CONTEXT('2D SPACE',''
  ) );
#1581 = PCURVE('',#452,#1582);
#1582 = DEFINITIONAL_REPRESENTATION('',(#1583),#1587);
#1583 = LINE('',#1584,#1585);
#1584 = CARTESIAN_POINT('',(3.,0.));
#1585 = VECTOR('',#1586,1.);
#1586 = DIRECTION('',(0.,1.));
<<<<<<< Updated upstream
#1587 = ( GEOMETRIC_REPRESENTATION_CONTEXT(2)
=======
#1587 = ( GEOMETRIC_REPRESENTATION_CONTEXT(2)
>>>>>>> Stashed changes
PARAMETRIC_REPRESENTATION_CONTEXT() REPRESENTATION_CONTEXT('2D SPACE',''
  ) );
#1588 = ORIENTED_EDGE('',*,*,#1589,.F.);
#1589 = EDGE_CURVE('',#884,#1567,#1590,.T.);
#1590 = SURFACE_CURVE('',#1591,(#1595,#1602),.PCURVE_S1.);
#1591 = LINE('',#1592,#1593);
#1592 = CARTESIAN_POINT('',(13.166666666667,-18.5,1.));
#1593 = VECTOR('',#1594,1.);
#1594 = DIRECTION('',(0.,1.,0.));
#1595 = PCURVE('',#1044,#1596);
#1596 = DEFINITIONAL_REPRESENTATION('',(#1597),#1601);
#1597 = LINE('',#1598,#1599);
#1598 = CARTESIAN_POINT('',(2.,0.));
#1599 = VECTOR('',#1600,1.);
#1600 = DIRECTION('',(0.,-1.));
<<<<<<< Updated upstream
#1601 = ( GEOMETRIC_REPRESENTATION_CONTEXT(2)
=======
#1601 = ( GEOMETRIC_REPRESENTATION_CONTEXT(2)
>>>>>>> Stashed changes
PARAMETRIC_REPRESENTATION_CONTEXT() REPRESENTATION_CONTEXT('2D SPACE',''
  ) );
#1602 = PCURVE('',#898,#1603);
#1603 = DEFINITIONAL_REPRESENTATION('',(#1604),#1608);
#1604 = LINE('',#1605,#1606);
#1605 = CARTESIAN_POINT('',(48.166666666667,-1.));
#1606 = VECTOR('',#1607,1.);
#1607 = DIRECTION('',(0.,1.));
<<<<<<< Updated upstream
#1608 = ( GEOMETRIC_REPRESENTATION_CONTEXT(2)
=======
#1608 = ( GEOMETRIC_REPRESENTATION_CONTEXT(2)
>>>>>>> Stashed changes
PARAMETRIC_REPRESENTATION_CONTEXT() REPRESENTATION_CONTEXT('2D SPACE',''
  ) );
#1609 = ADVANCED_FACE('',(#1610,#1656,#1762,#1793),#898,.T.);
#1610 = FACE_BOUND('',#1611,.T.);
#1611 = EDGE_LOOP('',(#1612,#1613,#1614,#1637));
#1612 = ORIENTED_EDGE('',*,*,#1589,.F.);
#1613 = ORIENTED_EDGE('',*,*,#883,.F.);
#1614 = ORIENTED_EDGE('',*,*,#1615,.T.);
#1615 = EDGE_CURVE('',#859,#1616,#1618,.T.);
#1616 = VERTEX_POINT('',#1617);
#1617 = CARTESIAN_POINT('',(35.,15.5,1.));
#1618 = SURFACE_CURVE('',#1619,(#1623,#1630),.PCURVE_S1.);
#1619 = LINE('',#1620,#1621);
#1620 = CARTESIAN_POINT('',(35.,-17.5,1.));
#1621 = VECTOR('',#1622,1.);
#1622 = DIRECTION('',(-0.,1.,0.));
#1623 = PCURVE('',#898,#1624);
#1624 = DEFINITIONAL_REPRESENTATION('',(#1625),#1629);
#1625 = LINE('',#1626,#1627);
#1626 = CARTESIAN_POINT('',(70.,0.));
#1627 = VECTOR('',#1628,1.);
#1628 = DIRECTION('',(0.,1.));
<<<<<<< Updated upstream
#1629 = ( GEOMETRIC_REPRESENTATION_CONTEXT(2)
=======
#1629 = ( GEOMETRIC_REPRESENTATION_CONTEXT(2)
>>>>>>> Stashed changes
PARAMETRIC_REPRESENTATION_CONTEXT() REPRESENTATION_CONTEXT('2D SPACE',''
  ) );
#1630 = PCURVE('',#368,#1631);
#1631 = DEFINITIONAL_REPRESENTATION('',(#1632),#1636);
#1632 = LINE('',#1633,#1634);
#1633 = CARTESIAN_POINT('',(2.,0.));
#1634 = VECTOR('',#1635,1.);
#1635 = DIRECTION('',(0.,-1.));
<<<<<<< Updated upstream
#1636 = ( GEOMETRIC_REPRESENTATION_CONTEXT(2)
=======
#1636 = ( GEOMETRIC_REPRESENTATION_CONTEXT(2)
>>>>>>> Stashed changes
PARAMETRIC_REPRESENTATION_CONTEXT() REPRESENTATION_CONTEXT('2D SPACE',''
  ) );
#1637 = ORIENTED_EDGE('',*,*,#1638,.T.);
#1638 = EDGE_CURVE('',#1616,#1567,#1639,.T.);
#1639 = SURFACE_CURVE('',#1640,(#1644,#1650),.PCURVE_S1.);
#1640 = LINE('',#1641,#1642);
#1641 = CARTESIAN_POINT('',(-35.,15.5,1.));
#1642 = VECTOR('',#1643,1.);
#1643 = DIRECTION('',(-1.,0.,0.));
#1644 = PCURVE('',#898,#1645);
#1645 = DEFINITIONAL_REPRESENTATION('',(#1646),#1649);
#1646 = B_SPLINE_CURVE_WITH_KNOTS('',1,(#1647,#1648),.UNSPECIFIED.,.F.,
  .F.,(2,2),(-70.,0.),.PIECEWISE_BEZIER_KNOTS.);
#1647 = CARTESIAN_POINT('',(70.,33.));
#1648 = CARTESIAN_POINT('',(0.,33.));
<<<<<<< Updated upstream
#1649 = ( GEOMETRIC_REPRESENTATION_CONTEXT(2)
=======
#1649 = ( GEOMETRIC_REPRESENTATION_CONTEXT(2)
>>>>>>> Stashed changes
PARAMETRIC_REPRESENTATION_CONTEXT() REPRESENTATION_CONTEXT('2D SPACE',''
  ) );
#1650 = PCURVE('',#844,#1651);
#1651 = DEFINITIONAL_REPRESENTATION('',(#1652),#1655);
#1652 = B_SPLINE_CURVE_WITH_KNOTS('',1,(#1653,#1654),.UNSPECIFIED.,.F.,
  .F.,(2,2),(-70.,0.),.PIECEWISE_BEZIER_KNOTS.);
#1653 = CARTESIAN_POINT('',(1.,70.));
#1654 = CARTESIAN_POINT('',(1.,0.));
<<<<<<< Updated upstream
#1655 = ( GEOMETRIC_REPRESENTATION_CONTEXT(2)
=======
#1655 = ( GEOMETRIC_REPRESENTATION_CONTEXT(2)
>>>>>>> Stashed changes
PARAMETRIC_REPRESENTATION_CONTEXT() REPRESENTATION_CONTEXT('2D SPACE',''
  ) );
#1656 = FACE_BOUND('',#1657,.T.);
#1657 = EDGE_LOOP('',(#1658,#1686,#1712,#1738));
#1658 = ORIENTED_EDGE('',*,*,#1659,.T.);
#1659 = EDGE_CURVE('',#1660,#1662,#1664,.T.);
#1660 = VERTEX_POINT('',#1661);
#1661 = CARTESIAN_POINT('',(18.5,-9.75,1.));
#1662 = VERTEX_POINT('',#1663);
#1663 = CARTESIAN_POINT('',(16.5,-9.75,1.));
#1664 = SURFACE_CURVE('',#1665,(#1669,#1675),.PCURVE_S1.);
#1665 = LINE('',#1666,#1667);
#1666 = CARTESIAN_POINT('',(-9.25,-9.75,1.));
#1667 = VECTOR('',#1668,1.);
#1668 = DIRECTION('',(-1.,0.,0.));
#1669 = PCURVE('',#898,#1670);
#1670 = DEFINITIONAL_REPRESENTATION('',(#1671),#1674);
#1671 = B_SPLINE_CURVE_WITH_KNOTS('',1,(#1672,#1673),.UNSPECIFIED.,.F.,
  .F.,(2,2),(-27.75,-25.75),.PIECEWISE_BEZIER_KNOTS.);
#1672 = CARTESIAN_POINT('',(53.5,7.75));
#1673 = CARTESIAN_POINT('',(51.5,7.75));
<<<<<<< Updated upstream
#1674 = ( GEOMETRIC_REPRESENTATION_CONTEXT(2)
=======
#1674 = ( GEOMETRIC_REPRESENTATION_CONTEXT(2)
>>>>>>> Stashed changes
PARAMETRIC_REPRESENTATION_CONTEXT() REPRESENTATION_CONTEXT('2D SPACE',''
  ) );
#1675 = PCURVE('',#1676,#1681);
#1676 = PLANE('',#1677);
#1677 = AXIS2_PLACEMENT_3D('',#1678,#1679,#1680);
#1678 = CARTESIAN_POINT('',(16.5,-9.75,0.));
#1679 = DIRECTION('',(0.,1.,0.));
#1680 = DIRECTION('',(0.,0.,1.));
#1681 = DEFINITIONAL_REPRESENTATION('',(#1682),#1685);
#1682 = B_SPLINE_CURVE_WITH_KNOTS('',1,(#1683,#1684),.UNSPECIFIED.,.F.,
  .F.,(2,2),(-27.75,-25.75),.PIECEWISE_BEZIER_KNOTS.);
#1683 = CARTESIAN_POINT('',(1.,2.));
#1684 = CARTESIAN_POINT('',(1.,0.));
<<<<<<< Updated upstream
#1685 = ( GEOMETRIC_REPRESENTATION_CONTEXT(2)
=======
#1685 = ( GEOMETRIC_REPRESENTATION_CONTEXT(2)
>>>>>>> Stashed changes
PARAMETRIC_REPRESENTATION_CONTEXT() REPRESENTATION_CONTEXT('2D SPACE',''
  ) );
#1686 = ORIENTED_EDGE('',*,*,#1687,.T.);
#1687 = EDGE_CURVE('',#1662,#1688,#1690,.T.);
#1688 = VERTEX_POINT('',#1689);
#1689 = CARTESIAN_POINT('',(16.5,-7.75,1.));
#1690 = SURFACE_CURVE('',#1691,(#1695,#1701),.PCURVE_S1.);
#1691 = LINE('',#1692,#1693);
#1692 = CARTESIAN_POINT('',(16.5,-13.625,1.));
#1693 = VECTOR('',#1694,1.);
#1694 = DIRECTION('',(0.,1.,0.));
#1695 = PCURVE('',#898,#1696);
#1696 = DEFINITIONAL_REPRESENTATION('',(#1697),#1700);
#1697 = B_SPLINE_CURVE_WITH_KNOTS('',1,(#1698,#1699),.UNSPECIFIED.,.F.,
  .F.,(2,2),(3.875,5.875),.PIECEWISE_BEZIER_KNOTS.);
#1698 = CARTESIAN_POINT('',(51.5,7.75));
#1699 = CARTESIAN_POINT('',(51.5,9.75));
<<<<<<< Updated upstream
#1700 = ( GEOMETRIC_REPRESENTATION_CONTEXT(2)
=======
#1700 = ( GEOMETRIC_REPRESENTATION_CONTEXT(2)
>>>>>>> Stashed changes
PARAMETRIC_REPRESENTATION_CONTEXT() REPRESENTATION_CONTEXT('2D SPACE',''
  ) );
#1701 = PCURVE('',#1702,#1707);
#1702 = PLANE('',#1703);
#1703 = AXIS2_PLACEMENT_3D('',#1704,#1705,#1706);
#1704 = CARTESIAN_POINT('',(16.5,-9.75,0.));
#1705 = DIRECTION('',(1.,0.,0.));
#1706 = DIRECTION('',(0.,0.,1.));
#1707 = DEFINITIONAL_REPRESENTATION('',(#1708),#1711);
#1708 = B_SPLINE_CURVE_WITH_KNOTS('',1,(#1709,#1710),.UNSPECIFIED.,.F.,
  .F.,(2,2),(3.875,5.875),.PIECEWISE_BEZIER_KNOTS.);
#1709 = CARTESIAN_POINT('',(1.,0.));
#1710 = CARTESIAN_POINT('',(1.,-2.));
<<<<<<< Updated upstream
#1711 = ( GEOMETRIC_REPRESENTATION_CONTEXT(2)
=======
#1711 = ( GEOMETRIC_REPRESENTATION_CONTEXT(2)
>>>>>>> Stashed changes
PARAMETRIC_REPRESENTATION_CONTEXT() REPRESENTATION_CONTEXT('2D SPACE',''
  ) );
#1712 = ORIENTED_EDGE('',*,*,#1713,.F.);
#1713 = EDGE_CURVE('',#1714,#1688,#1716,.T.);
#1714 = VERTEX_POINT('',#1715);
#1715 = CARTESIAN_POINT('',(18.5,-7.75,1.));
#1716 = SURFACE_CURVE('',#1717,(#1721,#1727),.PCURVE_S1.);
#1717 = LINE('',#1718,#1719);
#1718 = CARTESIAN_POINT('',(-9.25,-7.75,1.));
#1719 = VECTOR('',#1720,1.);
#1720 = DIRECTION('',(-1.,0.,0.));
#1721 = PCURVE('',#898,#1722);
#1722 = DEFINITIONAL_REPRESENTATION('',(#1723),#1726);
#1723 = B_SPLINE_CURVE_WITH_KNOTS('',1,(#1724,#1725),.UNSPECIFIED.,.F.,
  .F.,(2,2),(-27.75,-25.75),.PIECEWISE_BEZIER_KNOTS.);
#1724 = CARTESIAN_POINT('',(53.5,9.75));
#1725 = CARTESIAN_POINT('',(51.5,9.75));
<<<<<<< Updated upstream
#1726 = ( GEOMETRIC_REPRESENTATION_CONTEXT(2)
=======
#1726 = ( GEOMETRIC_REPRESENTATION_CONTEXT(2)
>>>>>>> Stashed changes
PARAMETRIC_REPRESENTATION_CONTEXT() REPRESENTATION_CONTEXT('2D SPACE',''
  ) );
#1727 = PCURVE('',#1728,#1733);
#1728 = PLANE('',#1729);
#1729 = AXIS2_PLACEMENT_3D('',#1730,#1731,#1732);
#1730 = CARTESIAN_POINT('',(16.5,-7.75,0.));
#1731 = DIRECTION('',(0.,1.,0.));
#1732 = DIRECTION('',(0.,0.,1.));
#1733 = DEFINITIONAL_REPRESENTATION('',(#1734),#1737);
#1734 = B_SPLINE_CURVE_WITH_KNOTS('',1,(#1735,#1736),.UNSPECIFIED.,.F.,
  .F.,(2,2),(-27.75,-25.75),.PIECEWISE_BEZIER_KNOTS.);
#1735 = CARTESIAN_POINT('',(1.,2.));
#1736 = CARTESIAN_POINT('',(1.,0.));
<<<<<<< Updated upstream
#1737 = ( GEOMETRIC_REPRESENTATION_CONTEXT(2)
=======
#1737 = ( GEOMETRIC_REPRESENTATION_CONTEXT(2)
>>>>>>> Stashed changes
PARAMETRIC_REPRESENTATION_CONTEXT() REPRESENTATION_CONTEXT('2D SPACE',''
  ) );
#1738 = ORIENTED_EDGE('',*,*,#1739,.F.);
#1739 = EDGE_CURVE('',#1660,#1714,#1740,.T.);
#1740 = SURFACE_CURVE('',#1741,(#1745,#1751),.PCURVE_S1.);
#1741 = LINE('',#1742,#1743);
#1742 = CARTESIAN_POINT('',(18.5,-13.625,1.));
#1743 = VECTOR('',#1744,1.);
#1744 = DIRECTION('',(0.,1.,0.));
#1745 = PCURVE('',#898,#1746);
#1746 = DEFINITIONAL_REPRESENTATION('',(#1747),#1750);
#1747 = B_SPLINE_CURVE_WITH_KNOTS('',1,(#1748,#1749),.UNSPECIFIED.,.F.,
  .F.,(2,2),(3.875,5.875),.PIECEWISE_BEZIER_KNOTS.);
#1748 = CARTESIAN_POINT('',(53.5,7.75));
#1749 = CARTESIAN_POINT('',(53.5,9.75));
<<<<<<< Updated upstream
#1750 = ( GEOMETRIC_REPRESENTATION_CONTEXT(2)
=======
#1750 = ( GEOMETRIC_REPRESENTATION_CONTEXT(2)
>>>>>>> Stashed changes
PARAMETRIC_REPRESENTATION_CONTEXT() REPRESENTATION_CONTEXT('2D SPACE',''
  ) );
#1751 = PCURVE('',#1752,#1757);
#1752 = PLANE('',#1753);
#1753 = AXIS2_PLACEMENT_3D('',#1754,#1755,#1756);
#1754 = CARTESIAN_POINT('',(18.5,-9.75,0.));
#1755 = DIRECTION('',(1.,0.,0.));
#1756 = DIRECTION('',(0.,0.,1.));
#1757 = DEFINITIONAL_REPRESENTATION('',(#1758),#1761);
#1758 = B_SPLINE_CURVE_WITH_KNOTS('',1,(#1759,#1760),.UNSPECIFIED.,.F.,
  .F.,(2,2),(3.875,5.875),.PIECEWISE_BEZIER_KNOTS.);
#1759 = CARTESIAN_POINT('',(1.,0.));
#1760 = CARTESIAN_POINT('',(1.,-2.));
<<<<<<< Updated upstream
#1761 = ( GEOMETRIC_REPRESENTATION_CONTEXT(2)
=======
#1761 = ( GEOMETRIC_REPRESENTATION_CONTEXT(2)
>>>>>>> Stashed changes
PARAMETRIC_REPRESENTATION_CONTEXT() REPRESENTATION_CONTEXT('2D SPACE',''
  ) );
#1762 = FACE_BOUND('',#1763,.T.);
#1763 = EDGE_LOOP('',(#1764));
#1764 = ORIENTED_EDGE('',*,*,#1765,.F.);
#1765 = EDGE_CURVE('',#1766,#1766,#1768,.T.);
#1766 = VERTEX_POINT('',#1767);
#1767 = CARTESIAN_POINT('',(31.7,-4.163799117101E-16,1.));
#1768 = SURFACE_CURVE('',#1769,(#1774,#1781),.PCURVE_S1.);
#1769 = CIRCLE('',#1770,1.7);
#1770 = AXIS2_PLACEMENT_3D('',#1771,#1772,#1773);
#1771 = CARTESIAN_POINT('',(30.,0.,1.));
#1772 = DIRECTION('',(0.,0.,1.));
#1773 = DIRECTION('',(1.,0.,-0.));
#1774 = PCURVE('',#898,#1775);
#1775 = DEFINITIONAL_REPRESENTATION('',(#1776),#1780);
#1776 = CIRCLE('',#1777,1.7);
#1777 = AXIS2_PLACEMENT_2D('',#1778,#1779);
#1778 = CARTESIAN_POINT('',(65.,17.5));
#1779 = DIRECTION('',(1.,0.));
<<<<<<< Updated upstream
#1780 = ( GEOMETRIC_REPRESENTATION_CONTEXT(2)
=======
#1780 = ( GEOMETRIC_REPRESENTATION_CONTEXT(2)
>>>>>>> Stashed changes
PARAMETRIC_REPRESENTATION_CONTEXT() REPRESENTATION_CONTEXT('2D SPACE',''
  ) );
#1781 = PCURVE('',#1782,#1787);
#1782 = CYLINDRICAL_SURFACE('',#1783,1.7);
#1783 = AXIS2_PLACEMENT_3D('',#1784,#1785,#1786);
#1784 = CARTESIAN_POINT('',(30.,0.,-5.));
#1785 = DIRECTION('',(0.,0.,1.));
#1786 = DIRECTION('',(1.,0.,0.));
#1787 = DEFINITIONAL_REPRESENTATION('',(#1788),#1792);
#1788 = LINE('',#1789,#1790);
#1789 = CARTESIAN_POINT('',(0.,6.));
#1790 = VECTOR('',#1791,1.);
#1791 = DIRECTION('',(1.,0.));
<<<<<<< Updated upstream
#1792 = ( GEOMETRIC_REPRESENTATION_CONTEXT(2)
=======
#1792 = ( GEOMETRIC_REPRESENTATION_CONTEXT(2)
>>>>>>> Stashed changes
PARAMETRIC_REPRESENTATION_CONTEXT() REPRESENTATION_CONTEXT('2D SPACE',''
  ) );
#1793 = FACE_BOUND('',#1794,.T.);
#1794 = EDGE_LOOP('',(#1795,#1823,#1849,#1875));
#1795 = ORIENTED_EDGE('',*,*,#1796,.T.);
#1796 = EDGE_CURVE('',#1797,#1799,#1801,.T.);
#1797 = VERTEX_POINT('',#1798);
#1798 = CARTESIAN_POINT('',(18.5,7.75,1.));
#1799 = VERTEX_POINT('',#1800);
#1800 = CARTESIAN_POINT('',(16.5,7.75,1.));
#1801 = SURFACE_CURVE('',#1802,(#1806,#1812),.PCURVE_S1.);
#1802 = LINE('',#1803,#1804);
#1803 = CARTESIAN_POINT('',(-9.25,7.75,1.));
#1804 = VECTOR('',#1805,1.);
#1805 = DIRECTION('',(-1.,0.,0.));
#1806 = PCURVE('',#898,#1807);
#1807 = DEFINITIONAL_REPRESENTATION('',(#1808),#1811);
#1808 = B_SPLINE_CURVE_WITH_KNOTS('',1,(#1809,#1810),.UNSPECIFIED.,.F.,
  .F.,(2,2),(-27.75,-25.75),.PIECEWISE_BEZIER_KNOTS.);
#1809 = CARTESIAN_POINT('',(53.5,25.25));
#1810 = CARTESIAN_POINT('',(51.5,25.25));
<<<<<<< Updated upstream
#1811 = ( GEOMETRIC_REPRESENTATION_CONTEXT(2)
=======
#1811 = ( GEOMETRIC_REPRESENTATION_CONTEXT(2)
>>>>>>> Stashed changes
PARAMETRIC_REPRESENTATION_CONTEXT() REPRESENTATION_CONTEXT('2D SPACE',''
  ) );
#1812 = PCURVE('',#1813,#1818);
#1813 = PLANE('',#1814);
#1814 = AXIS2_PLACEMENT_3D('',#1815,#1816,#1817);
#1815 = CARTESIAN_POINT('',(16.5,7.75,0.));
#1816 = DIRECTION('',(0.,1.,0.));
#1817 = DIRECTION('',(0.,0.,1.));
#1818 = DEFINITIONAL_REPRESENTATION('',(#1819),#1822);
#1819 = B_SPLINE_CURVE_WITH_KNOTS('',1,(#1820,#1821),.UNSPECIFIED.,.F.,
  .F.,(2,2),(-27.75,-25.75),.PIECEWISE_BEZIER_KNOTS.);
#1820 = CARTESIAN_POINT('',(1.,2.));
#1821 = CARTESIAN_POINT('',(1.,0.));
<<<<<<< Updated upstream
#1822 = ( GEOMETRIC_REPRESENTATION_CONTEXT(2)
=======
#1822 = ( GEOMETRIC_REPRESENTATION_CONTEXT(2)
>>>>>>> Stashed changes
PARAMETRIC_REPRESENTATION_CONTEXT() REPRESENTATION_CONTEXT('2D SPACE',''
  ) );
#1823 = ORIENTED_EDGE('',*,*,#1824,.T.);
#1824 = EDGE_CURVE('',#1799,#1825,#1827,.T.);
#1825 = VERTEX_POINT('',#1826);
#1826 = CARTESIAN_POINT('',(16.5,9.75,1.));
#1827 = SURFACE_CURVE('',#1828,(#1832,#1838),.PCURVE_S1.);
#1828 = LINE('',#1829,#1830);
#1829 = CARTESIAN_POINT('',(16.5,-4.875,1.));
#1830 = VECTOR('',#1831,1.);
#1831 = DIRECTION('',(0.,1.,0.));
#1832 = PCURVE('',#898,#1833);
#1833 = DEFINITIONAL_REPRESENTATION('',(#1834),#1837);
#1834 = B_SPLINE_CURVE_WITH_KNOTS('',1,(#1835,#1836),.UNSPECIFIED.,.F.,
  .F.,(2,2),(12.625,14.625),.PIECEWISE_BEZIER_KNOTS.);
#1835 = CARTESIAN_POINT('',(51.5,25.25));
#1836 = CARTESIAN_POINT('',(51.5,27.25));
<<<<<<< Updated upstream
#1837 = ( GEOMETRIC_REPRESENTATION_CONTEXT(2)
=======
#1837 = ( GEOMETRIC_REPRESENTATION_CONTEXT(2)
>>>>>>> Stashed changes
PARAMETRIC_REPRESENTATION_CONTEXT() REPRESENTATION_CONTEXT('2D SPACE',''
  ) );
#1838 = PCURVE('',#1839,#1844);
#1839 = PLANE('',#1840);
#1840 = AXIS2_PLACEMENT_3D('',#1841,#1842,#1843);
#1841 = CARTESIAN_POINT('',(16.5,7.75,0.));
#1842 = DIRECTION('',(1.,0.,0.));
#1843 = DIRECTION('',(0.,0.,1.));
#1844 = DEFINITIONAL_REPRESENTATION('',(#1845),#1848);
#1845 = B_SPLINE_CURVE_WITH_KNOTS('',1,(#1846,#1847),.UNSPECIFIED.,.F.,
  .F.,(2,2),(12.625,14.625),.PIECEWISE_BEZIER_KNOTS.);
#1846 = CARTESIAN_POINT('',(1.,0.));
#1847 = CARTESIAN_POINT('',(1.,-2.));
<<<<<<< Updated upstream
#1848 = ( GEOMETRIC_REPRESENTATION_CONTEXT(2)
=======
#1848 = ( GEOMETRIC_REPRESENTATION_CONTEXT(2)
>>>>>>> Stashed changes
PARAMETRIC_REPRESENTATION_CONTEXT() REPRESENTATION_CONTEXT('2D SPACE',''
  ) );
#1849 = ORIENTED_EDGE('',*,*,#1850,.F.);
#1850 = EDGE_CURVE('',#1851,#1825,#1853,.T.);
#1851 = VERTEX_POINT('',#1852);
#1852 = CARTESIAN_POINT('',(18.5,9.75,1.));
#1853 = SURFACE_CURVE('',#1854,(#1858,#1864),.PCURVE_S1.);
#1854 = LINE('',#1855,#1856);
#1855 = CARTESIAN_POINT('',(-9.25,9.75,1.));
#1856 = VECTOR('',#1857,1.);
#1857 = DIRECTION('',(-1.,0.,0.));
#1858 = PCURVE('',#898,#1859);
#1859 = DEFINITIONAL_REPRESENTATION('',(#1860),#1863);
#1860 = B_SPLINE_CURVE_WITH_KNOTS('',1,(#1861,#1862),.UNSPECIFIED.,.F.,
  .F.,(2,2),(-27.75,-25.75),.PIECEWISE_BEZIER_KNOTS.);
#1861 = CARTESIAN_POINT('',(53.5,27.25));
#1862 = CARTESIAN_POINT('',(51.5,27.25));
<<<<<<< Updated upstream
#1863 = ( GEOMETRIC_REPRESENTATION_CONTEXT(2)
=======
#1863 = ( GEOMETRIC_REPRESENTATION_CONTEXT(2)
>>>>>>> Stashed changes
PARAMETRIC_REPRESENTATION_CONTEXT() REPRESENTATION_CONTEXT('2D SPACE',''
  ) );
#1864 = PCURVE('',#1865,#1870);
#1865 = PLANE('',#1866);
#1866 = AXIS2_PLACEMENT_3D('',#1867,#1868,#1869);
#1867 = CARTESIAN_POINT('',(16.5,9.75,0.));
#1868 = DIRECTION('',(0.,1.,0.));
#1869 = DIRECTION('',(0.,0.,1.));
#1870 = DEFINITIONAL_REPRESENTATION('',(#1871),#1874);
#1871 = B_SPLINE_CURVE_WITH_KNOTS('',1,(#1872,#1873),.UNSPECIFIED.,.F.,
  .F.,(2,2),(-27.75,-25.75),.PIECEWISE_BEZIER_KNOTS.);
#1872 = CARTESIAN_POINT('',(1.,2.));
#1873 = CARTESIAN_POINT('',(1.,0.));
<<<<<<< Updated upstream
#1874 = ( GEOMETRIC_REPRESENTATION_CONTEXT(2)
=======
#1874 = ( GEOMETRIC_REPRESENTATION_CONTEXT(2)
>>>>>>> Stashed changes
PARAMETRIC_REPRESENTATION_CONTEXT() REPRESENTATION_CONTEXT('2D SPACE',''
  ) );
#1875 = ORIENTED_EDGE('',*,*,#1876,.F.);
#1876 = EDGE_CURVE('',#1797,#1851,#1877,.T.);
#1877 = SURFACE_CURVE('',#1878,(#1882,#1888),.PCURVE_S1.);
#1878 = LINE('',#1879,#1880);
#1879 = CARTESIAN_POINT('',(18.5,-4.875,1.));
#1880 = VECTOR('',#1881,1.);
#1881 = DIRECTION('',(0.,1.,0.));
#1882 = PCURVE('',#898,#1883);
#1883 = DEFINITIONAL_REPRESENTATION('',(#1884),#1887);
#1884 = B_SPLINE_CURVE_WITH_KNOTS('',1,(#1885,#1886),.UNSPECIFIED.,.F.,
  .F.,(2,2),(12.625,14.625),.PIECEWISE_BEZIER_KNOTS.);
#1885 = CARTESIAN_POINT('',(53.5,25.25));
#1886 = CARTESIAN_POINT('',(53.5,27.25));
<<<<<<< Updated upstream
#1887 = ( GEOMETRIC_REPRESENTATION_CONTEXT(2)
=======
#1887 = ( GEOMETRIC_REPRESENTATION_CONTEXT(2)
>>>>>>> Stashed changes
PARAMETRIC_REPRESENTATION_CONTEXT() REPRESENTATION_CONTEXT('2D SPACE',''
  ) );
#1888 = PCURVE('',#1889,#1894);
#1889 = PLANE('',#1890);
#1890 = AXIS2_PLACEMENT_3D('',#1891,#1892,#1893);
#1891 = CARTESIAN_POINT('',(18.5,7.75,0.));
#1892 = DIRECTION('',(1.,0.,0.));
#1893 = DIRECTION('',(0.,0.,1.));
#1894 = DEFINITIONAL_REPRESENTATION('',(#1895),#1898);
#1895 = B_SPLINE_CURVE_WITH_KNOTS('',1,(#1896,#1897),.UNSPECIFIED.,.F.,
  .F.,(2,2),(12.625,14.625),.PIECEWISE_BEZIER_KNOTS.);
#1896 = CARTESIAN_POINT('',(1.,0.));
#1897 = CARTESIAN_POINT('',(1.,-2.));
<<<<<<< Updated upstream
#1898 = ( GEOMETRIC_REPRESENTATION_CONTEXT(2)
=======
#1898 = ( GEOMETRIC_REPRESENTATION_CONTEXT(2)
>>>>>>> Stashed changes
PARAMETRIC_REPRESENTATION_CONTEXT() REPRESENTATION_CONTEXT('2D SPACE',''
  ) );
#1899 = ADVANCED_FACE('',(#1900),#1865,.T.);
#1900 = FACE_BOUND('',#1901,.T.);
#1901 = EDGE_LOOP('',(#1902,#1925,#1926,#1949));
#1902 = ORIENTED_EDGE('',*,*,#1903,.F.);
#1903 = EDGE_CURVE('',#1851,#1904,#1906,.T.);
#1904 = VERTEX_POINT('',#1905);
#1905 = CARTESIAN_POINT('',(18.5,9.75,20.));
#1906 = SURFACE_CURVE('',#1907,(#1911,#1918),.PCURVE_S1.);
#1907 = LINE('',#1908,#1909);
#1908 = CARTESIAN_POINT('',(18.5,9.75,0.));
#1909 = VECTOR('',#1910,1.);
#1910 = DIRECTION('',(0.,0.,1.));
#1911 = PCURVE('',#1865,#1912);
#1912 = DEFINITIONAL_REPRESENTATION('',(#1913),#1917);
#1913 = LINE('',#1914,#1915);
#1914 = CARTESIAN_POINT('',(0.,2.));
#1915 = VECTOR('',#1916,1.);
#1916 = DIRECTION('',(1.,0.));
<<<<<<< Updated upstream
#1917 = ( GEOMETRIC_REPRESENTATION_CONTEXT(2)
=======
#1917 = ( GEOMETRIC_REPRESENTATION_CONTEXT(2)
>>>>>>> Stashed changes
PARAMETRIC_REPRESENTATION_CONTEXT() REPRESENTATION_CONTEXT('2D SPACE',''
  ) );
#1918 = PCURVE('',#1889,#1919);
#1919 = DEFINITIONAL_REPRESENTATION('',(#1920),#1924);
#1920 = LINE('',#1921,#1922);
#1921 = CARTESIAN_POINT('',(0.,-2.));
#1922 = VECTOR('',#1923,1.);
#1923 = DIRECTION('',(1.,0.));
<<<<<<< Updated upstream
#1924 = ( GEOMETRIC_REPRESENTATION_CONTEXT(2)
=======
#1924 = ( GEOMETRIC_REPRESENTATION_CONTEXT(2)
>>>>>>> Stashed changes
PARAMETRIC_REPRESENTATION_CONTEXT() REPRESENTATION_CONTEXT('2D SPACE',''
  ) );
#1925 = ORIENTED_EDGE('',*,*,#1850,.T.);
#1926 = ORIENTED_EDGE('',*,*,#1927,.T.);
#1927 = EDGE_CURVE('',#1825,#1928,#1930,.T.);
#1928 = VERTEX_POINT('',#1929);
#1929 = CARTESIAN_POINT('',(16.5,9.75,20.));
#1930 = SURFACE_CURVE('',#1931,(#1935,#1942),.PCURVE_S1.);
#1931 = LINE('',#1932,#1933);
#1932 = CARTESIAN_POINT('',(16.5,9.75,0.));
#1933 = VECTOR('',#1934,1.);
#1934 = DIRECTION('',(0.,0.,1.));
#1935 = PCURVE('',#1865,#1936);
#1936 = DEFINITIONAL_REPRESENTATION('',(#1937),#1941);
#1937 = LINE('',#1938,#1939);
#1938 = CARTESIAN_POINT('',(0.,0.));
#1939 = VECTOR('',#1940,1.);
#1940 = DIRECTION('',(1.,0.));
<<<<<<< Updated upstream
#1941 = ( GEOMETRIC_REPRESENTATION_CONTEXT(2)
=======
#1941 = ( GEOMETRIC_REPRESENTATION_CONTEXT(2)
>>>>>>> Stashed changes
PARAMETRIC_REPRESENTATION_CONTEXT() REPRESENTATION_CONTEXT('2D SPACE',''
  ) );
#1942 = PCURVE('',#1839,#1943);
#1943 = DEFINITIONAL_REPRESENTATION('',(#1944),#1948);
#1944 = LINE('',#1945,#1946);
#1945 = CARTESIAN_POINT('',(0.,-2.));
#1946 = VECTOR('',#1947,1.);
#1947 = DIRECTION('',(1.,0.));
<<<<<<< Updated upstream
#1948 = ( GEOMETRIC_REPRESENTATION_CONTEXT(2)
=======
#1948 = ( GEOMETRIC_REPRESENTATION_CONTEXT(2)
>>>>>>> Stashed changes
PARAMETRIC_REPRESENTATION_CONTEXT() REPRESENTATION_CONTEXT('2D SPACE',''
  ) );
#1949 = ORIENTED_EDGE('',*,*,#1950,.T.);
#1950 = EDGE_CURVE('',#1928,#1904,#1951,.T.);
#1951 = SURFACE_CURVE('',#1952,(#1956,#1963),.PCURVE_S1.);
#1952 = LINE('',#1953,#1954);
#1953 = CARTESIAN_POINT('',(16.5,9.75,20.));
#1954 = VECTOR('',#1955,1.);
#1955 = DIRECTION('',(1.,0.,0.));
#1956 = PCURVE('',#1865,#1957);
#1957 = DEFINITIONAL_REPRESENTATION('',(#1958),#1962);
#1958 = LINE('',#1959,#1960);
#1959 = CARTESIAN_POINT('',(20.,0.));
#1960 = VECTOR('',#1961,1.);
#1961 = DIRECTION('',(0.,1.));
<<<<<<< Updated upstream
#1962 = ( GEOMETRIC_REPRESENTATION_CONTEXT(2)
=======
#1962 = ( GEOMETRIC_REPRESENTATION_CONTEXT(2)
>>>>>>> Stashed changes
PARAMETRIC_REPRESENTATION_CONTEXT() REPRESENTATION_CONTEXT('2D SPACE',''
  ) );
#1963 = PCURVE('',#1964,#1969);
#1964 = PLANE('',#1965);
#1965 = AXIS2_PLACEMENT_3D('',#1966,#1967,#1968);
#1966 = CARTESIAN_POINT('',(16.5,7.75,20.));
#1967 = DIRECTION('',(0.,0.,1.));
#1968 = DIRECTION('',(1.,0.,0.));
#1969 = DEFINITIONAL_REPRESENTATION('',(#1970),#1974);
#1970 = LINE('',#1971,#1972);
#1971 = CARTESIAN_POINT('',(0.,2.));
#1972 = VECTOR('',#1973,1.);
#1973 = DIRECTION('',(1.,0.));
<<<<<<< Updated upstream
#1974 = ( GEOMETRIC_REPRESENTATION_CONTEXT(2)
=======
#1974 = ( GEOMETRIC_REPRESENTATION_CONTEXT(2)
>>>>>>> Stashed changes
PARAMETRIC_REPRESENTATION_CONTEXT() REPRESENTATION_CONTEXT('2D SPACE',''
  ) );
#1975 = ADVANCED_FACE('',(#1976),#1964,.T.);
#1976 = FACE_BOUND('',#1977,.T.);
#1977 = EDGE_LOOP('',(#1978,#2001,#2024,#2045));
#1978 = ORIENTED_EDGE('',*,*,#1979,.F.);
#1979 = EDGE_CURVE('',#1980,#1928,#1982,.T.);
#1980 = VERTEX_POINT('',#1981);
#1981 = CARTESIAN_POINT('',(16.5,7.75,20.));
#1982 = SURFACE_CURVE('',#1983,(#1987,#1994),.PCURVE_S1.);
#1983 = LINE('',#1984,#1985);
#1984 = CARTESIAN_POINT('',(16.5,7.75,20.));
#1985 = VECTOR('',#1986,1.);
#1986 = DIRECTION('',(0.,1.,0.));
#1987 = PCURVE('',#1964,#1988);
#1988 = DEFINITIONAL_REPRESENTATION('',(#1989),#1993);
#1989 = LINE('',#1990,#1991);
#1990 = CARTESIAN_POINT('',(0.,0.));
#1991 = VECTOR('',#1992,1.);
#1992 = DIRECTION('',(0.,1.));
<<<<<<< Updated upstream
#1993 = ( GEOMETRIC_REPRESENTATION_CONTEXT(2)
=======
#1993 = ( GEOMETRIC_REPRESENTATION_CONTEXT(2)
>>>>>>> Stashed changes
PARAMETRIC_REPRESENTATION_CONTEXT() REPRESENTATION_CONTEXT('2D SPACE',''
  ) );
#1994 = PCURVE('',#1839,#1995);
#1995 = DEFINITIONAL_REPRESENTATION('',(#1996),#2000);
#1996 = LINE('',#1997,#1998);
#1997 = CARTESIAN_POINT('',(20.,0.));
#1998 = VECTOR('',#1999,1.);
#1999 = DIRECTION('',(0.,-1.));
<<<<<<< Updated upstream
#2000 = ( GEOMETRIC_REPRESENTATION_CONTEXT(2)
=======
#2000 = ( GEOMETRIC_REPRESENTATION_CONTEXT(2)
>>>>>>> Stashed changes
PARAMETRIC_REPRESENTATION_CONTEXT() REPRESENTATION_CONTEXT('2D SPACE',''
  ) );
#2001 = ORIENTED_EDGE('',*,*,#2002,.T.);
#2002 = EDGE_CURVE('',#1980,#2003,#2005,.T.);
#2003 = VERTEX_POINT('',#2004);
#2004 = CARTESIAN_POINT('',(18.5,7.75,20.));
#2005 = SURFACE_CURVE('',#2006,(#2010,#2017),.PCURVE_S1.);
#2006 = LINE('',#2007,#2008);
#2007 = CARTESIAN_POINT('',(16.5,7.75,20.));
#2008 = VECTOR('',#2009,1.);
#2009 = DIRECTION('',(1.,0.,0.));
#2010 = PCURVE('',#1964,#2011);
#2011 = DEFINITIONAL_REPRESENTATION('',(#2012),#2016);
#2012 = LINE('',#2013,#2014);
#2013 = CARTESIAN_POINT('',(0.,0.));
#2014 = VECTOR('',#2015,1.);
#2015 = DIRECTION('',(1.,0.));
<<<<<<< Updated upstream
#2016 = ( GEOMETRIC_REPRESENTATION_CONTEXT(2)
=======
#2016 = ( GEOMETRIC_REPRESENTATION_CONTEXT(2)
>>>>>>> Stashed changes
PARAMETRIC_REPRESENTATION_CONTEXT() REPRESENTATION_CONTEXT('2D SPACE',''
  ) );
#2017 = PCURVE('',#1813,#2018);
#2018 = DEFINITIONAL_REPRESENTATION('',(#2019),#2023);
#2019 = LINE('',#2020,#2021);
#2020 = CARTESIAN_POINT('',(20.,0.));
#2021 = VECTOR('',#2022,1.);
#2022 = DIRECTION('',(0.,1.));
<<<<<<< Updated upstream
#2023 = ( GEOMETRIC_REPRESENTATION_CONTEXT(2)
=======
#2023 = ( GEOMETRIC_REPRESENTATION_CONTEXT(2)
>>>>>>> Stashed changes
PARAMETRIC_REPRESENTATION_CONTEXT() REPRESENTATION_CONTEXT('2D SPACE',''
  ) );
#2024 = ORIENTED_EDGE('',*,*,#2025,.T.);
#2025 = EDGE_CURVE('',#2003,#1904,#2026,.T.);
#2026 = SURFACE_CURVE('',#2027,(#2031,#2038),.PCURVE_S1.);
#2027 = LINE('',#2028,#2029);
#2028 = CARTESIAN_POINT('',(18.5,7.75,20.));
#2029 = VECTOR('',#2030,1.);
#2030 = DIRECTION('',(0.,1.,0.));
#2031 = PCURVE('',#1964,#2032);
#2032 = DEFINITIONAL_REPRESENTATION('',(#2033),#2037);
#2033 = LINE('',#2034,#2035);
#2034 = CARTESIAN_POINT('',(2.,0.));
#2035 = VECTOR('',#2036,1.);
#2036 = DIRECTION('',(0.,1.));
<<<<<<< Updated upstream
#2037 = ( GEOMETRIC_REPRESENTATION_CONTEXT(2)
=======
#2037 = ( GEOMETRIC_REPRESENTATION_CONTEXT(2)
>>>>>>> Stashed changes
PARAMETRIC_REPRESENTATION_CONTEXT() REPRESENTATION_CONTEXT('2D SPACE',''
  ) );
#2038 = PCURVE('',#1889,#2039);
#2039 = DEFINITIONAL_REPRESENTATION('',(#2040),#2044);
#2040 = LINE('',#2041,#2042);
#2041 = CARTESIAN_POINT('',(20.,0.));
#2042 = VECTOR('',#2043,1.);
#2043 = DIRECTION('',(0.,-1.));
<<<<<<< Updated upstream
#2044 = ( GEOMETRIC_REPRESENTATION_CONTEXT(2)
=======
#2044 = ( GEOMETRIC_REPRESENTATION_CONTEXT(2)
>>>>>>> Stashed changes
PARAMETRIC_REPRESENTATION_CONTEXT() REPRESENTATION_CONTEXT('2D SPACE',''
  ) );
#2045 = ORIENTED_EDGE('',*,*,#1950,.F.);
#2046 = ADVANCED_FACE('',(#2047),#1839,.F.);
#2047 = FACE_BOUND('',#2048,.F.);
#2048 = EDGE_LOOP('',(#2049,#2070,#2071,#2072));
#2049 = ORIENTED_EDGE('',*,*,#2050,.F.);
#2050 = EDGE_CURVE('',#1799,#1980,#2051,.T.);
#2051 = SURFACE_CURVE('',#2052,(#2056,#2063),.PCURVE_S1.);
#2052 = LINE('',#2053,#2054);
#2053 = CARTESIAN_POINT('',(16.5,7.75,0.));
#2054 = VECTOR('',#2055,1.);
#2055 = DIRECTION('',(0.,0.,1.));
#2056 = PCURVE('',#1839,#2057);
#2057 = DEFINITIONAL_REPRESENTATION('',(#2058),#2062);
#2058 = LINE('',#2059,#2060);
#2059 = CARTESIAN_POINT('',(0.,0.));
#2060 = VECTOR('',#2061,1.);
#2061 = DIRECTION('',(1.,0.));
<<<<<<< Updated upstream
#2062 = ( GEOMETRIC_REPRESENTATION_CONTEXT(2)
=======
#2062 = ( GEOMETRIC_REPRESENTATION_CONTEXT(2)
>>>>>>> Stashed changes
PARAMETRIC_REPRESENTATION_CONTEXT() REPRESENTATION_CONTEXT('2D SPACE',''
  ) );
#2063 = PCURVE('',#1813,#2064);
#2064 = DEFINITIONAL_REPRESENTATION('',(#2065),#2069);
#2065 = LINE('',#2066,#2067);
#2066 = CARTESIAN_POINT('',(0.,0.));
#2067 = VECTOR('',#2068,1.);
#2068 = DIRECTION('',(1.,0.));
<<<<<<< Updated upstream
#2069 = ( GEOMETRIC_REPRESENTATION_CONTEXT(2)
=======
#2069 = ( GEOMETRIC_REPRESENTATION_CONTEXT(2)
>>>>>>> Stashed changes
PARAMETRIC_REPRESENTATION_CONTEXT() REPRESENTATION_CONTEXT('2D SPACE',''
  ) );
#2070 = ORIENTED_EDGE('',*,*,#1824,.T.);
#2071 = ORIENTED_EDGE('',*,*,#1927,.T.);
#2072 = ORIENTED_EDGE('',*,*,#1979,.F.);
#2073 = ADVANCED_FACE('',(#2074),#1889,.T.);
#2074 = FACE_BOUND('',#2075,.T.);
#2075 = EDGE_LOOP('',(#2076,#2097,#2098,#2099));
#2076 = ORIENTED_EDGE('',*,*,#2077,.F.);
#2077 = EDGE_CURVE('',#1797,#2003,#2078,.T.);
#2078 = SURFACE_CURVE('',#2079,(#2083,#2090),.PCURVE_S1.);
#2079 = LINE('',#2080,#2081);
#2080 = CARTESIAN_POINT('',(18.5,7.75,0.));
#2081 = VECTOR('',#2082,1.);
#2082 = DIRECTION('',(0.,0.,1.));
#2083 = PCURVE('',#1889,#2084);
#2084 = DEFINITIONAL_REPRESENTATION('',(#2085),#2089);
#2085 = LINE('',#2086,#2087);
#2086 = CARTESIAN_POINT('',(0.,0.));
#2087 = VECTOR('',#2088,1.);
#2088 = DIRECTION('',(1.,0.));
<<<<<<< Updated upstream
#2089 = ( GEOMETRIC_REPRESENTATION_CONTEXT(2)
=======
#2089 = ( GEOMETRIC_REPRESENTATION_CONTEXT(2)
>>>>>>> Stashed changes
PARAMETRIC_REPRESENTATION_CONTEXT() REPRESENTATION_CONTEXT('2D SPACE',''
  ) );
#2090 = PCURVE('',#1813,#2091);
#2091 = DEFINITIONAL_REPRESENTATION('',(#2092),#2096);
#2092 = LINE('',#2093,#2094);
#2093 = CARTESIAN_POINT('',(0.,2.));
#2094 = VECTOR('',#2095,1.);
#2095 = DIRECTION('',(1.,0.));
<<<<<<< Updated upstream
#2096 = ( GEOMETRIC_REPRESENTATION_CONTEXT(2)
=======
#2096 = ( GEOMETRIC_REPRESENTATION_CONTEXT(2)
>>>>>>> Stashed changes
PARAMETRIC_REPRESENTATION_CONTEXT() REPRESENTATION_CONTEXT('2D SPACE',''
  ) );
#2097 = ORIENTED_EDGE('',*,*,#1876,.T.);
#2098 = ORIENTED_EDGE('',*,*,#1903,.T.);
#2099 = ORIENTED_EDGE('',*,*,#2025,.F.);
#2100 = ADVANCED_FACE('',(#2101),#1813,.F.);
#2101 = FACE_BOUND('',#2102,.F.);
#2102 = EDGE_LOOP('',(#2103,#2104,#2105,#2106));
#2103 = ORIENTED_EDGE('',*,*,#2077,.F.);
#2104 = ORIENTED_EDGE('',*,*,#1796,.T.);
#2105 = ORIENTED_EDGE('',*,*,#2050,.T.);
#2106 = ORIENTED_EDGE('',*,*,#2002,.T.);
#2107 = ADVANCED_FACE('',(#2108),#1782,.F.);
#2108 = FACE_BOUND('',#2109,.F.);
#2109 = EDGE_LOOP('',(#2110,#2111,#2134,#2156));
#2110 = ORIENTED_EDGE('',*,*,#1765,.F.);
#2111 = ORIENTED_EDGE('',*,*,#2112,.F.);
#2112 = EDGE_CURVE('',#2113,#1766,#2115,.T.);
#2113 = VERTEX_POINT('',#2114);
#2114 = CARTESIAN_POINT('',(31.7,-4.163799117101E-16,-1.));
#2115 = SEAM_CURVE('',#2116,(#2120,#2127),.PCURVE_S1.);
#2116 = LINE('',#2117,#2118);
#2117 = CARTESIAN_POINT('',(31.7,-4.163799117101E-16,-5.));
#2118 = VECTOR('',#2119,1.);
#2119 = DIRECTION('',(0.,0.,1.));
#2120 = PCURVE('',#1782,#2121);
#2121 = DEFINITIONAL_REPRESENTATION('',(#2122),#2126);
#2122 = LINE('',#2123,#2124);
#2123 = CARTESIAN_POINT('',(6.28318530718,-0.));
#2124 = VECTOR('',#2125,1.);
#2125 = DIRECTION('',(0.,1.));
<<<<<<< Updated upstream
#2126 = ( GEOMETRIC_REPRESENTATION_CONTEXT(2)
=======
#2126 = ( GEOMETRIC_REPRESENTATION_CONTEXT(2)
>>>>>>> Stashed changes
PARAMETRIC_REPRESENTATION_CONTEXT() REPRESENTATION_CONTEXT('2D SPACE',''
  ) );
#2127 = PCURVE('',#1782,#2128);
#2128 = DEFINITIONAL_REPRESENTATION('',(#2129),#2133);
#2129 = LINE('',#2130,#2131);
#2130 = CARTESIAN_POINT('',(0.,-0.));
#2131 = VECTOR('',#2132,1.);
#2132 = DIRECTION('',(0.,1.));
<<<<<<< Updated upstream
#2133 = ( GEOMETRIC_REPRESENTATION_CONTEXT(2)
=======
#2133 = ( GEOMETRIC_REPRESENTATION_CONTEXT(2)
>>>>>>> Stashed changes
PARAMETRIC_REPRESENTATION_CONTEXT() REPRESENTATION_CONTEXT('2D SPACE',''
  ) );
#2134 = ORIENTED_EDGE('',*,*,#2135,.T.);
#2135 = EDGE_CURVE('',#2113,#2113,#2136,.T.);
#2136 = SURFACE_CURVE('',#2137,(#2142,#2149),.PCURVE_S1.);
#2137 = CIRCLE('',#2138,1.7);
#2138 = AXIS2_PLACEMENT_3D('',#2139,#2140,#2141);
#2139 = CARTESIAN_POINT('',(30.,0.,-1.));
#2140 = DIRECTION('',(0.,0.,1.));
#2141 = DIRECTION('',(1.,0.,-0.));
#2142 = PCURVE('',#1782,#2143);
#2143 = DEFINITIONAL_REPRESENTATION('',(#2144),#2148);
#2144 = LINE('',#2145,#2146);
#2145 = CARTESIAN_POINT('',(0.,4.));
#2146 = VECTOR('',#2147,1.);
#2147 = DIRECTION('',(1.,0.));
<<<<<<< Updated upstream
#2148 = ( GEOMETRIC_REPRESENTATION_CONTEXT(2)
=======
#2148 = ( GEOMETRIC_REPRESENTATION_CONTEXT(2)
>>>>>>> Stashed changes
PARAMETRIC_REPRESENTATION_CONTEXT() REPRESENTATION_CONTEXT('2D SPACE',''
  ) );
#2149 = PCURVE('',#396,#2150);
#2150 = DEFINITIONAL_REPRESENTATION('',(#2151),#2155);
#2151 = CIRCLE('',#2152,1.7);
#2152 = AXIS2_PLACEMENT_2D('',#2153,#2154);
#2153 = CARTESIAN_POINT('',(65.,17.5));
#2154 = DIRECTION('',(1.,0.));
<<<<<<< Updated upstream
#2155 = ( GEOMETRIC_REPRESENTATION_CONTEXT(2)
=======
#2155 = ( GEOMETRIC_REPRESENTATION_CONTEXT(2)
>>>>>>> Stashed changes
PARAMETRIC_REPRESENTATION_CONTEXT() REPRESENTATION_CONTEXT('2D SPACE',''
  ) );
#2156 = ORIENTED_EDGE('',*,*,#2112,.T.);
#2157 = ADVANCED_FACE('',(#2158),#1728,.T.);
#2158 = FACE_BOUND('',#2159,.T.);
#2159 = EDGE_LOOP('',(#2160,#2183,#2184,#2207));
#2160 = ORIENTED_EDGE('',*,*,#2161,.F.);
#2161 = EDGE_CURVE('',#1714,#2162,#2164,.T.);
#2162 = VERTEX_POINT('',#2163);
#2163 = CARTESIAN_POINT('',(18.5,-7.75,20.));
#2164 = SURFACE_CURVE('',#2165,(#2169,#2176),.PCURVE_S1.);
#2165 = LINE('',#2166,#2167);
#2166 = CARTESIAN_POINT('',(18.5,-7.75,0.));
#2167 = VECTOR('',#2168,1.);
#2168 = DIRECTION('',(0.,0.,1.));
#2169 = PCURVE('',#1728,#2170);
#2170 = DEFINITIONAL_REPRESENTATION('',(#2171),#2175);
#2171 = LINE('',#2172,#2173);
#2172 = CARTESIAN_POINT('',(0.,2.));
#2173 = VECTOR('',#2174,1.);
#2174 = DIRECTION('',(1.,0.));
<<<<<<< Updated upstream
#2175 = ( GEOMETRIC_REPRESENTATION_CONTEXT(2)
=======
#2175 = ( GEOMETRIC_REPRESENTATION_CONTEXT(2)
>>>>>>> Stashed changes
PARAMETRIC_REPRESENTATION_CONTEXT() REPRESENTATION_CONTEXT('2D SPACE',''
  ) );
#2176 = PCURVE('',#1752,#2177);
#2177 = DEFINITIONAL_REPRESENTATION('',(#2178),#2182);
#2178 = LINE('',#2179,#2180);
#2179 = CARTESIAN_POINT('',(0.,-2.));
#2180 = VECTOR('',#2181,1.);
#2181 = DIRECTION('',(1.,0.));
<<<<<<< Updated upstream
#2182 = ( GEOMETRIC_REPRESENTATION_CONTEXT(2)
=======
#2182 = ( GEOMETRIC_REPRESENTATION_CONTEXT(2)
>>>>>>> Stashed changes
PARAMETRIC_REPRESENTATION_CONTEXT() REPRESENTATION_CONTEXT('2D SPACE',''
  ) );
#2183 = ORIENTED_EDGE('',*,*,#1713,.T.);
#2184 = ORIENTED_EDGE('',*,*,#2185,.T.);
#2185 = EDGE_CURVE('',#1688,#2186,#2188,.T.);
#2186 = VERTEX_POINT('',#2187);
#2187 = CARTESIAN_POINT('',(16.5,-7.75,20.));
#2188 = SURFACE_CURVE('',#2189,(#2193,#2200),.PCURVE_S1.);
#2189 = LINE('',#2190,#2191);
#2190 = CARTESIAN_POINT('',(16.5,-7.75,0.));
#2191 = VECTOR('',#2192,1.);
#2192 = DIRECTION('',(0.,0.,1.));
#2193 = PCURVE('',#1728,#2194);
#2194 = DEFINITIONAL_REPRESENTATION('',(#2195),#2199);
#2195 = LINE('',#2196,#2197);
#2196 = CARTESIAN_POINT('',(0.,0.));
#2197 = VECTOR('',#2198,1.);
#2198 = DIRECTION('',(1.,0.));
<<<<<<< Updated upstream
#2199 = ( GEOMETRIC_REPRESENTATION_CONTEXT(2)
=======
#2199 = ( GEOMETRIC_REPRESENTATION_CONTEXT(2)
>>>>>>> Stashed changes
PARAMETRIC_REPRESENTATION_CONTEXT() REPRESENTATION_CONTEXT('2D SPACE',''
  ) );
#2200 = PCURVE('',#1702,#2201);
#2201 = DEFINITIONAL_REPRESENTATION('',(#2202),#2206);
#2202 = LINE('',#2203,#2204);
#2203 = CARTESIAN_POINT('',(0.,-2.));
#2204 = VECTOR('',#2205,1.);
#2205 = DIRECTION('',(1.,0.));
<<<<<<< Updated upstream
#2206 = ( GEOMETRIC_REPRESENTATION_CONTEXT(2)
=======
#2206 = ( GEOMETRIC_REPRESENTATION_CONTEXT(2)
>>>>>>> Stashed changes
PARAMETRIC_REPRESENTATION_CONTEXT() REPRESENTATION_CONTEXT('2D SPACE',''
  ) );
#2207 = ORIENTED_EDGE('',*,*,#2208,.T.);
#2208 = EDGE_CURVE('',#2186,#2162,#2209,.T.);
#2209 = SURFACE_CURVE('',#2210,(#2214,#2221),.PCURVE_S1.);
#2210 = LINE('',#2211,#2212);
#2211 = CARTESIAN_POINT('',(16.5,-7.75,20.));
#2212 = VECTOR('',#2213,1.);
#2213 = DIRECTION('',(1.,0.,0.));
#2214 = PCURVE('',#1728,#2215);
#2215 = DEFINITIONAL_REPRESENTATION('',(#2216),#2220);
#2216 = LINE('',#2217,#2218);
#2217 = CARTESIAN_POINT('',(20.,0.));
#2218 = VECTOR('',#2219,1.);
#2219 = DIRECTION('',(0.,1.));
<<<<<<< Updated upstream
#2220 = ( GEOMETRIC_REPRESENTATION_CONTEXT(2)
=======
#2220 = ( GEOMETRIC_REPRESENTATION_CONTEXT(2)
>>>>>>> Stashed changes
PARAMETRIC_REPRESENTATION_CONTEXT() REPRESENTATION_CONTEXT('2D SPACE',''
  ) );
#2221 = PCURVE('',#2222,#2227);
#2222 = PLANE('',#2223);
#2223 = AXIS2_PLACEMENT_3D('',#2224,#2225,#2226);
#2224 = CARTESIAN_POINT('',(16.5,-9.75,20.));
#2225 = DIRECTION('',(0.,0.,1.));
#2226 = DIRECTION('',(1.,0.,0.));
#2227 = DEFINITIONAL_REPRESENTATION('',(#2228),#2232);
#2228 = LINE('',#2229,#2230);
#2229 = CARTESIAN_POINT('',(0.,2.));
#2230 = VECTOR('',#2231,1.);
#2231 = DIRECTION('',(1.,0.));
<<<<<<< Updated upstream
#2232 = ( GEOMETRIC_REPRESENTATION_CONTEXT(2)
=======
#2232 = ( GEOMETRIC_REPRESENTATION_CONTEXT(2)
>>>>>>> Stashed changes
PARAMETRIC_REPRESENTATION_CONTEXT() REPRESENTATION_CONTEXT('2D SPACE',''
  ) );
#2233 = ADVANCED_FACE('',(#2234),#2222,.T.);
#2234 = FACE_BOUND('',#2235,.T.);
#2235 = EDGE_LOOP('',(#2236,#2259,#2282,#2303));
#2236 = ORIENTED_EDGE('',*,*,#2237,.F.);
#2237 = EDGE_CURVE('',#2238,#2186,#2240,.T.);
#2238 = VERTEX_POINT('',#2239);
#2239 = CARTESIAN_POINT('',(16.5,-9.75,20.));
#2240 = SURFACE_CURVE('',#2241,(#2245,#2252),.PCURVE_S1.);
#2241 = LINE('',#2242,#2243);
#2242 = CARTESIAN_POINT('',(16.5,-9.75,20.));
#2243 = VECTOR('',#2244,1.);
#2244 = DIRECTION('',(0.,1.,0.));
#2245 = PCURVE('',#2222,#2246);
#2246 = DEFINITIONAL_REPRESENTATION('',(#2247),#2251);
#2247 = LINE('',#2248,#2249);
#2248 = CARTESIAN_POINT('',(0.,0.));
#2249 = VECTOR('',#2250,1.);
#2250 = DIRECTION('',(0.,1.));
<<<<<<< Updated upstream
#2251 = ( GEOMETRIC_REPRESENTATION_CONTEXT(2)
=======
#2251 = ( GEOMETRIC_REPRESENTATION_CONTEXT(2)
>>>>>>> Stashed changes
PARAMETRIC_REPRESENTATION_CONTEXT() REPRESENTATION_CONTEXT('2D SPACE',''
  ) );
#2252 = PCURVE('',#1702,#2253);
#2253 = DEFINITIONAL_REPRESENTATION('',(#2254),#2258);
#2254 = LINE('',#2255,#2256);
#2255 = CARTESIAN_POINT('',(20.,0.));
#2256 = VECTOR('',#2257,1.);
#2257 = DIRECTION('',(0.,-1.));
<<<<<<< Updated upstream
#2258 = ( GEOMETRIC_REPRESENTATION_CONTEXT(2)
=======
#2258 = ( GEOMETRIC_REPRESENTATION_CONTEXT(2)
>>>>>>> Stashed changes
PARAMETRIC_REPRESENTATION_CONTEXT() REPRESENTATION_CONTEXT('2D SPACE',''
  ) );
#2259 = ORIENTED_EDGE('',*,*,#2260,.T.);
#2260 = EDGE_CURVE('',#2238,#2261,#2263,.T.);
#2261 = VERTEX_POINT('',#2262);
#2262 = CARTESIAN_POINT('',(18.5,-9.75,20.));
#2263 = SURFACE_CURVE('',#2264,(#2268,#2275),.PCURVE_S1.);
#2264 = LINE('',#2265,#2266);
#2265 = CARTESIAN_POINT('',(16.5,-9.75,20.));
#2266 = VECTOR('',#2267,1.);
#2267 = DIRECTION('',(1.,0.,0.));
#2268 = PCURVE('',#2222,#2269);
#2269 = DEFINITIONAL_REPRESENTATION('',(#2270),#2274);
#2270 = LINE('',#2271,#2272);
#2271 = CARTESIAN_POINT('',(0.,0.));
#2272 = VECTOR('',#2273,1.);
#2273 = DIRECTION('',(1.,0.));
<<<<<<< Updated upstream
#2274 = ( GEOMETRIC_REPRESENTATION_CONTEXT(2)
=======
#2274 = ( GEOMETRIC_REPRESENTATION_CONTEXT(2)
>>>>>>> Stashed changes
PARAMETRIC_REPRESENTATION_CONTEXT() REPRESENTATION_CONTEXT('2D SPACE',''
  ) );
#2275 = PCURVE('',#1676,#2276);
#2276 = DEFINITIONAL_REPRESENTATION('',(#2277),#2281);
#2277 = LINE('',#2278,#2279);
#2278 = CARTESIAN_POINT('',(20.,0.));
#2279 = VECTOR('',#2280,1.);
#2280 = DIRECTION('',(0.,1.));
<<<<<<< Updated upstream
#2281 = ( GEOMETRIC_REPRESENTATION_CONTEXT(2)
=======
#2281 = ( GEOMETRIC_REPRESENTATION_CONTEXT(2)
>>>>>>> Stashed changes
PARAMETRIC_REPRESENTATION_CONTEXT() REPRESENTATION_CONTEXT('2D SPACE',''
  ) );
#2282 = ORIENTED_EDGE('',*,*,#2283,.T.);
#2283 = EDGE_CURVE('',#2261,#2162,#2284,.T.);
#2284 = SURFACE_CURVE('',#2285,(#2289,#2296),.PCURVE_S1.);
#2285 = LINE('',#2286,#2287);
#2286 = CARTESIAN_POINT('',(18.5,-9.75,20.));
#2287 = VECTOR('',#2288,1.);
#2288 = DIRECTION('',(0.,1.,0.));
#2289 = PCURVE('',#2222,#2290);
#2290 = DEFINITIONAL_REPRESENTATION('',(#2291),#2295);
#2291 = LINE('',#2292,#2293);
#2292 = CARTESIAN_POINT('',(2.,0.));
#2293 = VECTOR('',#2294,1.);
#2294 = DIRECTION('',(0.,1.));
<<<<<<< Updated upstream
#2295 = ( GEOMETRIC_REPRESENTATION_CONTEXT(2)
=======
#2295 = ( GEOMETRIC_REPRESENTATION_CONTEXT(2)
>>>>>>> Stashed changes
PARAMETRIC_REPRESENTATION_CONTEXT() REPRESENTATION_CONTEXT('2D SPACE',''
  ) );
#2296 = PCURVE('',#1752,#2297);
#2297 = DEFINITIONAL_REPRESENTATION('',(#2298),#2302);
#2298 = LINE('',#2299,#2300);
#2299 = CARTESIAN_POINT('',(20.,0.));
#2300 = VECTOR('',#2301,1.);
#2301 = DIRECTION('',(0.,-1.));
<<<<<<< Updated upstream
#2302 = ( GEOMETRIC_REPRESENTATION_CONTEXT(2)
=======
#2302 = ( GEOMETRIC_REPRESENTATION_CONTEXT(2)
>>>>>>> Stashed changes
PARAMETRIC_REPRESENTATION_CONTEXT() REPRESENTATION_CONTEXT('2D SPACE',''
  ) );
#2303 = ORIENTED_EDGE('',*,*,#2208,.F.);
#2304 = ADVANCED_FACE('',(#2305),#1702,.F.);
#2305 = FACE_BOUND('',#2306,.F.);
#2306 = EDGE_LOOP('',(#2307,#2328,#2329,#2330));
#2307 = ORIENTED_EDGE('',*,*,#2308,.F.);
#2308 = EDGE_CURVE('',#1662,#2238,#2309,.T.);
#2309 = SURFACE_CURVE('',#2310,(#2314,#2321),.PCURVE_S1.);
#2310 = LINE('',#2311,#2312);
#2311 = CARTESIAN_POINT('',(16.5,-9.75,0.));
#2312 = VECTOR('',#2313,1.);
#2313 = DIRECTION('',(0.,0.,1.));
#2314 = PCURVE('',#1702,#2315);
#2315 = DEFINITIONAL_REPRESENTATION('',(#2316),#2320);
#2316 = LINE('',#2317,#2318);
#2317 = CARTESIAN_POINT('',(0.,0.));
#2318 = VECTOR('',#2319,1.);
#2319 = DIRECTION('',(1.,0.));
<<<<<<< Updated upstream
#2320 = ( GEOMETRIC_REPRESENTATION_CONTEXT(2)
=======
#2320 = ( GEOMETRIC_REPRESENTATION_CONTEXT(2)
>>>>>>> Stashed changes
PARAMETRIC_REPRESENTATION_CONTEXT() REPRESENTATION_CONTEXT('2D SPACE',''
  ) );
#2321 = PCURVE('',#1676,#2322);
#2322 = DEFINITIONAL_REPRESENTATION('',(#2323),#2327);
#2323 = LINE('',#2324,#2325);
#2324 = CARTESIAN_POINT('',(0.,0.));
#2325 = VECTOR('',#2326,1.);
#2326 = DIRECTION('',(1.,0.));
<<<<<<< Updated upstream
#2327 = ( GEOMETRIC_REPRESENTATION_CONTEXT(2)
=======
#2327 = ( GEOMETRIC_REPRESENTATION_CONTEXT(2)
>>>>>>> Stashed changes
PARAMETRIC_REPRESENTATION_CONTEXT() REPRESENTATION_CONTEXT('2D SPACE',''
  ) );
#2328 = ORIENTED_EDGE('',*,*,#1687,.T.);
#2329 = ORIENTED_EDGE('',*,*,#2185,.T.);
#2330 = ORIENTED_EDGE('',*,*,#2237,.F.);
#2331 = ADVANCED_FACE('',(#2332),#1752,.T.);
#2332 = FACE_BOUND('',#2333,.T.);
#2333 = EDGE_LOOP('',(#2334,#2355,#2356,#2357));
#2334 = ORIENTED_EDGE('',*,*,#2335,.F.);
#2335 = EDGE_CURVE('',#1660,#2261,#2336,.T.);
#2336 = SURFACE_CURVE('',#2337,(#2341,#2348),.PCURVE_S1.);
#2337 = LINE('',#2338,#2339);
#2338 = CARTESIAN_POINT('',(18.5,-9.75,0.));
#2339 = VECTOR('',#2340,1.);
#2340 = DIRECTION('',(0.,0.,1.));
#2341 = PCURVE('',#1752,#2342);
#2342 = DEFINITIONAL_REPRESENTATION('',(#2343),#2347);
#2343 = LINE('',#2344,#2345);
#2344 = CARTESIAN_POINT('',(0.,0.));
#2345 = VECTOR('',#2346,1.);
#2346 = DIRECTION('',(1.,0.));
<<<<<<< Updated upstream
#2347 = ( GEOMETRIC_REPRESENTATION_CONTEXT(2)
=======
#2347 = ( GEOMETRIC_REPRESENTATION_CONTEXT(2)
>>>>>>> Stashed changes
PARAMETRIC_REPRESENTATION_CONTEXT() REPRESENTATION_CONTEXT('2D SPACE',''
  ) );
#2348 = PCURVE('',#1676,#2349);
#2349 = DEFINITIONAL_REPRESENTATION('',(#2350),#2354);
#2350 = LINE('',#2351,#2352);
#2351 = CARTESIAN_POINT('',(0.,2.));
#2352 = VECTOR('',#2353,1.);
#2353 = DIRECTION('',(1.,0.));
<<<<<<< Updated upstream
#2354 = ( GEOMETRIC_REPRESENTATION_CONTEXT(2)
=======
#2354 = ( GEOMETRIC_REPRESENTATION_CONTEXT(2)
>>>>>>> Stashed changes
PARAMETRIC_REPRESENTATION_CONTEXT() REPRESENTATION_CONTEXT('2D SPACE',''
  ) );
#2355 = ORIENTED_EDGE('',*,*,#1739,.T.);
#2356 = ORIENTED_EDGE('',*,*,#2161,.T.);
#2357 = ORIENTED_EDGE('',*,*,#2283,.F.);
#2358 = ADVANCED_FACE('',(#2359),#1676,.F.);
#2359 = FACE_BOUND('',#2360,.F.);
#2360 = EDGE_LOOP('',(#2361,#2362,#2363,#2364));
#2361 = ORIENTED_EDGE('',*,*,#2335,.F.);
#2362 = ORIENTED_EDGE('',*,*,#1659,.T.);
#2363 = ORIENTED_EDGE('',*,*,#2308,.T.);
#2364 = ORIENTED_EDGE('',*,*,#2260,.T.);
#2365 = ADVANCED_FACE('',(#2366),#1013,.T.);
#2366 = FACE_BOUND('',#2367,.T.);
#2367 = EDGE_LOOP('',(#2368,#2389,#2390,#2411));
#2368 = ORIENTED_EDGE('',*,*,#2369,.F.);
#2369 = EDGE_CURVE('',#1262,#977,#2370,.T.);
#2370 = SURFACE_CURVE('',#2371,(#2375,#2382),.PCURVE_S1.);
#2371 = LINE('',#2372,#2373);
#2372 = CARTESIAN_POINT('',(-35.,-17.5,20.));
#2373 = VECTOR('',#2374,1.);
#2374 = DIRECTION('',(0.,1.,0.));
#2375 = PCURVE('',#1013,#2376);
#2376 = DEFINITIONAL_REPRESENTATION('',(#2377),#2381);
#2377 = LINE('',#2378,#2379);
#2378 = CARTESIAN_POINT('',(0.,0.));
#2379 = VECTOR('',#2380,1.);
#2380 = DIRECTION('',(0.,1.));
<<<<<<< Updated upstream
#2381 = ( GEOMETRIC_REPRESENTATION_CONTEXT(2)
=======
#2381 = ( GEOMETRIC_REPRESENTATION_CONTEXT(2)
>>>>>>> Stashed changes
PARAMETRIC_REPRESENTATION_CONTEXT() REPRESENTATION_CONTEXT('2D SPACE',''
  ) );
#2382 = PCURVE('',#312,#2383);
#2383 = DEFINITIONAL_REPRESENTATION('',(#2384),#2388);
#2384 = LINE('',#2385,#2386);
#2385 = CARTESIAN_POINT('',(21.,0.));
#2386 = VECTOR('',#2387,1.);
#2387 = DIRECTION('',(0.,-1.));
<<<<<<< Updated upstream
#2388 = ( GEOMETRIC_REPRESENTATION_CONTEXT(2)
=======
#2388 = ( GEOMETRIC_REPRESENTATION_CONTEXT(2)
>>>>>>> Stashed changes
PARAMETRIC_REPRESENTATION_CONTEXT() REPRESENTATION_CONTEXT('2D SPACE',''
  ) );
#2389 = ORIENTED_EDGE('',*,*,#1284,.T.);
#2390 = ORIENTED_EDGE('',*,*,#2391,.T.);
#2391 = EDGE_CURVE('',#1285,#861,#2392,.T.);
#2392 = SURFACE_CURVE('',#2393,(#2397,#2404),.PCURVE_S1.);
#2393 = LINE('',#2394,#2395);
#2394 = CARTESIAN_POINT('',(35.,-17.5,20.));
#2395 = VECTOR('',#2396,1.);
#2396 = DIRECTION('',(0.,1.,0.));
#2397 = PCURVE('',#1013,#2398);
#2398 = DEFINITIONAL_REPRESENTATION('',(#2399),#2403);
#2399 = LINE('',#2400,#2401);
#2400 = CARTESIAN_POINT('',(70.,0.));
#2401 = VECTOR('',#2402,1.);
#2402 = DIRECTION('',(0.,1.));
<<<<<<< Updated upstream
#2403 = ( GEOMETRIC_REPRESENTATION_CONTEXT(2)
=======
#2403 = ( GEOMETRIC_REPRESENTATION_CONTEXT(2)
>>>>>>> Stashed changes
PARAMETRIC_REPRESENTATION_CONTEXT() REPRESENTATION_CONTEXT('2D SPACE',''
  ) );
#2404 = PCURVE('',#368,#2405);
#2405 = DEFINITIONAL_REPRESENTATION('',(#2406),#2410);
#2406 = LINE('',#2407,#2408);
#2407 = CARTESIAN_POINT('',(21.,0.));
#2408 = VECTOR('',#2409,1.);
#2409 = DIRECTION('',(0.,-1.));
<<<<<<< Updated upstream
#2410 = ( GEOMETRIC_REPRESENTATION_CONTEXT(2)
=======
#2410 = ( GEOMETRIC_REPRESENTATION_CONTEXT(2)
>>>>>>> Stashed changes
PARAMETRIC_REPRESENTATION_CONTEXT() REPRESENTATION_CONTEXT('2D SPACE',''
  ) );
#2411 = ORIENTED_EDGE('',*,*,#999,.F.);
#2412 = ADVANCED_FACE('',(#2413),#819,.T.);
#2413 = FACE_BOUND('',#2414,.T.);
#2414 = EDGE_LOOP('',(#2415,#2416,#2417,#2440,#2463,#2484));
#2415 = ORIENTED_EDGE('',*,*,#1057,.F.);
#2416 = ORIENTED_EDGE('',*,*,#1494,.T.);
#2417 = ORIENTED_EDGE('',*,*,#2418,.T.);
#2418 = EDGE_CURVE('',#1472,#2419,#2421,.T.);
#2419 = VERTEX_POINT('',#2420);
#2420 = CARTESIAN_POINT('',(10.166666666667,17.2,-1.));
#2421 = SURFACE_CURVE('',#2422,(#2426,#2433),.PCURVE_S1.);
#2422 = LINE('',#2423,#2424);
#2423 = CARTESIAN_POINT('',(10.166666666667,-18.5,-1.));
#2424 = VECTOR('',#2425,1.);
#2425 = DIRECTION('',(0.,1.,0.));
#2426 = PCURVE('',#819,#2427);
#2427 = DEFINITIONAL_REPRESENTATION('',(#2428),#2432);
#2428 = LINE('',#2429,#2430);
#2429 = CARTESIAN_POINT('',(0.,0.));
#2430 = VECTOR('',#2431,1.);
#2431 = DIRECTION('',(0.,-1.));
<<<<<<< Updated upstream
#2432 = ( GEOMETRIC_REPRESENTATION_CONTEXT(2)
=======
#2432 = ( GEOMETRIC_REPRESENTATION_CONTEXT(2)
>>>>>>> Stashed changes
PARAMETRIC_REPRESENTATION_CONTEXT() REPRESENTATION_CONTEXT('2D SPACE',''
  ) );
#2433 = PCURVE('',#508,#2434);
#2434 = DEFINITIONAL_REPRESENTATION('',(#2435),#2439);
#2435 = LINE('',#2436,#2437);
#2436 = CARTESIAN_POINT('',(45.166666666667,-1.));
#2437 = VECTOR('',#2438,1.);
#2438 = DIRECTION('',(0.,1.));
<<<<<<< Updated upstream
#2439 = ( GEOMETRIC_REPRESENTATION_CONTEXT(2)
=======
#2439 = ( GEOMETRIC_REPRESENTATION_CONTEXT(2)
>>>>>>> Stashed changes
PARAMETRIC_REPRESENTATION_CONTEXT() REPRESENTATION_CONTEXT('2D SPACE',''
  ) );
#2440 = ORIENTED_EDGE('',*,*,#2441,.F.);
#2441 = EDGE_CURVE('',#2442,#2419,#2444,.T.);
#2442 = VERTEX_POINT('',#2443);
#2443 = CARTESIAN_POINT('',(10.166666666667,17.2,1.));
#2444 = SURFACE_CURVE('',#2445,(#2449,#2456),.PCURVE_S1.);
#2445 = LINE('',#2446,#2447);
#2446 = CARTESIAN_POINT('',(10.166666666667,17.2,1.));
#2447 = VECTOR('',#2448,1.);
#2448 = DIRECTION('',(0.,0.,-1.));
#2449 = PCURVE('',#819,#2450);
#2450 = DEFINITIONAL_REPRESENTATION('',(#2451),#2455);
#2451 = LINE('',#2452,#2453);
#2452 = CARTESIAN_POINT('',(2.,-35.7));
#2453 = VECTOR('',#2454,1.);
#2454 = DIRECTION('',(-1.,0.));
<<<<<<< Updated upstream
#2455 = ( GEOMETRIC_REPRESENTATION_CONTEXT(2)
=======
#2455 = ( GEOMETRIC_REPRESENTATION_CONTEXT(2)
>>>>>>> Stashed changes
PARAMETRIC_REPRESENTATION_CONTEXT() REPRESENTATION_CONTEXT('2D SPACE',''
  ) );
#2456 = PCURVE('',#480,#2457);
#2457 = DEFINITIONAL_REPRESENTATION('',(#2458),#2462);
#2458 = LINE('',#2459,#2460);
#2459 = CARTESIAN_POINT('',(-0.,0.212132034356));
#2460 = VECTOR('',#2461,1.);
#2461 = DIRECTION('',(-1.,0.));
<<<<<<< Updated upstream
#2462 = ( GEOMETRIC_REPRESENTATION_CONTEXT(2)
=======
#2462 = ( GEOMETRIC_REPRESENTATION_CONTEXT(2)
>>>>>>> Stashed changes
PARAMETRIC_REPRESENTATION_CONTEXT() REPRESENTATION_CONTEXT('2D SPACE',''
  ) );
#2463 = ORIENTED_EDGE('',*,*,#2464,.F.);
#2464 = EDGE_CURVE('',#804,#2442,#2465,.T.);
#2465 = SURFACE_CURVE('',#2466,(#2470,#2477),.PCURVE_S1.);
#2466 = LINE('',#2467,#2468);
#2467 = CARTESIAN_POINT('',(10.166666666667,-18.5,1.));
#2468 = VECTOR('',#2469,1.);
#2469 = DIRECTION('',(0.,1.,0.));
#2470 = PCURVE('',#819,#2471);
#2471 = DEFINITIONAL_REPRESENTATION('',(#2472),#2476);
#2472 = LINE('',#2473,#2474);
#2473 = CARTESIAN_POINT('',(2.,0.));
#2474 = VECTOR('',#2475,1.);
#2475 = DIRECTION('',(0.,-1.));
<<<<<<< Updated upstream
#2476 = ( GEOMETRIC_REPRESENTATION_CONTEXT(2)
=======
#2476 = ( GEOMETRIC_REPRESENTATION_CONTEXT(2)
>>>>>>> Stashed changes
PARAMETRIC_REPRESENTATION_CONTEXT() REPRESENTATION_CONTEXT('2D SPACE',''
  ) );
#2477 = PCURVE('',#452,#2478);
#2478 = DEFINITIONAL_REPRESENTATION('',(#2479),#2483);
#2479 = LINE('',#2480,#2481);
#2480 = CARTESIAN_POINT('',(0.,0.));
#2481 = VECTOR('',#2482,1.);
#2482 = DIRECTION('',(0.,1.));
<<<<<<< Updated upstream
#2483 = ( GEOMETRIC_REPRESENTATION_CONTEXT(2)
=======
#2483 = ( GEOMETRIC_REPRESENTATION_CONTEXT(2)
>>>>>>> Stashed changes
PARAMETRIC_REPRESENTATION_CONTEXT() REPRESENTATION_CONTEXT('2D SPACE',''
  ) );
#2484 = ORIENTED_EDGE('',*,*,#803,.F.);
#2485 = ADVANCED_FACE('',(#2486),#844,.F.);
#2486 = FACE_BOUND('',#2487,.F.);
#2487 = EDGE_LOOP('',(#2488,#2511,#2512,#2532,#2533,#2553,#2574,#2597));
#2488 = ORIENTED_EDGE('',*,*,#2489,.F.);
#2489 = EDGE_CURVE('',#1616,#2490,#2492,.T.);
#2490 = VERTEX_POINT('',#2491);
#2491 = CARTESIAN_POINT('',(35.,15.5,20.));
#2492 = SURFACE_CURVE('',#2493,(#2497,#2504),.PCURVE_S1.);
#2493 = LINE('',#2494,#2495);
#2494 = CARTESIAN_POINT('',(35.,15.5,0.));
#2495 = VECTOR('',#2496,1.);
#2496 = DIRECTION('',(0.,0.,1.));
#2497 = PCURVE('',#844,#2498);
#2498 = DEFINITIONAL_REPRESENTATION('',(#2499),#2503);
#2499 = LINE('',#2500,#2501);
#2500 = CARTESIAN_POINT('',(0.,70.));
#2501 = VECTOR('',#2502,1.);
#2502 = DIRECTION('',(1.,0.));
<<<<<<< Updated upstream
#2503 = ( GEOMETRIC_REPRESENTATION_CONTEXT(2)
=======
#2503 = ( GEOMETRIC_REPRESENTATION_CONTEXT(2)
>>>>>>> Stashed changes
PARAMETRIC_REPRESENTATION_CONTEXT() REPRESENTATION_CONTEXT('2D SPACE',''
  ) );
#2504 = PCURVE('',#368,#2505);
#2505 = DEFINITIONAL_REPRESENTATION('',(#2506),#2510);
#2506 = LINE('',#2507,#2508);
#2507 = CARTESIAN_POINT('',(1.,-33.));
#2508 = VECTOR('',#2509,1.);
#2509 = DIRECTION('',(1.,0.));
<<<<<<< Updated upstream
#2510 = ( GEOMETRIC_REPRESENTATION_CONTEXT(2)
=======
#2510 = ( GEOMETRIC_REPRESENTATION_CONTEXT(2)
>>>>>>> Stashed changes
PARAMETRIC_REPRESENTATION_CONTEXT() REPRESENTATION_CONTEXT('2D SPACE',''
  ) );
#2511 = ORIENTED_EDGE('',*,*,#1638,.T.);
#2512 = ORIENTED_EDGE('',*,*,#2513,.T.);
#2513 = EDGE_CURVE('',#1567,#804,#2514,.T.);
#2514 = SURFACE_CURVE('',#2515,(#2519,#2525),.PCURVE_S1.);
#2515 = LINE('',#2516,#2517);
#2516 = CARTESIAN_POINT('',(-35.,15.5,1.));
#2517 = VECTOR('',#2518,1.);
#2518 = DIRECTION('',(-1.,0.,0.));
#2519 = PCURVE('',#844,#2520);
#2520 = DEFINITIONAL_REPRESENTATION('',(#2521),#2524);
#2521 = B_SPLINE_CURVE_WITH_KNOTS('',1,(#2522,#2523),.UNSPECIFIED.,.F.,
  .F.,(2,2),(-70.,0.),.PIECEWISE_BEZIER_KNOTS.);
#2522 = CARTESIAN_POINT('',(1.,70.));
#2523 = CARTESIAN_POINT('',(1.,0.));
<<<<<<< Updated upstream
#2524 = ( GEOMETRIC_REPRESENTATION_CONTEXT(2)
=======
#2524 = ( GEOMETRIC_REPRESENTATION_CONTEXT(2)
>>>>>>> Stashed changes
PARAMETRIC_REPRESENTATION_CONTEXT() REPRESENTATION_CONTEXT('2D SPACE',''
  ) );
#2525 = PCURVE('',#452,#2526);
#2526 = DEFINITIONAL_REPRESENTATION('',(#2527),#2531);
#2527 = LINE('',#2528,#2529);
#2528 = CARTESIAN_POINT('',(-45.16666666666,34.));
#2529 = VECTOR('',#2530,1.);
#2530 = DIRECTION('',(-1.,0.));
<<<<<<< Updated upstream
#2531 = ( GEOMETRIC_REPRESENTATION_CONTEXT(2)
=======
#2531 = ( GEOMETRIC_REPRESENTATION_CONTEXT(2)
>>>>>>> Stashed changes
PARAMETRIC_REPRESENTATION_CONTEXT() REPRESENTATION_CONTEXT('2D SPACE',''
  ) );
#2532 = ORIENTED_EDGE('',*,*,#831,.T.);
#2533 = ORIENTED_EDGE('',*,*,#2534,.T.);
#2534 = EDGE_CURVE('',#725,#141,#2535,.T.);
#2535 = SURFACE_CURVE('',#2536,(#2540,#2546),.PCURVE_S1.);
#2536 = LINE('',#2537,#2538);
#2537 = CARTESIAN_POINT('',(-35.,15.5,1.));
#2538 = VECTOR('',#2539,1.);
#2539 = DIRECTION('',(-1.,0.,0.));
#2540 = PCURVE('',#844,#2541);
#2541 = DEFINITIONAL_REPRESENTATION('',(#2542),#2545);
#2542 = B_SPLINE_CURVE_WITH_KNOTS('',1,(#2543,#2544),.UNSPECIFIED.,.F.,
  .F.,(2,2),(-70.,0.),.PIECEWISE_BEZIER_KNOTS.);
#2543 = CARTESIAN_POINT('',(1.,70.));
#2544 = CARTESIAN_POINT('',(1.,0.));
<<<<<<< Updated upstream
#2545 = ( GEOMETRIC_REPRESENTATION_CONTEXT(2)
=======
#2545 = ( GEOMETRIC_REPRESENTATION_CONTEXT(2)
>>>>>>> Stashed changes
PARAMETRIC_REPRESENTATION_CONTEXT() REPRESENTATION_CONTEXT('2D SPACE',''
  ) );
#2546 = PCURVE('',#156,#2547);
#2547 = DEFINITIONAL_REPRESENTATION('',(#2548),#2552);
#2548 = LINE('',#2549,#2550);
#2549 = CARTESIAN_POINT('',(-21.83333333333,34.));
#2550 = VECTOR('',#2551,1.);
#2551 = DIRECTION('',(-1.,0.));
<<<<<<< Updated upstream
#2552 = ( GEOMETRIC_REPRESENTATION_CONTEXT(2)
=======
#2552 = ( GEOMETRIC_REPRESENTATION_CONTEXT(2)
>>>>>>> Stashed changes
PARAMETRIC_REPRESENTATION_CONTEXT() REPRESENTATION_CONTEXT('2D SPACE',''
  ) );
#2553 = ORIENTED_EDGE('',*,*,#2554,.T.);
#2554 = EDGE_CURVE('',#141,#2555,#2557,.T.);
#2555 = VERTEX_POINT('',#2556);
#2556 = CARTESIAN_POINT('',(-35.,15.5,1.));
#2557 = SURFACE_CURVE('',#2558,(#2562,#2568),.PCURVE_S1.);
#2558 = LINE('',#2559,#2560);
#2559 = CARTESIAN_POINT('',(-35.,15.5,1.));
#2560 = VECTOR('',#2561,1.);
#2561 = DIRECTION('',(-1.,0.,0.));
#2562 = PCURVE('',#844,#2563);
#2563 = DEFINITIONAL_REPRESENTATION('',(#2564),#2567);
#2564 = B_SPLINE_CURVE_WITH_KNOTS('',1,(#2565,#2566),.UNSPECIFIED.,.F.,
  .F.,(2,2),(-70.,0.),.PIECEWISE_BEZIER_KNOTS.);
#2565 = CARTESIAN_POINT('',(1.,70.));
#2566 = CARTESIAN_POINT('',(1.,0.));
<<<<<<< Updated upstream
#2567 = ( GEOMETRIC_REPRESENTATION_CONTEXT(2)
=======
#2567 = ( GEOMETRIC_REPRESENTATION_CONTEXT(2)
>>>>>>> Stashed changes
PARAMETRIC_REPRESENTATION_CONTEXT() REPRESENTATION_CONTEXT('2D SPACE',''
  ) );
#2568 = PCURVE('',#182,#2569);
#2569 = DEFINITIONAL_REPRESENTATION('',(#2570),#2573);
#2570 = B_SPLINE_CURVE_WITH_KNOTS('',1,(#2571,#2572),.UNSPECIFIED.,.F.,
  .F.,(2,2),(-70.,0.),.PIECEWISE_BEZIER_KNOTS.);
#2571 = CARTESIAN_POINT('',(70.,33.));
#2572 = CARTESIAN_POINT('',(0.,33.));
<<<<<<< Updated upstream
#2573 = ( GEOMETRIC_REPRESENTATION_CONTEXT(2)
=======
#2573 = ( GEOMETRIC_REPRESENTATION_CONTEXT(2)
>>>>>>> Stashed changes
PARAMETRIC_REPRESENTATION_CONTEXT() REPRESENTATION_CONTEXT('2D SPACE',''
  ) );
#2574 = ORIENTED_EDGE('',*,*,#2575,.T.);
#2575 = EDGE_CURVE('',#2555,#2576,#2578,.T.);
#2576 = VERTEX_POINT('',#2577);
#2577 = CARTESIAN_POINT('',(-35.,15.5,20.));
#2578 = SURFACE_CURVE('',#2579,(#2583,#2590),.PCURVE_S1.);
#2579 = LINE('',#2580,#2581);
#2580 = CARTESIAN_POINT('',(-35.,15.5,0.));
#2581 = VECTOR('',#2582,1.);
#2582 = DIRECTION('',(0.,0.,1.));
#2583 = PCURVE('',#844,#2584);
#2584 = DEFINITIONAL_REPRESENTATION('',(#2585),#2589);
#2585 = LINE('',#2586,#2587);
#2586 = CARTESIAN_POINT('',(0.,0.));
#2587 = VECTOR('',#2588,1.);
#2588 = DIRECTION('',(1.,0.));
<<<<<<< Updated upstream
#2589 = ( GEOMETRIC_REPRESENTATION_CONTEXT(2)
=======
#2589 = ( GEOMETRIC_REPRESENTATION_CONTEXT(2)
>>>>>>> Stashed changes
PARAMETRIC_REPRESENTATION_CONTEXT() REPRESENTATION_CONTEXT('2D SPACE',''
  ) );
#2590 = PCURVE('',#312,#2591);
#2591 = DEFINITIONAL_REPRESENTATION('',(#2592),#2596);
#2592 = LINE('',#2593,#2594);
#2593 = CARTESIAN_POINT('',(1.,-33.));
#2594 = VECTOR('',#2595,1.);
#2595 = DIRECTION('',(1.,0.));
<<<<<<< Updated upstream
#2596 = ( GEOMETRIC_REPRESENTATION_CONTEXT(2)
=======
#2596 = ( GEOMETRIC_REPRESENTATION_CONTEXT(2)
>>>>>>> Stashed changes
PARAMETRIC_REPRESENTATION_CONTEXT() REPRESENTATION_CONTEXT('2D SPACE',''
  ) );
#2597 = ORIENTED_EDGE('',*,*,#2598,.T.);
#2598 = EDGE_CURVE('',#2576,#2490,#2599,.T.);
#2599 = SURFACE_CURVE('',#2600,(#2604,#2611),.PCURVE_S1.);
#2600 = LINE('',#2601,#2602);
#2601 = CARTESIAN_POINT('',(-35.,15.5,20.));
#2602 = VECTOR('',#2603,1.);
#2603 = DIRECTION('',(1.,0.,0.));
#2604 = PCURVE('',#844,#2605);
#2605 = DEFINITIONAL_REPRESENTATION('',(#2606),#2610);
#2606 = LINE('',#2607,#2608);
#2607 = CARTESIAN_POINT('',(20.,0.));
#2608 = VECTOR('',#2609,1.);
#2609 = DIRECTION('',(0.,1.));
<<<<<<< Updated upstream
#2610 = ( GEOMETRIC_REPRESENTATION_CONTEXT(2)
=======
#2610 = ( GEOMETRIC_REPRESENTATION_CONTEXT(2)
>>>>>>> Stashed changes
PARAMETRIC_REPRESENTATION_CONTEXT() REPRESENTATION_CONTEXT('2D SPACE',''
  ) );
#2611 = PCURVE('',#340,#2612);
#2612 = DEFINITIONAL_REPRESENTATION('',(#2613),#2617);
#2613 = LINE('',#2614,#2615);
#2614 = CARTESIAN_POINT('',(0.,0.));
#2615 = VECTOR('',#2616,1.);
#2616 = DIRECTION('',(1.,0.));
<<<<<<< Updated upstream
#2617 = ( GEOMETRIC_REPRESENTATION_CONTEXT(2)
=======
#2617 = ( GEOMETRIC_REPRESENTATION_CONTEXT(2)
>>>>>>> Stashed changes
PARAMETRIC_REPRESENTATION_CONTEXT() REPRESENTATION_CONTEXT('2D SPACE',''
  ) );
#2618 = ADVANCED_FACE('',(#2619),#690,.T.);
#2619 = FACE_BOUND('',#2620,.F.);
#2620 = EDGE_LOOP('',(#2621,#2642,#2643,#2664));
#2621 = ORIENTED_EDGE('',*,*,#2622,.F.);
#2622 = EDGE_CURVE('',#1400,#650,#2623,.T.);
#2623 = SURFACE_CURVE('',#2624,(#2628,#2635),.PCURVE_S1.);
#2624 = LINE('',#2625,#2626);
#2625 = CARTESIAN_POINT('',(-10.51666666666,-16.85,1.));
#2626 = VECTOR('',#2627,1.);
#2627 = DIRECTION('',(-0.707106781187,0.707106781187,-0.));
#2628 = PCURVE('',#690,#2629);
#2629 = DEFINITIONAL_REPRESENTATION('',(#2630),#2634);
#2630 = LINE('',#2631,#2632);
#2631 = CARTESIAN_POINT('',(-0.,0.707106781187));
#2632 = VECTOR('',#2633,1.);
#2633 = DIRECTION('',(-0.,1.));
<<<<<<< Updated upstream
#2634 = ( GEOMETRIC_REPRESENTATION_CONTEXT(2)
=======
#2634 = ( GEOMETRIC_REPRESENTATION_CONTEXT(2)
>>>>>>> Stashed changes
PARAMETRIC_REPRESENTATION_CONTEXT() REPRESENTATION_CONTEXT('2D SPACE',''
  ) );
#2635 = PCURVE('',#44,#2636);
#2636 = DEFINITIONAL_REPRESENTATION('',(#2637),#2641);
#2637 = LINE('',#2638,#2639);
#2638 = CARTESIAN_POINT('',(2.65,1.65));
#2639 = VECTOR('',#2640,1.);
#2640 = DIRECTION('',(-0.707106781187,0.707106781187));
<<<<<<< Updated upstream
#2641 = ( GEOMETRIC_REPRESENTATION_CONTEXT(2)
=======
#2641 = ( GEOMETRIC_REPRESENTATION_CONTEXT(2)
>>>>>>> Stashed changes
PARAMETRIC_REPRESENTATION_CONTEXT() REPRESENTATION_CONTEXT('2D SPACE',''
  ) );
#2642 = ORIENTED_EDGE('',*,*,#1399,.T.);
#2643 = ORIENTED_EDGE('',*,*,#2644,.T.);
#2644 = EDGE_CURVE('',#1377,#675,#2645,.T.);
#2645 = SURFACE_CURVE('',#2646,(#2650,#2657),.PCURVE_S1.);
#2646 = LINE('',#2647,#2648);
#2647 = CARTESIAN_POINT('',(-16.225,-11.14166666666,-1.));
#2648 = VECTOR('',#2649,1.);
#2649 = DIRECTION('',(-0.707106781187,0.707106781187,-0.));
#2650 = PCURVE('',#690,#2651);
#2651 = DEFINITIONAL_REPRESENTATION('',(#2652),#2656);
#2652 = LINE('',#2653,#2654);
#2653 = CARTESIAN_POINT('',(-2.,8.779909199733));
#2654 = VECTOR('',#2655,1.);
#2655 = DIRECTION('',(-0.,1.));
<<<<<<< Updated upstream
#2656 = ( GEOMETRIC_REPRESENTATION_CONTEXT(2)
=======
#2656 = ( GEOMETRIC_REPRESENTATION_CONTEXT(2)
>>>>>>> Stashed changes
PARAMETRIC_REPRESENTATION_CONTEXT() REPRESENTATION_CONTEXT('2D SPACE',''
  ) );
#2657 = PCURVE('',#508,#2658);
#2658 = DEFINITIONAL_REPRESENTATION('',(#2659),#2663);
#2659 = LINE('',#2660,#2661);
#2660 = CARTESIAN_POINT('',(18.775,6.358333333333));
#2661 = VECTOR('',#2662,1.);
#2662 = DIRECTION('',(-0.707106781187,0.707106781187));
<<<<<<< Updated upstream
#2663 = ( GEOMETRIC_REPRESENTATION_CONTEXT(2)
=======
#2663 = ( GEOMETRIC_REPRESENTATION_CONTEXT(2)
>>>>>>> Stashed changes
PARAMETRIC_REPRESENTATION_CONTEXT() REPRESENTATION_CONTEXT('2D SPACE',''
  ) );
#2664 = ORIENTED_EDGE('',*,*,#674,.F.);
#2665 = ADVANCED_FACE('',(#2666),#508,.F.);
#2666 = FACE_BOUND('',#2667,.F.);
#2667 = EDGE_LOOP('',(#2668,#2669,#2670,#2671,#2672,#2673,#2674,#2675));
#2668 = ORIENTED_EDGE('',*,*,#492,.F.);
#2669 = ORIENTED_EDGE('',*,*,#597,.T.);
#2670 = ORIENTED_EDGE('',*,*,#702,.F.);
#2671 = ORIENTED_EDGE('',*,*,#2644,.F.);
#2672 = ORIENTED_EDGE('',*,*,#1376,.T.);
#2673 = ORIENTED_EDGE('',*,*,#1471,.T.);
#2674 = ORIENTED_EDGE('',*,*,#2418,.T.);
#2675 = ORIENTED_EDGE('',*,*,#2676,.F.);
#2676 = EDGE_CURVE('',#465,#2419,#2677,.T.);
#2677 = SURFACE_CURVE('',#2678,(#2682,#2689),.PCURVE_S1.);
#2678 = LINE('',#2679,#2680);
#2679 = CARTESIAN_POINT('',(7.475,19.891666666667,-1.));
#2680 = VECTOR('',#2681,1.);
#2681 = DIRECTION('',(0.707106781187,-0.707106781187,-0.));
#2682 = PCURVE('',#508,#2683);
#2683 = DEFINITIONAL_REPRESENTATION('',(#2684),#2688);
#2684 = LINE('',#2685,#2686);
#2685 = CARTESIAN_POINT('',(42.475,37.391666666667));
#2686 = VECTOR('',#2687,1.);
#2687 = DIRECTION('',(0.707106781187,-0.707106781187));
<<<<<<< Updated upstream
#2688 = ( GEOMETRIC_REPRESENTATION_CONTEXT(2)
=======
#2688 = ( GEOMETRIC_REPRESENTATION_CONTEXT(2)
>>>>>>> Stashed changes
PARAMETRIC_REPRESENTATION_CONTEXT() REPRESENTATION_CONTEXT('2D SPACE',''
  ) );
#2689 = PCURVE('',#480,#2690);
#2690 = DEFINITIONAL_REPRESENTATION('',(#2691),#2695);
#2691 = LINE('',#2692,#2693);
#2692 = CARTESIAN_POINT('',(-2.,-3.594459471032));
#2693 = VECTOR('',#2694,1.);
#2694 = DIRECTION('',(-0.,1.));
<<<<<<< Updated upstream
#2695 = ( GEOMETRIC_REPRESENTATION_CONTEXT(2)
=======
#2695 = ( GEOMETRIC_REPRESENTATION_CONTEXT(2)
>>>>>>> Stashed changes
PARAMETRIC_REPRESENTATION_CONTEXT() REPRESENTATION_CONTEXT('2D SPACE',''
  ) );
#2696 = ADVANCED_FACE('',(#2697),#480,.T.);
#2697 = FACE_BOUND('',#2698,.F.);
#2698 = EDGE_LOOP('',(#2699,#2720,#2721,#2722));
#2699 = ORIENTED_EDGE('',*,*,#2700,.F.);
#2700 = EDGE_CURVE('',#437,#2442,#2701,.T.);
#2701 = SURFACE_CURVE('',#2702,(#2706,#2713),.PCURVE_S1.);
#2702 = LINE('',#2703,#2704);
#2703 = CARTESIAN_POINT('',(19.016666666667,8.35,1.));
#2704 = VECTOR('',#2705,1.);
#2705 = DIRECTION('',(0.707106781187,-0.707106781187,-0.));
#2706 = PCURVE('',#480,#2707);
#2707 = DEFINITIONAL_REPRESENTATION('',(#2708),#2712);
#2708 = LINE('',#2709,#2710);
#2709 = CARTESIAN_POINT('',(-0.,12.727922061358));
#2710 = VECTOR('',#2711,1.);
#2711 = DIRECTION('',(-0.,1.));
<<<<<<< Updated upstream
#2712 = ( GEOMETRIC_REPRESENTATION_CONTEXT(2)
=======
#2712 = ( GEOMETRIC_REPRESENTATION_CONTEXT(2)
>>>>>>> Stashed changes
PARAMETRIC_REPRESENTATION_CONTEXT() REPRESENTATION_CONTEXT('2D SPACE',''
  ) );
#2713 = PCURVE('',#452,#2714);
#2714 = DEFINITIONAL_REPRESENTATION('',(#2715),#2719);
#2715 = LINE('',#2716,#2717);
#2716 = CARTESIAN_POINT('',(8.85,26.85));
#2717 = VECTOR('',#2718,1.);
#2718 = DIRECTION('',(0.707106781187,-0.707106781187));
<<<<<<< Updated upstream
#2719 = ( GEOMETRIC_REPRESENTATION_CONTEXT(2)
=======
#2719 = ( GEOMETRIC_REPRESENTATION_CONTEXT(2)
>>>>>>> Stashed changes
PARAMETRIC_REPRESENTATION_CONTEXT() REPRESENTATION_CONTEXT('2D SPACE',''
  ) );
#2720 = ORIENTED_EDGE('',*,*,#464,.T.);
#2721 = ORIENTED_EDGE('',*,*,#2676,.T.);
#2722 = ORIENTED_EDGE('',*,*,#2441,.F.);
#2723 = ADVANCED_FACE('',(#2724),#452,.F.);
#2724 = FACE_BOUND('',#2725,.F.);
#2725 = EDGE_LOOP('',(#2726,#2727,#2728,#2729,#2750,#2751));
#2726 = ORIENTED_EDGE('',*,*,#2464,.F.);
#2727 = ORIENTED_EDGE('',*,*,#2513,.F.);
#2728 = ORIENTED_EDGE('',*,*,#1566,.T.);
#2729 = ORIENTED_EDGE('',*,*,#2730,.F.);
#2730 = EDGE_CURVE('',#409,#1544,#2731,.T.);
#2731 = SURFACE_CURVE('',#2732,(#2736,#2743),.PCURVE_S1.);
#2732 = LINE('',#2733,#2734);
#2733 = CARTESIAN_POINT('',(3.566666666667,7.6,1.));
#2734 = VECTOR('',#2735,1.);
#2735 = DIRECTION('',(-0.707106781187,-0.707106781187,0.));
#2736 = PCURVE('',#452,#2737);
#2737 = DEFINITIONAL_REPRESENTATION('',(#2738),#2742);
#2738 = LINE('',#2739,#2740);
#2739 = CARTESIAN_POINT('',(-6.6,26.1));
#2740 = VECTOR('',#2741,1.);
#2741 = DIRECTION('',(-0.707106781187,-0.707106781187));
<<<<<<< Updated upstream
#2742 = ( GEOMETRIC_REPRESENTATION_CONTEXT(2)
=======
#2742 = ( GEOMETRIC_REPRESENTATION_CONTEXT(2)
>>>>>>> Stashed changes
PARAMETRIC_REPRESENTATION_CONTEXT() REPRESENTATION_CONTEXT('2D SPACE',''
  ) );
#2743 = PCURVE('',#424,#2744);
#2744 = DEFINITIONAL_REPRESENTATION('',(#2745),#2749);
#2745 = LINE('',#2746,#2747);
#2746 = CARTESIAN_POINT('',(0.,13.788582233138));
#2747 = VECTOR('',#2748,1.);
#2748 = DIRECTION('',(0.,1.));
<<<<<<< Updated upstream
#2749 = ( GEOMETRIC_REPRESENTATION_CONTEXT(2)
=======
#2749 = ( GEOMETRIC_REPRESENTATION_CONTEXT(2)
>>>>>>> Stashed changes
PARAMETRIC_REPRESENTATION_CONTEXT() REPRESENTATION_CONTEXT('2D SPACE',''
  ) );
#2750 = ORIENTED_EDGE('',*,*,#436,.T.);
#2751 = ORIENTED_EDGE('',*,*,#2700,.T.);
#2752 = ADVANCED_FACE('',(#2753),#424,.F.);
#2753 = FACE_BOUND('',#2754,.T.);
#2754 = EDGE_LOOP('',(#2755,#2756,#2757,#2778));
#2755 = ORIENTED_EDGE('',*,*,#2730,.F.);
#2756 = ORIENTED_EDGE('',*,*,#408,.T.);
#2757 = ORIENTED_EDGE('',*,*,#2758,.T.);
#2758 = EDGE_CURVE('',#381,#1521,#2759,.T.);
#2759 = SURFACE_CURVE('',#2760,(#2764,#2771),.PCURVE_S1.);
#2760 = LINE('',#2761,#2762);
#2761 = CARTESIAN_POINT('',(-7.475,-3.441666666667,-1.));
#2762 = VECTOR('',#2763,1.);
#2763 = DIRECTION('',(-0.707106781187,-0.707106781187,0.));
#2764 = PCURVE('',#424,#2765);
#2765 = DEFINITIONAL_REPRESENTATION('',(#2766),#2770);
#2766 = LINE('',#2767,#2768);
#2767 = CARTESIAN_POINT('',(-2.,29.403856984341));
#2768 = VECTOR('',#2769,1.);
#2769 = DIRECTION('',(0.,1.));
<<<<<<< Updated upstream
#2770 = ( GEOMETRIC_REPRESENTATION_CONTEXT(2)
=======
#2770 = ( GEOMETRIC_REPRESENTATION_CONTEXT(2)
>>>>>>> Stashed changes
PARAMETRIC_REPRESENTATION_CONTEXT() REPRESENTATION_CONTEXT('2D SPACE',''
  ) );
#2771 = PCURVE('',#396,#2772);
#2772 = DEFINITIONAL_REPRESENTATION('',(#2773),#2777);
#2773 = LINE('',#2774,#2775);
#2774 = CARTESIAN_POINT('',(27.525,14.058333333333));
#2775 = VECTOR('',#2776,1.);
#2776 = DIRECTION('',(-0.707106781187,-0.707106781187));
<<<<<<< Updated upstream
#2777 = ( GEOMETRIC_REPRESENTATION_CONTEXT(2)
=======
#2777 = ( GEOMETRIC_REPRESENTATION_CONTEXT(2)
>>>>>>> Stashed changes
PARAMETRIC_REPRESENTATION_CONTEXT() REPRESENTATION_CONTEXT('2D SPACE',''
  ) );
#2778 = ORIENTED_EDGE('',*,*,#1543,.F.);
#2779 = ADVANCED_FACE('',(#2780,#2808),#396,.F.);
#2780 = FACE_BOUND('',#2781,.F.);
#2781 = EDGE_LOOP('',(#2782,#2783,#2784,#2785,#2786,#2787));
#2782 = ORIENTED_EDGE('',*,*,#380,.F.);
#2783 = ORIENTED_EDGE('',*,*,#2758,.T.);
#2784 = ORIENTED_EDGE('',*,*,#1520,.F.);
#2785 = ORIENTED_EDGE('',*,*,#1189,.F.);
#2786 = ORIENTED_EDGE('',*,*,#1330,.T.);
#2787 = ORIENTED_EDGE('',*,*,#2788,.T.);
#2788 = EDGE_CURVE('',#1308,#353,#2789,.T.);
#2789 = SURFACE_CURVE('',#2790,(#2794,#2801),.PCURVE_S1.);
#2790 = LINE('',#2791,#2792);
#2791 = CARTESIAN_POINT('',(35.,-17.5,-1.));
#2792 = VECTOR('',#2793,1.);
#2793 = DIRECTION('',(-0.,1.,0.));
#2794 = PCURVE('',#396,#2795);
#2795 = DEFINITIONAL_REPRESENTATION('',(#2796),#2800);
#2796 = LINE('',#2797,#2798);
#2797 = CARTESIAN_POINT('',(70.,0.));
#2798 = VECTOR('',#2799,1.);
#2799 = DIRECTION('',(0.,1.));
<<<<<<< Updated upstream
#2800 = ( GEOMETRIC_REPRESENTATION_CONTEXT(2)
=======
#2800 = ( GEOMETRIC_REPRESENTATION_CONTEXT(2)
>>>>>>> Stashed changes
PARAMETRIC_REPRESENTATION_CONTEXT() REPRESENTATION_CONTEXT('2D SPACE',''
  ) );
#2801 = PCURVE('',#368,#2802);
#2802 = DEFINITIONAL_REPRESENTATION('',(#2803),#2807);
#2803 = LINE('',#2804,#2805);
#2804 = CARTESIAN_POINT('',(0.,0.));
#2805 = VECTOR('',#2806,1.);
#2806 = DIRECTION('',(0.,-1.));
<<<<<<< Updated upstream
#2807 = ( GEOMETRIC_REPRESENTATION_CONTEXT(2)
=======
#2807 = ( GEOMETRIC_REPRESENTATION_CONTEXT(2)
>>>>>>> Stashed changes
PARAMETRIC_REPRESENTATION_CONTEXT() REPRESENTATION_CONTEXT('2D SPACE',''
  ) );
#2808 = FACE_BOUND('',#2809,.F.);
#2809 = EDGE_LOOP('',(#2810));
#2810 = ORIENTED_EDGE('',*,*,#2135,.F.);
#2811 = ADVANCED_FACE('',(#2812),#368,.T.);
#2812 = FACE_BOUND('',#2813,.T.);
#2813 = EDGE_LOOP('',(#2814,#2815,#2816,#2817,#2838,#2839,#2840,#2841));
#2814 = ORIENTED_EDGE('',*,*,#1307,.F.);
#2815 = ORIENTED_EDGE('',*,*,#2788,.T.);
#2816 = ORIENTED_EDGE('',*,*,#352,.T.);
#2817 = ORIENTED_EDGE('',*,*,#2818,.F.);
#2818 = EDGE_CURVE('',#2490,#325,#2819,.T.);
#2819 = SURFACE_CURVE('',#2820,(#2824,#2831),.PCURVE_S1.);
#2820 = LINE('',#2821,#2822);
#2821 = CARTESIAN_POINT('',(35.,15.5,20.));
#2822 = VECTOR('',#2823,1.);
#2823 = DIRECTION('',(0.,1.,0.));
#2824 = PCURVE('',#368,#2825);
#2825 = DEFINITIONAL_REPRESENTATION('',(#2826),#2830);
#2826 = LINE('',#2827,#2828);
#2827 = CARTESIAN_POINT('',(21.,-33.));
#2828 = VECTOR('',#2829,1.);
#2829 = DIRECTION('',(0.,-1.));
<<<<<<< Updated upstream
#2830 = ( GEOMETRIC_REPRESENTATION_CONTEXT(2)
=======
#2830 = ( GEOMETRIC_REPRESENTATION_CONTEXT(2)
>>>>>>> Stashed changes
PARAMETRIC_REPRESENTATION_CONTEXT() REPRESENTATION_CONTEXT('2D SPACE',''
  ) );
#2831 = PCURVE('',#340,#2832);
#2832 = DEFINITIONAL_REPRESENTATION('',(#2833),#2837);
#2833 = LINE('',#2834,#2835);
#2834 = CARTESIAN_POINT('',(70.,0.));
#2835 = VECTOR('',#2836,1.);
#2836 = DIRECTION('',(0.,1.));
<<<<<<< Updated upstream
#2837 = ( GEOMETRIC_REPRESENTATION_CONTEXT(2)
=======
#2837 = ( GEOMETRIC_REPRESENTATION_CONTEXT(2)
>>>>>>> Stashed changes
PARAMETRIC_REPRESENTATION_CONTEXT() REPRESENTATION_CONTEXT('2D SPACE',''
  ) );
#2838 = ORIENTED_EDGE('',*,*,#2489,.F.);
#2839 = ORIENTED_EDGE('',*,*,#1615,.F.);
#2840 = ORIENTED_EDGE('',*,*,#858,.T.);
#2841 = ORIENTED_EDGE('',*,*,#2391,.F.);
#2842 = ADVANCED_FACE('',(#2843),#340,.T.);
#2843 = FACE_BOUND('',#2844,.T.);
#2844 = EDGE_LOOP('',(#2845,#2866,#2867,#2868));
#2845 = ORIENTED_EDGE('',*,*,#2846,.F.);
#2846 = EDGE_CURVE('',#2576,#297,#2847,.T.);
#2847 = SURFACE_CURVE('',#2848,(#2852,#2859),.PCURVE_S1.);
#2848 = LINE('',#2849,#2850);
#2849 = CARTESIAN_POINT('',(-35.,15.5,20.));
#2850 = VECTOR('',#2851,1.);
#2851 = DIRECTION('',(0.,1.,0.));
#2852 = PCURVE('',#340,#2853);
#2853 = DEFINITIONAL_REPRESENTATION('',(#2854),#2858);
#2854 = LINE('',#2855,#2856);
#2855 = CARTESIAN_POINT('',(0.,0.));
#2856 = VECTOR('',#2857,1.);
#2857 = DIRECTION('',(0.,1.));
<<<<<<< Updated upstream
#2858 = ( GEOMETRIC_REPRESENTATION_CONTEXT(2)
=======
#2858 = ( GEOMETRIC_REPRESENTATION_CONTEXT(2)
>>>>>>> Stashed changes
PARAMETRIC_REPRESENTATION_CONTEXT() REPRESENTATION_CONTEXT('2D SPACE',''
  ) );
#2859 = PCURVE('',#312,#2860);
#2860 = DEFINITIONAL_REPRESENTATION('',(#2861),#2865);
#2861 = LINE('',#2862,#2863);
#2862 = CARTESIAN_POINT('',(21.,-33.));
#2863 = VECTOR('',#2864,1.);
#2864 = DIRECTION('',(0.,-1.));
<<<<<<< Updated upstream
#2865 = ( GEOMETRIC_REPRESENTATION_CONTEXT(2)
=======
#2865 = ( GEOMETRIC_REPRESENTATION_CONTEXT(2)
>>>>>>> Stashed changes
PARAMETRIC_REPRESENTATION_CONTEXT() REPRESENTATION_CONTEXT('2D SPACE',''
  ) );
#2866 = ORIENTED_EDGE('',*,*,#2598,.T.);
#2867 = ORIENTED_EDGE('',*,*,#2818,.T.);
#2868 = ORIENTED_EDGE('',*,*,#324,.F.);
#2869 = ADVANCED_FACE('',(#2870),#312,.F.);
#2870 = FACE_BOUND('',#2871,.F.);
#2871 = EDGE_LOOP('',(#2872,#2873,#2894,#2895,#2896,#2897,#2918,#2919));
#2872 = ORIENTED_EDGE('',*,*,#1261,.F.);
#2873 = ORIENTED_EDGE('',*,*,#2874,.T.);
#2874 = EDGE_CURVE('',#1237,#274,#2875,.T.);
#2875 = SURFACE_CURVE('',#2876,(#2880,#2887),.PCURVE_S1.);
#2876 = LINE('',#2877,#2878);
#2877 = CARTESIAN_POINT('',(-35.,-17.5,-1.));
#2878 = VECTOR('',#2879,1.);
#2879 = DIRECTION('',(-0.,1.,0.));
#2880 = PCURVE('',#312,#2881);
#2881 = DEFINITIONAL_REPRESENTATION('',(#2882),#2886);
#2882 = LINE('',#2883,#2884);
#2883 = CARTESIAN_POINT('',(0.,0.));
#2884 = VECTOR('',#2885,1.);
#2885 = DIRECTION('',(0.,-1.));
<<<<<<< Updated upstream
#2886 = ( GEOMETRIC_REPRESENTATION_CONTEXT(2)
=======
#2886 = ( GEOMETRIC_REPRESENTATION_CONTEXT(2)
>>>>>>> Stashed changes
PARAMETRIC_REPRESENTATION_CONTEXT() REPRESENTATION_CONTEXT('2D SPACE',''
  ) );
#2887 = PCURVE('',#100,#2888);
#2888 = DEFINITIONAL_REPRESENTATION('',(#2889),#2893);
#2889 = LINE('',#2890,#2891);
#2890 = CARTESIAN_POINT('',(0.,0.));
#2891 = VECTOR('',#2892,1.);
#2892 = DIRECTION('',(0.,1.));
<<<<<<< Updated upstream
#2893 = ( GEOMETRIC_REPRESENTATION_CONTEXT(2)
=======
#2893 = ( GEOMETRIC_REPRESENTATION_CONTEXT(2)
>>>>>>> Stashed changes
PARAMETRIC_REPRESENTATION_CONTEXT() REPRESENTATION_CONTEXT('2D SPACE',''
  ) );
#2894 = ORIENTED_EDGE('',*,*,#296,.F.);
#2895 = ORIENTED_EDGE('',*,*,#2846,.F.);
#2896 = ORIENTED_EDGE('',*,*,#2575,.F.);
#2897 = ORIENTED_EDGE('',*,*,#2898,.F.);
#2898 = EDGE_CURVE('',#956,#2555,#2899,.T.);
#2899 = SURFACE_CURVE('',#2900,(#2904,#2911),.PCURVE_S1.);
#2900 = LINE('',#2901,#2902);
#2901 = CARTESIAN_POINT('',(-35.,-17.5,1.));
#2902 = VECTOR('',#2903,1.);
#2903 = DIRECTION('',(-0.,1.,0.));
#2904 = PCURVE('',#312,#2905);
#2905 = DEFINITIONAL_REPRESENTATION('',(#2906),#2910);
#2906 = LINE('',#2907,#2908);
#2907 = CARTESIAN_POINT('',(2.,0.));
#2908 = VECTOR('',#2909,1.);
#2909 = DIRECTION('',(0.,-1.));
<<<<<<< Updated upstream
#2910 = ( GEOMETRIC_REPRESENTATION_CONTEXT(2)
=======
#2910 = ( GEOMETRIC_REPRESENTATION_CONTEXT(2)
>>>>>>> Stashed changes
PARAMETRIC_REPRESENTATION_CONTEXT() REPRESENTATION_CONTEXT('2D SPACE',''
  ) );
#2911 = PCURVE('',#182,#2912);
#2912 = DEFINITIONAL_REPRESENTATION('',(#2913),#2917);
#2913 = LINE('',#2914,#2915);
#2914 = CARTESIAN_POINT('',(0.,0.));
#2915 = VECTOR('',#2916,1.);
#2916 = DIRECTION('',(0.,1.));
<<<<<<< Updated upstream
#2917 = ( GEOMETRIC_REPRESENTATION_CONTEXT(2)
=======
#2917 = ( GEOMETRIC_REPRESENTATION_CONTEXT(2)
>>>>>>> Stashed changes
PARAMETRIC_REPRESENTATION_CONTEXT() REPRESENTATION_CONTEXT('2D SPACE',''
  ) );
#2918 = ORIENTED_EDGE('',*,*,#976,.T.);
#2919 = ORIENTED_EDGE('',*,*,#2369,.F.);
#2920 = ADVANCED_FACE('',(#2921),#156,.F.);
#2921 = FACE_BOUND('',#2922,.F.);
#2922 = EDGE_LOOP('',(#2923,#2924,#2925,#2926,#2927,#2928));
#2923 = ORIENTED_EDGE('',*,*,#140,.F.);
#2924 = ORIENTED_EDGE('',*,*,#2534,.F.);
#2925 = ORIENTED_EDGE('',*,*,#724,.T.);
#2926 = ORIENTED_EDGE('',*,*,#573,.F.);
#2927 = ORIENTED_EDGE('',*,*,#548,.F.);
#2928 = ORIENTED_EDGE('',*,*,#197,.F.);
#2929 = ADVANCED_FACE('',(#2930,#2958),#100,.F.);
#2930 = FACE_BOUND('',#2931,.F.);
#2931 = EDGE_LOOP('',(#2932,#2933,#2934,#2935,#2956,#2957));
#2932 = ORIENTED_EDGE('',*,*,#273,.F.);
#2933 = ORIENTED_EDGE('',*,*,#2874,.F.);
#2934 = ORIENTED_EDGE('',*,*,#1236,.T.);
#2935 = ORIENTED_EDGE('',*,*,#2936,.F.);
#2936 = EDGE_CURVE('',#57,#1239,#2937,.T.);
#2937 = SURFACE_CURVE('',#2938,(#2942,#2949),.PCURVE_S1.);
#2938 = LINE('',#2939,#2940);
#2939 = CARTESIAN_POINT('',(-18.775,-22.80833333333,-1.));
#2940 = VECTOR('',#2941,1.);
#2941 = DIRECTION('',(-0.707106781187,-0.707106781187,0.));
#2942 = PCURVE('',#100,#2943);
#2943 = DEFINITIONAL_REPRESENTATION('',(#2944),#2948);
#2944 = LINE('',#2945,#2946);
#2945 = CARTESIAN_POINT('',(16.225,-5.308333333333));
#2946 = VECTOR('',#2947,1.);
#2947 = DIRECTION('',(-0.707106781187,-0.707106781187));
<<<<<<< Updated upstream
#2948 = ( GEOMETRIC_REPRESENTATION_CONTEXT(2)
=======
#2948 = ( GEOMETRIC_REPRESENTATION_CONTEXT(2)
>>>>>>> Stashed changes
PARAMETRIC_REPRESENTATION_CONTEXT() REPRESENTATION_CONTEXT('2D SPACE',''
  ) );
#2949 = PCURVE('',#72,#2950);
#2950 = DEFINITIONAL_REPRESENTATION('',(#2951),#2955);
#2951 = LINE('',#2952,#2953);
#2952 = CARTESIAN_POINT('',(2.,7.719249027953));
#2953 = VECTOR('',#2954,1.);
#2954 = DIRECTION('',(-0.,1.));
<<<<<<< Updated upstream
#2955 = ( GEOMETRIC_REPRESENTATION_CONTEXT(2)
=======
#2955 = ( GEOMETRIC_REPRESENTATION_CONTEXT(2)
>>>>>>> Stashed changes
PARAMETRIC_REPRESENTATION_CONTEXT() REPRESENTATION_CONTEXT('2D SPACE',''
  ) );
#2956 = ORIENTED_EDGE('',*,*,#84,.T.);
#2957 = ORIENTED_EDGE('',*,*,#221,.T.);
#2958 = FACE_BOUND('',#2959,.F.);
#2959 = EDGE_LOOP('',(#2960));
#2960 = ORIENTED_EDGE('',*,*,#2961,.F.);
#2961 = EDGE_CURVE('',#2962,#2962,#2964,.T.);
#2962 = VERTEX_POINT('',#2963);
#2963 = CARTESIAN_POINT('',(-28.3,-4.163799117101E-16,-1.));
#2964 = SURFACE_CURVE('',#2965,(#2970,#2977),.PCURVE_S1.);
#2965 = CIRCLE('',#2966,1.7);
#2966 = AXIS2_PLACEMENT_3D('',#2967,#2968,#2969);
#2967 = CARTESIAN_POINT('',(-30.,0.,-1.));
#2968 = DIRECTION('',(0.,0.,1.));
#2969 = DIRECTION('',(1.,0.,-0.));
#2970 = PCURVE('',#100,#2971);
#2971 = DEFINITIONAL_REPRESENTATION('',(#2972),#2976);
#2972 = CIRCLE('',#2973,1.7);
#2973 = AXIS2_PLACEMENT_2D('',#2974,#2975);
#2974 = CARTESIAN_POINT('',(5.,17.5));
#2975 = DIRECTION('',(1.,0.));
<<<<<<< Updated upstream
#2976 = ( GEOMETRIC_REPRESENTATION_CONTEXT(2)
=======
#2976 = ( GEOMETRIC_REPRESENTATION_CONTEXT(2)
>>>>>>> Stashed changes
PARAMETRIC_REPRESENTATION_CONTEXT() REPRESENTATION_CONTEXT('2D SPACE',''
  ) );
#2977 = PCURVE('',#2978,#2983);
#2978 = CYLINDRICAL_SURFACE('',#2979,1.7);
#2979 = AXIS2_PLACEMENT_3D('',#2980,#2981,#2982);
#2980 = CARTESIAN_POINT('',(-30.,0.,-5.));
#2981 = DIRECTION('',(0.,0.,1.));
#2982 = DIRECTION('',(1.,0.,0.));
#2983 = DEFINITIONAL_REPRESENTATION('',(#2984),#2988);
#2984 = LINE('',#2985,#2986);
#2985 = CARTESIAN_POINT('',(0.,4.));
#2986 = VECTOR('',#2987,1.);
#2987 = DIRECTION('',(1.,0.));
<<<<<<< Updated upstream
#2988 = ( GEOMETRIC_REPRESENTATION_CONTEXT(2)
=======
#2988 = ( GEOMETRIC_REPRESENTATION_CONTEXT(2)
>>>>>>> Stashed changes
PARAMETRIC_REPRESENTATION_CONTEXT() REPRESENTATION_CONTEXT('2D SPACE',''
  ) );
#2989 = ADVANCED_FACE('',(#2990),#2978,.F.);
#2990 = FACE_BOUND('',#2991,.F.);
#2991 = EDGE_LOOP('',(#2992,#3016,#3037,#3038));
#2992 = ORIENTED_EDGE('',*,*,#2993,.F.);
#2993 = EDGE_CURVE('',#2994,#2994,#2996,.T.);
#2994 = VERTEX_POINT('',#2995);
#2995 = CARTESIAN_POINT('',(-28.3,-4.163799117101E-16,1.));
#2996 = SURFACE_CURVE('',#2997,(#3002,#3009),.PCURVE_S1.);
#2997 = CIRCLE('',#2998,1.7);
#2998 = AXIS2_PLACEMENT_3D('',#2999,#3000,#3001);
#2999 = CARTESIAN_POINT('',(-30.,0.,1.));
#3000 = DIRECTION('',(0.,0.,1.));
#3001 = DIRECTION('',(1.,0.,-0.));
#3002 = PCURVE('',#2978,#3003);
#3003 = DEFINITIONAL_REPRESENTATION('',(#3004),#3008);
#3004 = LINE('',#3005,#3006);
#3005 = CARTESIAN_POINT('',(0.,6.));
#3006 = VECTOR('',#3007,1.);
#3007 = DIRECTION('',(1.,0.));
<<<<<<< Updated upstream
#3008 = ( GEOMETRIC_REPRESENTATION_CONTEXT(2)
=======
#3008 = ( GEOMETRIC_REPRESENTATION_CONTEXT(2)
>>>>>>> Stashed changes
PARAMETRIC_REPRESENTATION_CONTEXT() REPRESENTATION_CONTEXT('2D SPACE',''
  ) );
#3009 = PCURVE('',#182,#3010);
#3010 = DEFINITIONAL_REPRESENTATION('',(#3011),#3015);
#3011 = CIRCLE('',#3012,1.7);
#3012 = AXIS2_PLACEMENT_2D('',#3013,#3014);
#3013 = CARTESIAN_POINT('',(5.,17.5));
#3014 = DIRECTION('',(1.,0.));
<<<<<<< Updated upstream
#3015 = ( GEOMETRIC_REPRESENTATION_CONTEXT(2)
=======
#3015 = ( GEOMETRIC_REPRESENTATION_CONTEXT(2)
>>>>>>> Stashed changes
PARAMETRIC_REPRESENTATION_CONTEXT() REPRESENTATION_CONTEXT('2D SPACE',''
  ) );
#3016 = ORIENTED_EDGE('',*,*,#3017,.F.);
#3017 = EDGE_CURVE('',#2962,#2994,#3018,.T.);
#3018 = SEAM_CURVE('',#3019,(#3023,#3030),.PCURVE_S1.);
#3019 = LINE('',#3020,#3021);
#3020 = CARTESIAN_POINT('',(-28.3,-4.163799117101E-16,-5.));
#3021 = VECTOR('',#3022,1.);
#3022 = DIRECTION('',(0.,0.,1.));
#3023 = PCURVE('',#2978,#3024);
#3024 = DEFINITIONAL_REPRESENTATION('',(#3025),#3029);
#3025 = LINE('',#3026,#3027);
#3026 = CARTESIAN_POINT('',(6.28318530718,-0.));
#3027 = VECTOR('',#3028,1.);
#3028 = DIRECTION('',(0.,1.));
<<<<<<< Updated upstream
#3029 = ( GEOMETRIC_REPRESENTATION_CONTEXT(2)
=======
#3029 = ( GEOMETRIC_REPRESENTATION_CONTEXT(2)
>>>>>>> Stashed changes
PARAMETRIC_REPRESENTATION_CONTEXT() REPRESENTATION_CONTEXT('2D SPACE',''
  ) );
#3030 = PCURVE('',#2978,#3031);
#3031 = DEFINITIONAL_REPRESENTATION('',(#3032),#3036);
#3032 = LINE('',#3033,#3034);
#3033 = CARTESIAN_POINT('',(0.,-0.));
#3034 = VECTOR('',#3035,1.);
#3035 = DIRECTION('',(0.,1.));
<<<<<<< Updated upstream
#3036 = ( GEOMETRIC_REPRESENTATION_CONTEXT(2)
=======
#3036 = ( GEOMETRIC_REPRESENTATION_CONTEXT(2)
>>>>>>> Stashed changes
PARAMETRIC_REPRESENTATION_CONTEXT() REPRESENTATION_CONTEXT('2D SPACE',''
  ) );
#3037 = ORIENTED_EDGE('',*,*,#2961,.T.);
#3038 = ORIENTED_EDGE('',*,*,#3017,.T.);
#3039 = ADVANCED_FACE('',(#3040,#3046,#3152,#3155),#182,.T.);
#3040 = FACE_BOUND('',#3041,.T.);
#3041 = EDGE_LOOP('',(#3042,#3043,#3044,#3045));
#3042 = ORIENTED_EDGE('',*,*,#2898,.F.);
#3043 = ORIENTED_EDGE('',*,*,#955,.F.);
#3044 = ORIENTED_EDGE('',*,*,#168,.T.);
#3045 = ORIENTED_EDGE('',*,*,#2554,.T.);
#3046 = FACE_BOUND('',#3047,.T.);
#3047 = EDGE_LOOP('',(#3048,#3076,#3102,#3128));
#3048 = ORIENTED_EDGE('',*,*,#3049,.T.);
#3049 = EDGE_CURVE('',#3050,#3052,#3054,.T.);
#3050 = VERTEX_POINT('',#3051);
#3051 = CARTESIAN_POINT('',(-16.5,-9.75,1.));
#3052 = VERTEX_POINT('',#3053);
#3053 = CARTESIAN_POINT('',(-18.5,-9.75,1.));
#3054 = SURFACE_CURVE('',#3055,(#3059,#3065),.PCURVE_S1.);
#3055 = LINE('',#3056,#3057);
#3056 = CARTESIAN_POINT('',(-26.75,-9.75,1.));
#3057 = VECTOR('',#3058,1.);
#3058 = DIRECTION('',(-1.,0.,0.));
#3059 = PCURVE('',#182,#3060);
#3060 = DEFINITIONAL_REPRESENTATION('',(#3061),#3064);
#3061 = B_SPLINE_CURVE_WITH_KNOTS('',1,(#3062,#3063),.UNSPECIFIED.,.F.,
  .F.,(2,2),(-10.25,-8.25),.PIECEWISE_BEZIER_KNOTS.);
#3062 = CARTESIAN_POINT('',(18.5,7.75));
#3063 = CARTESIAN_POINT('',(16.5,7.75));
<<<<<<< Updated upstream
#3064 = ( GEOMETRIC_REPRESENTATION_CONTEXT(2)
=======
#3064 = ( GEOMETRIC_REPRESENTATION_CONTEXT(2)
>>>>>>> Stashed changes
PARAMETRIC_REPRESENTATION_CONTEXT() REPRESENTATION_CONTEXT('2D SPACE',''
  ) );
#3065 = PCURVE('',#3066,#3071);
#3066 = PLANE('',#3067);
#3067 = AXIS2_PLACEMENT_3D('',#3068,#3069,#3070);
#3068 = CARTESIAN_POINT('',(-18.5,-9.75,0.));
#3069 = DIRECTION('',(0.,1.,0.));
#3070 = DIRECTION('',(0.,0.,1.));
#3071 = DEFINITIONAL_REPRESENTATION('',(#3072),#3075);
#3072 = B_SPLINE_CURVE_WITH_KNOTS('',1,(#3073,#3074),.UNSPECIFIED.,.F.,
  .F.,(2,2),(-10.25,-8.25),.PIECEWISE_BEZIER_KNOTS.);
#3073 = CARTESIAN_POINT('',(1.,2.));
#3074 = CARTESIAN_POINT('',(1.,0.));
<<<<<<< Updated upstream
#3075 = ( GEOMETRIC_REPRESENTATION_CONTEXT(2)
=======
#3075 = ( GEOMETRIC_REPRESENTATION_CONTEXT(2)
>>>>>>> Stashed changes
PARAMETRIC_REPRESENTATION_CONTEXT() REPRESENTATION_CONTEXT('2D SPACE',''
  ) );
#3076 = ORIENTED_EDGE('',*,*,#3077,.T.);
#3077 = EDGE_CURVE('',#3052,#3078,#3080,.T.);
#3078 = VERTEX_POINT('',#3079);
#3079 = CARTESIAN_POINT('',(-18.5,-7.75,1.));
#3080 = SURFACE_CURVE('',#3081,(#3085,#3091),.PCURVE_S1.);
#3081 = LINE('',#3082,#3083);
#3082 = CARTESIAN_POINT('',(-18.5,-13.625,1.));
#3083 = VECTOR('',#3084,1.);
#3084 = DIRECTION('',(0.,1.,0.));
#3085 = PCURVE('',#182,#3086);
#3086 = DEFINITIONAL_REPRESENTATION('',(#3087),#3090);
#3087 = B_SPLINE_CURVE_WITH_KNOTS('',1,(#3088,#3089),.UNSPECIFIED.,.F.,
  .F.,(2,2),(3.875,5.875),.PIECEWISE_BEZIER_KNOTS.);
#3088 = CARTESIAN_POINT('',(16.5,7.75));
#3089 = CARTESIAN_POINT('',(16.5,9.75));
<<<<<<< Updated upstream
#3090 = ( GEOMETRIC_REPRESENTATION_CONTEXT(2)
=======
#3090 = ( GEOMETRIC_REPRESENTATION_CONTEXT(2)
>>>>>>> Stashed changes
PARAMETRIC_REPRESENTATION_CONTEXT() REPRESENTATION_CONTEXT('2D SPACE',''
  ) );
#3091 = PCURVE('',#3092,#3097);
#3092 = PLANE('',#3093);
#3093 = AXIS2_PLACEMENT_3D('',#3094,#3095,#3096);
#3094 = CARTESIAN_POINT('',(-18.5,-9.75,0.));
#3095 = DIRECTION('',(1.,0.,0.));
#3096 = DIRECTION('',(0.,0.,1.));
#3097 = DEFINITIONAL_REPRESENTATION('',(#3098),#3101);
#3098 = B_SPLINE_CURVE_WITH_KNOTS('',1,(#3099,#3100),.UNSPECIFIED.,.F.,
  .F.,(2,2),(3.875,5.875),.PIECEWISE_BEZIER_KNOTS.);
#3099 = CARTESIAN_POINT('',(1.,0.));
#3100 = CARTESIAN_POINT('',(1.,-2.));
<<<<<<< Updated upstream
#3101 = ( GEOMETRIC_REPRESENTATION_CONTEXT(2)
=======
#3101 = ( GEOMETRIC_REPRESENTATION_CONTEXT(2)
>>>>>>> Stashed changes
PARAMETRIC_REPRESENTATION_CONTEXT() REPRESENTATION_CONTEXT('2D SPACE',''
  ) );
#3102 = ORIENTED_EDGE('',*,*,#3103,.F.);
#3103 = EDGE_CURVE('',#3104,#3078,#3106,.T.);
#3104 = VERTEX_POINT('',#3105);
#3105 = CARTESIAN_POINT('',(-16.5,-7.75,1.));
#3106 = SURFACE_CURVE('',#3107,(#3111,#3117),.PCURVE_S1.);
#3107 = LINE('',#3108,#3109);
#3108 = CARTESIAN_POINT('',(-26.75,-7.75,1.));
#3109 = VECTOR('',#3110,1.);
#3110 = DIRECTION('',(-1.,0.,0.));
#3111 = PCURVE('',#182,#3112);
#3112 = DEFINITIONAL_REPRESENTATION('',(#3113),#3116);
#3113 = B_SPLINE_CURVE_WITH_KNOTS('',1,(#3114,#3115),.UNSPECIFIED.,.F.,
  .F.,(2,2),(-10.25,-8.25),.PIECEWISE_BEZIER_KNOTS.);
#3114 = CARTESIAN_POINT('',(18.5,9.75));
#3115 = CARTESIAN_POINT('',(16.5,9.75));
<<<<<<< Updated upstream
#3116 = ( GEOMETRIC_REPRESENTATION_CONTEXT(2)
=======
#3116 = ( GEOMETRIC_REPRESENTATION_CONTEXT(2)
>>>>>>> Stashed changes
PARAMETRIC_REPRESENTATION_CONTEXT() REPRESENTATION_CONTEXT('2D SPACE',''
  ) );
#3117 = PCURVE('',#3118,#3123);
#3118 = PLANE('',#3119);
#3119 = AXIS2_PLACEMENT_3D('',#3120,#3121,#3122);
#3120 = CARTESIAN_POINT('',(-18.5,-7.75,0.));
#3121 = DIRECTION('',(0.,1.,0.));
#3122 = DIRECTION('',(0.,0.,1.));
#3123 = DEFINITIONAL_REPRESENTATION('',(#3124),#3127);
#3124 = B_SPLINE_CURVE_WITH_KNOTS('',1,(#3125,#3126),.UNSPECIFIED.,.F.,
  .F.,(2,2),(-10.25,-8.25),.PIECEWISE_BEZIER_KNOTS.);
#3125 = CARTESIAN_POINT('',(1.,2.));
#3126 = CARTESIAN_POINT('',(1.,0.));
<<<<<<< Updated upstream
#3127 = ( GEOMETRIC_REPRESENTATION_CONTEXT(2)
=======
#3127 = ( GEOMETRIC_REPRESENTATION_CONTEXT(2)
>>>>>>> Stashed changes
PARAMETRIC_REPRESENTATION_CONTEXT() REPRESENTATION_CONTEXT('2D SPACE',''
  ) );
#3128 = ORIENTED_EDGE('',*,*,#3129,.F.);
#3129 = EDGE_CURVE('',#3050,#3104,#3130,.T.);
#3130 = SURFACE_CURVE('',#3131,(#3135,#3141),.PCURVE_S1.);
#3131 = LINE('',#3132,#3133);
#3132 = CARTESIAN_POINT('',(-16.5,-13.625,1.));
#3133 = VECTOR('',#3134,1.);
#3134 = DIRECTION('',(0.,1.,0.));
#3135 = PCURVE('',#182,#3136);
#3136 = DEFINITIONAL_REPRESENTATION('',(#3137),#3140);
#3137 = B_SPLINE_CURVE_WITH_KNOTS('',1,(#3138,#3139),.UNSPECIFIED.,.F.,
  .F.,(2,2),(3.875,5.875),.PIECEWISE_BEZIER_KNOTS.);
#3138 = CARTESIAN_POINT('',(18.5,7.75));
#3139 = CARTESIAN_POINT('',(18.5,9.75));
<<<<<<< Updated upstream
#3140 = ( GEOMETRIC_REPRESENTATION_CONTEXT(2)
=======
#3140 = ( GEOMETRIC_REPRESENTATION_CONTEXT(2)
>>>>>>> Stashed changes
PARAMETRIC_REPRESENTATION_CONTEXT() REPRESENTATION_CONTEXT('2D SPACE',''
  ) );
#3141 = PCURVE('',#3142,#3147);
#3142 = PLANE('',#3143);
#3143 = AXIS2_PLACEMENT_3D('',#3144,#3145,#3146);
#3144 = CARTESIAN_POINT('',(-16.5,-9.75,0.));
#3145 = DIRECTION('',(1.,0.,0.));
#3146 = DIRECTION('',(0.,0.,1.));
#3147 = DEFINITIONAL_REPRESENTATION('',(#3148),#3151);
#3148 = B_SPLINE_CURVE_WITH_KNOTS('',1,(#3149,#3150),.UNSPECIFIED.,.F.,
  .F.,(2,2),(3.875,5.875),.PIECEWISE_BEZIER_KNOTS.);
#3149 = CARTESIAN_POINT('',(1.,0.));
#3150 = CARTESIAN_POINT('',(1.,-2.));
<<<<<<< Updated upstream
#3151 = ( GEOMETRIC_REPRESENTATION_CONTEXT(2)
=======
#3151 = ( GEOMETRIC_REPRESENTATION_CONTEXT(2)
>>>>>>> Stashed changes
PARAMETRIC_REPRESENTATION_CONTEXT() REPRESENTATION_CONTEXT('2D SPACE',''
  ) );
#3152 = FACE_BOUND('',#3153,.T.);
#3153 = EDGE_LOOP('',(#3154));
#3154 = ORIENTED_EDGE('',*,*,#2993,.F.);
#3155 = FACE_BOUND('',#3156,.T.);
#3156 = EDGE_LOOP('',(#3157,#3185,#3211,#3237));
#3157 = ORIENTED_EDGE('',*,*,#3158,.T.);
#3158 = EDGE_CURVE('',#3159,#3161,#3163,.T.);
#3159 = VERTEX_POINT('',#3160);
#3160 = CARTESIAN_POINT('',(-16.5,7.75,1.));
#3161 = VERTEX_POINT('',#3162);
#3162 = CARTESIAN_POINT('',(-18.5,7.75,1.));
#3163 = SURFACE_CURVE('',#3164,(#3168,#3174),.PCURVE_S1.);
#3164 = LINE('',#3165,#3166);
#3165 = CARTESIAN_POINT('',(-26.75,7.75,1.));
#3166 = VECTOR('',#3167,1.);
#3167 = DIRECTION('',(-1.,0.,0.));
#3168 = PCURVE('',#182,#3169);
#3169 = DEFINITIONAL_REPRESENTATION('',(#3170),#3173);
#3170 = B_SPLINE_CURVE_WITH_KNOTS('',1,(#3171,#3172),.UNSPECIFIED.,.F.,
  .F.,(2,2),(-10.25,-8.25),.PIECEWISE_BEZIER_KNOTS.);
#3171 = CARTESIAN_POINT('',(18.5,25.25));
#3172 = CARTESIAN_POINT('',(16.5,25.25));
<<<<<<< Updated upstream
#3173 = ( GEOMETRIC_REPRESENTATION_CONTEXT(2)
=======
#3173 = ( GEOMETRIC_REPRESENTATION_CONTEXT(2)
>>>>>>> Stashed changes
PARAMETRIC_REPRESENTATION_CONTEXT() REPRESENTATION_CONTEXT('2D SPACE',''
  ) );
#3174 = PCURVE('',#3175,#3180);
#3175 = PLANE('',#3176);
#3176 = AXIS2_PLACEMENT_3D('',#3177,#3178,#3179);
#3177 = CARTESIAN_POINT('',(-18.5,7.75,0.));
#3178 = DIRECTION('',(0.,1.,0.));
#3179 = DIRECTION('',(0.,0.,1.));
#3180 = DEFINITIONAL_REPRESENTATION('',(#3181),#3184);
#3181 = B_SPLINE_CURVE_WITH_KNOTS('',1,(#3182,#3183),.UNSPECIFIED.,.F.,
  .F.,(2,2),(-10.25,-8.25),.PIECEWISE_BEZIER_KNOTS.);
#3182 = CARTESIAN_POINT('',(1.,2.));
#3183 = CARTESIAN_POINT('',(1.,0.));
<<<<<<< Updated upstream
#3184 = ( GEOMETRIC_REPRESENTATION_CONTEXT(2)
=======
#3184 = ( GEOMETRIC_REPRESENTATION_CONTEXT(2)
>>>>>>> Stashed changes
PARAMETRIC_REPRESENTATION_CONTEXT() REPRESENTATION_CONTEXT('2D SPACE',''
  ) );
#3185 = ORIENTED_EDGE('',*,*,#3186,.T.);
#3186 = EDGE_CURVE('',#3161,#3187,#3189,.T.);
#3187 = VERTEX_POINT('',#3188);
#3188 = CARTESIAN_POINT('',(-18.5,9.75,1.));
#3189 = SURFACE_CURVE('',#3190,(#3194,#3200),.PCURVE_S1.);
#3190 = LINE('',#3191,#3192);
#3191 = CARTESIAN_POINT('',(-18.5,-4.875,1.));
#3192 = VECTOR('',#3193,1.);
#3193 = DIRECTION('',(0.,1.,0.));
#3194 = PCURVE('',#182,#3195);
#3195 = DEFINITIONAL_REPRESENTATION('',(#3196),#3199);
#3196 = B_SPLINE_CURVE_WITH_KNOTS('',1,(#3197,#3198),.UNSPECIFIED.,.F.,
  .F.,(2,2),(12.625,14.625),.PIECEWISE_BEZIER_KNOTS.);
#3197 = CARTESIAN_POINT('',(16.5,25.25));
#3198 = CARTESIAN_POINT('',(16.5,27.25));
<<<<<<< Updated upstream
#3199 = ( GEOMETRIC_REPRESENTATION_CONTEXT(2)
=======
#3199 = ( GEOMETRIC_REPRESENTATION_CONTEXT(2)
>>>>>>> Stashed changes
PARAMETRIC_REPRESENTATION_CONTEXT() REPRESENTATION_CONTEXT('2D SPACE',''
  ) );
#3200 = PCURVE('',#3201,#3206);
#3201 = PLANE('',#3202);
#3202 = AXIS2_PLACEMENT_3D('',#3203,#3204,#3205);
#3203 = CARTESIAN_POINT('',(-18.5,7.75,0.));
#3204 = DIRECTION('',(1.,0.,0.));
#3205 = DIRECTION('',(0.,0.,1.));
#3206 = DEFINITIONAL_REPRESENTATION('',(#3207),#3210);
#3207 = B_SPLINE_CURVE_WITH_KNOTS('',1,(#3208,#3209),.UNSPECIFIED.,.F.,
  .F.,(2,2),(12.625,14.625),.PIECEWISE_BEZIER_KNOTS.);
#3208 = CARTESIAN_POINT('',(1.,0.));
#3209 = CARTESIAN_POINT('',(1.,-2.));
<<<<<<< Updated upstream
#3210 = ( GEOMETRIC_REPRESENTATION_CONTEXT(2)
=======
#3210 = ( GEOMETRIC_REPRESENTATION_CONTEXT(2)
>>>>>>> Stashed changes
PARAMETRIC_REPRESENTATION_CONTEXT() REPRESENTATION_CONTEXT('2D SPACE',''
  ) );
#3211 = ORIENTED_EDGE('',*,*,#3212,.F.);
#3212 = EDGE_CURVE('',#3213,#3187,#3215,.T.);
#3213 = VERTEX_POINT('',#3214);
#3214 = CARTESIAN_POINT('',(-16.5,9.75,1.));
#3215 = SURFACE_CURVE('',#3216,(#3220,#3226),.PCURVE_S1.);
#3216 = LINE('',#3217,#3218);
#3217 = CARTESIAN_POINT('',(-26.75,9.75,1.));
#3218 = VECTOR('',#3219,1.);
#3219 = DIRECTION('',(-1.,0.,0.));
#3220 = PCURVE('',#182,#3221);
#3221 = DEFINITIONAL_REPRESENTATION('',(#3222),#3225);
#3222 = B_SPLINE_CURVE_WITH_KNOTS('',1,(#3223,#3224),.UNSPECIFIED.,.F.,
  .F.,(2,2),(-10.25,-8.25),.PIECEWISE_BEZIER_KNOTS.);
#3223 = CARTESIAN_POINT('',(18.5,27.25));
#3224 = CARTESIAN_POINT('',(16.5,27.25));
<<<<<<< Updated upstream
#3225 = ( GEOMETRIC_REPRESENTATION_CONTEXT(2)
=======
#3225 = ( GEOMETRIC_REPRESENTATION_CONTEXT(2)
>>>>>>> Stashed changes
PARAMETRIC_REPRESENTATION_CONTEXT() REPRESENTATION_CONTEXT('2D SPACE',''
  ) );
#3226 = PCURVE('',#3227,#3232);
#3227 = PLANE('',#3228);
#3228 = AXIS2_PLACEMENT_3D('',#3229,#3230,#3231);
#3229 = CARTESIAN_POINT('',(-18.5,9.75,0.));
#3230 = DIRECTION('',(0.,1.,0.));
#3231 = DIRECTION('',(0.,0.,1.));
#3232 = DEFINITIONAL_REPRESENTATION('',(#3233),#3236);
#3233 = B_SPLINE_CURVE_WITH_KNOTS('',1,(#3234,#3235),.UNSPECIFIED.,.F.,
  .F.,(2,2),(-10.25,-8.25),.PIECEWISE_BEZIER_KNOTS.);
#3234 = CARTESIAN_POINT('',(1.,2.));
#3235 = CARTESIAN_POINT('',(1.,0.));
<<<<<<< Updated upstream
#3236 = ( GEOMETRIC_REPRESENTATION_CONTEXT(2)
=======
#3236 = ( GEOMETRIC_REPRESENTATION_CONTEXT(2)
>>>>>>> Stashed changes
PARAMETRIC_REPRESENTATION_CONTEXT() REPRESENTATION_CONTEXT('2D SPACE',''
  ) );
#3237 = ORIENTED_EDGE('',*,*,#3238,.F.);
#3238 = EDGE_CURVE('',#3159,#3213,#3239,.T.);
#3239 = SURFACE_CURVE('',#3240,(#3244,#3250),.PCURVE_S1.);
#3240 = LINE('',#3241,#3242);
#3241 = CARTESIAN_POINT('',(-16.5,-4.875,1.));
#3242 = VECTOR('',#3243,1.);
#3243 = DIRECTION('',(0.,1.,0.));
#3244 = PCURVE('',#182,#3245);
#3245 = DEFINITIONAL_REPRESENTATION('',(#3246),#3249);
#3246 = B_SPLINE_CURVE_WITH_KNOTS('',1,(#3247,#3248),.UNSPECIFIED.,.F.,
  .F.,(2,2),(12.625,14.625),.PIECEWISE_BEZIER_KNOTS.);
#3247 = CARTESIAN_POINT('',(18.5,25.25));
#3248 = CARTESIAN_POINT('',(18.5,27.25));
<<<<<<< Updated upstream
#3249 = ( GEOMETRIC_REPRESENTATION_CONTEXT(2)
=======
#3249 = ( GEOMETRIC_REPRESENTATION_CONTEXT(2)
>>>>>>> Stashed changes
PARAMETRIC_REPRESENTATION_CONTEXT() REPRESENTATION_CONTEXT('2D SPACE',''
  ) );
#3250 = PCURVE('',#3251,#3256);
#3251 = PLANE('',#3252);
#3252 = AXIS2_PLACEMENT_3D('',#3253,#3254,#3255);
#3253 = CARTESIAN_POINT('',(-16.5,7.75,0.));
#3254 = DIRECTION('',(1.,0.,0.));
#3255 = DIRECTION('',(0.,0.,1.));
#3256 = DEFINITIONAL_REPRESENTATION('',(#3257),#3260);
#3257 = B_SPLINE_CURVE_WITH_KNOTS('',1,(#3258,#3259),.UNSPECIFIED.,.F.,
  .F.,(2,2),(12.625,14.625),.PIECEWISE_BEZIER_KNOTS.);
#3258 = CARTESIAN_POINT('',(1.,0.));
#3259 = CARTESIAN_POINT('',(1.,-2.));
<<<<<<< Updated upstream
#3260 = ( GEOMETRIC_REPRESENTATION_CONTEXT(2)
=======
#3260 = ( GEOMETRIC_REPRESENTATION_CONTEXT(2)
>>>>>>> Stashed changes
PARAMETRIC_REPRESENTATION_CONTEXT() REPRESENTATION_CONTEXT('2D SPACE',''
  ) );
#3261 = ADVANCED_FACE('',(#3262),#3227,.T.);
#3262 = FACE_BOUND('',#3263,.T.);
#3263 = EDGE_LOOP('',(#3264,#3287,#3288,#3311));
#3264 = ORIENTED_EDGE('',*,*,#3265,.F.);
#3265 = EDGE_CURVE('',#3213,#3266,#3268,.T.);
#3266 = VERTEX_POINT('',#3267);
#3267 = CARTESIAN_POINT('',(-16.5,9.75,20.));
#3268 = SURFACE_CURVE('',#3269,(#3273,#3280),.PCURVE_S1.);
#3269 = LINE('',#3270,#3271);
#3270 = CARTESIAN_POINT('',(-16.5,9.75,0.));
#3271 = VECTOR('',#3272,1.);
#3272 = DIRECTION('',(0.,0.,1.));
#3273 = PCURVE('',#3227,#3274);
#3274 = DEFINITIONAL_REPRESENTATION('',(#3275),#3279);
#3275 = LINE('',#3276,#3277);
#3276 = CARTESIAN_POINT('',(0.,2.));
#3277 = VECTOR('',#3278,1.);
#3278 = DIRECTION('',(1.,0.));
<<<<<<< Updated upstream
#3279 = ( GEOMETRIC_REPRESENTATION_CONTEXT(2)
=======
#3279 = ( GEOMETRIC_REPRESENTATION_CONTEXT(2)
>>>>>>> Stashed changes
PARAMETRIC_REPRESENTATION_CONTEXT() REPRESENTATION_CONTEXT('2D SPACE',''
  ) );
#3280 = PCURVE('',#3251,#3281);
#3281 = DEFINITIONAL_REPRESENTATION('',(#3282),#3286);
#3282 = LINE('',#3283,#3284);
#3283 = CARTESIAN_POINT('',(0.,-2.));
#3284 = VECTOR('',#3285,1.);
#3285 = DIRECTION('',(1.,0.));
<<<<<<< Updated upstream
#3286 = ( GEOMETRIC_REPRESENTATION_CONTEXT(2)
=======
#3286 = ( GEOMETRIC_REPRESENTATION_CONTEXT(2)
>>>>>>> Stashed changes
PARAMETRIC_REPRESENTATION_CONTEXT() REPRESENTATION_CONTEXT('2D SPACE',''
  ) );
#3287 = ORIENTED_EDGE('',*,*,#3212,.T.);
#3288 = ORIENTED_EDGE('',*,*,#3289,.T.);
#3289 = EDGE_CURVE('',#3187,#3290,#3292,.T.);
#3290 = VERTEX_POINT('',#3291);
#3291 = CARTESIAN_POINT('',(-18.5,9.75,20.));
#3292 = SURFACE_CURVE('',#3293,(#3297,#3304),.PCURVE_S1.);
#3293 = LINE('',#3294,#3295);
#3294 = CARTESIAN_POINT('',(-18.5,9.75,0.));
#3295 = VECTOR('',#3296,1.);
#3296 = DIRECTION('',(0.,0.,1.));
#3297 = PCURVE('',#3227,#3298);
#3298 = DEFINITIONAL_REPRESENTATION('',(#3299),#3303);
#3299 = LINE('',#3300,#3301);
#3300 = CARTESIAN_POINT('',(0.,0.));
#3301 = VECTOR('',#3302,1.);
#3302 = DIRECTION('',(1.,0.));
<<<<<<< Updated upstream
#3303 = ( GEOMETRIC_REPRESENTATION_CONTEXT(2)
=======
#3303 = ( GEOMETRIC_REPRESENTATION_CONTEXT(2)
>>>>>>> Stashed changes
PARAMETRIC_REPRESENTATION_CONTEXT() REPRESENTATION_CONTEXT('2D SPACE',''
  ) );
#3304 = PCURVE('',#3201,#3305);
#3305 = DEFINITIONAL_REPRESENTATION('',(#3306),#3310);
#3306 = LINE('',#3307,#3308);
#3307 = CARTESIAN_POINT('',(0.,-2.));
#3308 = VECTOR('',#3309,1.);
#3309 = DIRECTION('',(1.,0.));
<<<<<<< Updated upstream
#3310 = ( GEOMETRIC_REPRESENTATION_CONTEXT(2)
=======
#3310 = ( GEOMETRIC_REPRESENTATION_CONTEXT(2)
>>>>>>> Stashed changes
PARAMETRIC_REPRESENTATION_CONTEXT() REPRESENTATION_CONTEXT('2D SPACE',''
  ) );
#3311 = ORIENTED_EDGE('',*,*,#3312,.T.);
#3312 = EDGE_CURVE('',#3290,#3266,#3313,.T.);
#3313 = SURFACE_CURVE('',#3314,(#3318,#3325),.PCURVE_S1.);
#3314 = LINE('',#3315,#3316);
#3315 = CARTESIAN_POINT('',(-18.5,9.75,20.));
#3316 = VECTOR('',#3317,1.);
#3317 = DIRECTION('',(1.,0.,0.));
#3318 = PCURVE('',#3227,#3319);
#3319 = DEFINITIONAL_REPRESENTATION('',(#3320),#3324);
#3320 = LINE('',#3321,#3322);
#3321 = CARTESIAN_POINT('',(20.,0.));
#3322 = VECTOR('',#3323,1.);
#3323 = DIRECTION('',(0.,1.));
<<<<<<< Updated upstream
#3324 = ( GEOMETRIC_REPRESENTATION_CONTEXT(2)
=======
#3324 = ( GEOMETRIC_REPRESENTATION_CONTEXT(2)
>>>>>>> Stashed changes
PARAMETRIC_REPRESENTATION_CONTEXT() REPRESENTATION_CONTEXT('2D SPACE',''
  ) );
#3325 = PCURVE('',#3326,#3331);
#3326 = PLANE('',#3327);
#3327 = AXIS2_PLACEMENT_3D('',#3328,#3329,#3330);
#3328 = CARTESIAN_POINT('',(-18.5,7.75,20.));
#3329 = DIRECTION('',(0.,0.,1.));
#3330 = DIRECTION('',(1.,0.,0.));
#3331 = DEFINITIONAL_REPRESENTATION('',(#3332),#3336);
#3332 = LINE('',#3333,#3334);
#3333 = CARTESIAN_POINT('',(0.,2.));
#3334 = VECTOR('',#3335,1.);
#3335 = DIRECTION('',(1.,0.));
<<<<<<< Updated upstream
#3336 = ( GEOMETRIC_REPRESENTATION_CONTEXT(2)
=======
#3336 = ( GEOMETRIC_REPRESENTATION_CONTEXT(2)
>>>>>>> Stashed changes
PARAMETRIC_REPRESENTATION_CONTEXT() REPRESENTATION_CONTEXT('2D SPACE',''
  ) );
#3337 = ADVANCED_FACE('',(#3338),#3326,.T.);
#3338 = FACE_BOUND('',#3339,.T.);
#3339 = EDGE_LOOP('',(#3340,#3363,#3386,#3407));
#3340 = ORIENTED_EDGE('',*,*,#3341,.F.);
#3341 = EDGE_CURVE('',#3342,#3290,#3344,.T.);
#3342 = VERTEX_POINT('',#3343);
#3343 = CARTESIAN_POINT('',(-18.5,7.75,20.));
#3344 = SURFACE_CURVE('',#3345,(#3349,#3356),.PCURVE_S1.);
#3345 = LINE('',#3346,#3347);
#3346 = CARTESIAN_POINT('',(-18.5,7.75,20.));
#3347 = VECTOR('',#3348,1.);
#3348 = DIRECTION('',(0.,1.,0.));
#3349 = PCURVE('',#3326,#3350);
#3350 = DEFINITIONAL_REPRESENTATION('',(#3351),#3355);
#3351 = LINE('',#3352,#3353);
#3352 = CARTESIAN_POINT('',(0.,0.));
#3353 = VECTOR('',#3354,1.);
#3354 = DIRECTION('',(0.,1.));
<<<<<<< Updated upstream
#3355 = ( GEOMETRIC_REPRESENTATION_CONTEXT(2)
=======
#3355 = ( GEOMETRIC_REPRESENTATION_CONTEXT(2)
>>>>>>> Stashed changes
PARAMETRIC_REPRESENTATION_CONTEXT() REPRESENTATION_CONTEXT('2D SPACE',''
  ) );
#3356 = PCURVE('',#3201,#3357);
#3357 = DEFINITIONAL_REPRESENTATION('',(#3358),#3362);
#3358 = LINE('',#3359,#3360);
#3359 = CARTESIAN_POINT('',(20.,0.));
#3360 = VECTOR('',#3361,1.);
#3361 = DIRECTION('',(0.,-1.));
<<<<<<< Updated upstream
#3362 = ( GEOMETRIC_REPRESENTATION_CONTEXT(2)
=======
#3362 = ( GEOMETRIC_REPRESENTATION_CONTEXT(2)
>>>>>>> Stashed changes
PARAMETRIC_REPRESENTATION_CONTEXT() REPRESENTATION_CONTEXT('2D SPACE',''
  ) );
#3363 = ORIENTED_EDGE('',*,*,#3364,.T.);
#3364 = EDGE_CURVE('',#3342,#3365,#3367,.T.);
#3365 = VERTEX_POINT('',#3366);
#3366 = CARTESIAN_POINT('',(-16.5,7.75,20.));
#3367 = SURFACE_CURVE('',#3368,(#3372,#3379),.PCURVE_S1.);
#3368 = LINE('',#3369,#3370);
#3369 = CARTESIAN_POINT('',(-18.5,7.75,20.));
#3370 = VECTOR('',#3371,1.);
#3371 = DIRECTION('',(1.,0.,0.));
#3372 = PCURVE('',#3326,#3373);
#3373 = DEFINITIONAL_REPRESENTATION('',(#3374),#3378);
#3374 = LINE('',#3375,#3376);
#3375 = CARTESIAN_POINT('',(0.,0.));
#3376 = VECTOR('',#3377,1.);
#3377 = DIRECTION('',(1.,0.));
<<<<<<< Updated upstream
#3378 = ( GEOMETRIC_REPRESENTATION_CONTEXT(2)
=======
#3378 = ( GEOMETRIC_REPRESENTATION_CONTEXT(2)
>>>>>>> Stashed changes
PARAMETRIC_REPRESENTATION_CONTEXT() REPRESENTATION_CONTEXT('2D SPACE',''
  ) );
#3379 = PCURVE('',#3175,#3380);
#3380 = DEFINITIONAL_REPRESENTATION('',(#3381),#3385);
#3381 = LINE('',#3382,#3383);
#3382 = CARTESIAN_POINT('',(20.,0.));
#3383 = VECTOR('',#3384,1.);
#3384 = DIRECTION('',(0.,1.));
<<<<<<< Updated upstream
#3385 = ( GEOMETRIC_REPRESENTATION_CONTEXT(2)
=======
#3385 = ( GEOMETRIC_REPRESENTATION_CONTEXT(2)
>>>>>>> Stashed changes
PARAMETRIC_REPRESENTATION_CONTEXT() REPRESENTATION_CONTEXT('2D SPACE',''
  ) );
#3386 = ORIENTED_EDGE('',*,*,#3387,.T.);
#3387 = EDGE_CURVE('',#3365,#3266,#3388,.T.);
#3388 = SURFACE_CURVE('',#3389,(#3393,#3400),.PCURVE_S1.);
#3389 = LINE('',#3390,#3391);
#3390 = CARTESIAN_POINT('',(-16.5,7.75,20.));
#3391 = VECTOR('',#3392,1.);
#3392 = DIRECTION('',(0.,1.,0.));
#3393 = PCURVE('',#3326,#3394);
#3394 = DEFINITIONAL_REPRESENTATION('',(#3395),#3399);
#3395 = LINE('',#3396,#3397);
#3396 = CARTESIAN_POINT('',(2.,0.));
#3397 = VECTOR('',#3398,1.);
#3398 = DIRECTION('',(0.,1.));
<<<<<<< Updated upstream
#3399 = ( GEOMETRIC_REPRESENTATION_CONTEXT(2)
=======
#3399 = ( GEOMETRIC_REPRESENTATION_CONTEXT(2)
>>>>>>> Stashed changes
PARAMETRIC_REPRESENTATION_CONTEXT() REPRESENTATION_CONTEXT('2D SPACE',''
  ) );
#3400 = PCURVE('',#3251,#3401);
#3401 = DEFINITIONAL_REPRESENTATION('',(#3402),#3406);
#3402 = LINE('',#3403,#3404);
#3403 = CARTESIAN_POINT('',(20.,0.));
#3404 = VECTOR('',#3405,1.);
#3405 = DIRECTION('',(0.,-1.));
<<<<<<< Updated upstream
#3406 = ( GEOMETRIC_REPRESENTATION_CONTEXT(2)
=======
#3406 = ( GEOMETRIC_REPRESENTATION_CONTEXT(2)
>>>>>>> Stashed changes
PARAMETRIC_REPRESENTATION_CONTEXT() REPRESENTATION_CONTEXT('2D SPACE',''
  ) );
#3407 = ORIENTED_EDGE('',*,*,#3312,.F.);
#3408 = ADVANCED_FACE('',(#3409),#3201,.F.);
#3409 = FACE_BOUND('',#3410,.F.);
#3410 = EDGE_LOOP('',(#3411,#3432,#3433,#3434));
#3411 = ORIENTED_EDGE('',*,*,#3412,.F.);
#3412 = EDGE_CURVE('',#3161,#3342,#3413,.T.);
#3413 = SURFACE_CURVE('',#3414,(#3418,#3425),.PCURVE_S1.);
#3414 = LINE('',#3415,#3416);
#3415 = CARTESIAN_POINT('',(-18.5,7.75,0.));
#3416 = VECTOR('',#3417,1.);
#3417 = DIRECTION('',(0.,0.,1.));
#3418 = PCURVE('',#3201,#3419);
#3419 = DEFINITIONAL_REPRESENTATION('',(#3420),#3424);
#3420 = LINE('',#3421,#3422);
#3421 = CARTESIAN_POINT('',(0.,0.));
#3422 = VECTOR('',#3423,1.);
#3423 = DIRECTION('',(1.,0.));
<<<<<<< Updated upstream
#3424 = ( GEOMETRIC_REPRESENTATION_CONTEXT(2)
=======
#3424 = ( GEOMETRIC_REPRESENTATION_CONTEXT(2)
>>>>>>> Stashed changes
PARAMETRIC_REPRESENTATION_CONTEXT() REPRESENTATION_CONTEXT('2D SPACE',''
  ) );
#3425 = PCURVE('',#3175,#3426);
#3426 = DEFINITIONAL_REPRESENTATION('',(#3427),#3431);
#3427 = LINE('',#3428,#3429);
#3428 = CARTESIAN_POINT('',(0.,0.));
#3429 = VECTOR('',#3430,1.);
#3430 = DIRECTION('',(1.,0.));
<<<<<<< Updated upstream
#3431 = ( GEOMETRIC_REPRESENTATION_CONTEXT(2)
=======
#3431 = ( GEOMETRIC_REPRESENTATION_CONTEXT(2)
>>>>>>> Stashed changes
PARAMETRIC_REPRESENTATION_CONTEXT() REPRESENTATION_CONTEXT('2D SPACE',''
  ) );
#3432 = ORIENTED_EDGE('',*,*,#3186,.T.);
#3433 = ORIENTED_EDGE('',*,*,#3289,.T.);
#3434 = ORIENTED_EDGE('',*,*,#3341,.F.);
#3435 = ADVANCED_FACE('',(#3436),#3251,.T.);
#3436 = FACE_BOUND('',#3437,.T.);
#3437 = EDGE_LOOP('',(#3438,#3459,#3460,#3461));
#3438 = ORIENTED_EDGE('',*,*,#3439,.F.);
#3439 = EDGE_CURVE('',#3159,#3365,#3440,.T.);
#3440 = SURFACE_CURVE('',#3441,(#3445,#3452),.PCURVE_S1.);
#3441 = LINE('',#3442,#3443);
#3442 = CARTESIAN_POINT('',(-16.5,7.75,0.));
#3443 = VECTOR('',#3444,1.);
#3444 = DIRECTION('',(0.,0.,1.));
#3445 = PCURVE('',#3251,#3446);
#3446 = DEFINITIONAL_REPRESENTATION('',(#3447),#3451);
#3447 = LINE('',#3448,#3449);
#3448 = CARTESIAN_POINT('',(0.,0.));
#3449 = VECTOR('',#3450,1.);
#3450 = DIRECTION('',(1.,0.));
<<<<<<< Updated upstream
#3451 = ( GEOMETRIC_REPRESENTATION_CONTEXT(2)
=======
#3451 = ( GEOMETRIC_REPRESENTATION_CONTEXT(2)
>>>>>>> Stashed changes
PARAMETRIC_REPRESENTATION_CONTEXT() REPRESENTATION_CONTEXT('2D SPACE',''
  ) );
#3452 = PCURVE('',#3175,#3453);
#3453 = DEFINITIONAL_REPRESENTATION('',(#3454),#3458);
#3454 = LINE('',#3455,#3456);
#3455 = CARTESIAN_POINT('',(0.,2.));
#3456 = VECTOR('',#3457,1.);
#3457 = DIRECTION('',(1.,0.));
<<<<<<< Updated upstream
#3458 = ( GEOMETRIC_REPRESENTATION_CONTEXT(2)
=======
#3458 = ( GEOMETRIC_REPRESENTATION_CONTEXT(2)
>>>>>>> Stashed changes
PARAMETRIC_REPRESENTATION_CONTEXT() REPRESENTATION_CONTEXT('2D SPACE',''
  ) );
#3459 = ORIENTED_EDGE('',*,*,#3238,.T.);
#3460 = ORIENTED_EDGE('',*,*,#3265,.T.);
#3461 = ORIENTED_EDGE('',*,*,#3387,.F.);
#3462 = ADVANCED_FACE('',(#3463),#3175,.F.);
#3463 = FACE_BOUND('',#3464,.F.);
#3464 = EDGE_LOOP('',(#3465,#3466,#3467,#3468));
#3465 = ORIENTED_EDGE('',*,*,#3439,.F.);
#3466 = ORIENTED_EDGE('',*,*,#3158,.T.);
#3467 = ORIENTED_EDGE('',*,*,#3412,.T.);
#3468 = ORIENTED_EDGE('',*,*,#3364,.T.);
#3469 = ADVANCED_FACE('',(#3470),#3118,.T.);
#3470 = FACE_BOUND('',#3471,.T.);
#3471 = EDGE_LOOP('',(#3472,#3495,#3496,#3519));
#3472 = ORIENTED_EDGE('',*,*,#3473,.F.);
#3473 = EDGE_CURVE('',#3104,#3474,#3476,.T.);
#3474 = VERTEX_POINT('',#3475);
#3475 = CARTESIAN_POINT('',(-16.5,-7.75,20.));
#3476 = SURFACE_CURVE('',#3477,(#3481,#3488),.PCURVE_S1.);
#3477 = LINE('',#3478,#3479);
#3478 = CARTESIAN_POINT('',(-16.5,-7.75,0.));
#3479 = VECTOR('',#3480,1.);
#3480 = DIRECTION('',(0.,0.,1.));
#3481 = PCURVE('',#3118,#3482);
#3482 = DEFINITIONAL_REPRESENTATION('',(#3483),#3487);
#3483 = LINE('',#3484,#3485);
#3484 = CARTESIAN_POINT('',(0.,2.));
#3485 = VECTOR('',#3486,1.);
#3486 = DIRECTION('',(1.,0.));
<<<<<<< Updated upstream
#3487 = ( GEOMETRIC_REPRESENTATION_CONTEXT(2)
=======
#3487 = ( GEOMETRIC_REPRESENTATION_CONTEXT(2)
>>>>>>> Stashed changes
PARAMETRIC_REPRESENTATION_CONTEXT() REPRESENTATION_CONTEXT('2D SPACE',''
  ) );
#3488 = PCURVE('',#3142,#3489);
#3489 = DEFINITIONAL_REPRESENTATION('',(#3490),#3494);
#3490 = LINE('',#3491,#3492);
#3491 = CARTESIAN_POINT('',(0.,-2.));
#3492 = VECTOR('',#3493,1.);
#3493 = DIRECTION('',(1.,0.));
<<<<<<< Updated upstream
#3494 = ( GEOMETRIC_REPRESENTATION_CONTEXT(2)
=======
#3494 = ( GEOMETRIC_REPRESENTATION_CONTEXT(2)
>>>>>>> Stashed changes
PARAMETRIC_REPRESENTATION_CONTEXT() REPRESENTATION_CONTEXT('2D SPACE',''
  ) );
#3495 = ORIENTED_EDGE('',*,*,#3103,.T.);
#3496 = ORIENTED_EDGE('',*,*,#3497,.T.);
#3497 = EDGE_CURVE('',#3078,#3498,#3500,.T.);
#3498 = VERTEX_POINT('',#3499);
#3499 = CARTESIAN_POINT('',(-18.5,-7.75,20.));
#3500 = SURFACE_CURVE('',#3501,(#3505,#3512),.PCURVE_S1.);
#3501 = LINE('',#3502,#3503);
#3502 = CARTESIAN_POINT('',(-18.5,-7.75,0.));
#3503 = VECTOR('',#3504,1.);
#3504 = DIRECTION('',(0.,0.,1.));
#3505 = PCURVE('',#3118,#3506);
#3506 = DEFINITIONAL_REPRESENTATION('',(#3507),#3511);
#3507 = LINE('',#3508,#3509);
#3508 = CARTESIAN_POINT('',(0.,0.));
#3509 = VECTOR('',#3510,1.);
#3510 = DIRECTION('',(1.,0.));
<<<<<<< Updated upstream
#3511 = ( GEOMETRIC_REPRESENTATION_CONTEXT(2)
=======
#3511 = ( GEOMETRIC_REPRESENTATION_CONTEXT(2)
>>>>>>> Stashed changes
PARAMETRIC_REPRESENTATION_CONTEXT() REPRESENTATION_CONTEXT('2D SPACE',''
  ) );
#3512 = PCURVE('',#3092,#3513);
#3513 = DEFINITIONAL_REPRESENTATION('',(#3514),#3518);
#3514 = LINE('',#3515,#3516);
#3515 = CARTESIAN_POINT('',(0.,-2.));
#3516 = VECTOR('',#3517,1.);
#3517 = DIRECTION('',(1.,0.));
<<<<<<< Updated upstream
#3518 = ( GEOMETRIC_REPRESENTATION_CONTEXT(2)
=======
#3518 = ( GEOMETRIC_REPRESENTATION_CONTEXT(2)
>>>>>>> Stashed changes
PARAMETRIC_REPRESENTATION_CONTEXT() REPRESENTATION_CONTEXT('2D SPACE',''
  ) );
#3519 = ORIENTED_EDGE('',*,*,#3520,.T.);
#3520 = EDGE_CURVE('',#3498,#3474,#3521,.T.);
#3521 = SURFACE_CURVE('',#3522,(#3526,#3533),.PCURVE_S1.);
#3522 = LINE('',#3523,#3524);
#3523 = CARTESIAN_POINT('',(-18.5,-7.75,20.));
#3524 = VECTOR('',#3525,1.);
#3525 = DIRECTION('',(1.,0.,0.));
#3526 = PCURVE('',#3118,#3527);
#3527 = DEFINITIONAL_REPRESENTATION('',(#3528),#3532);
#3528 = LINE('',#3529,#3530);
#3529 = CARTESIAN_POINT('',(20.,0.));
#3530 = VECTOR('',#3531,1.);
#3531 = DIRECTION('',(0.,1.));
<<<<<<< Updated upstream
#3532 = ( GEOMETRIC_REPRESENTATION_CONTEXT(2)
=======
#3532 = ( GEOMETRIC_REPRESENTATION_CONTEXT(2)
>>>>>>> Stashed changes
PARAMETRIC_REPRESENTATION_CONTEXT() REPRESENTATION_CONTEXT('2D SPACE',''
  ) );
#3533 = PCURVE('',#3534,#3539);
#3534 = PLANE('',#3535);
#3535 = AXIS2_PLACEMENT_3D('',#3536,#3537,#3538);
#3536 = CARTESIAN_POINT('',(-18.5,-9.75,20.));
#3537 = DIRECTION('',(0.,0.,1.));
#3538 = DIRECTION('',(1.,0.,0.));
#3539 = DEFINITIONAL_REPRESENTATION('',(#3540),#3544);
#3540 = LINE('',#3541,#3542);
#3541 = CARTESIAN_POINT('',(0.,2.));
#3542 = VECTOR('',#3543,1.);
#3543 = DIRECTION('',(1.,0.));
<<<<<<< Updated upstream
#3544 = ( GEOMETRIC_REPRESENTATION_CONTEXT(2)
=======
#3544 = ( GEOMETRIC_REPRESENTATION_CONTEXT(2)
>>>>>>> Stashed changes
PARAMETRIC_REPRESENTATION_CONTEXT() REPRESENTATION_CONTEXT('2D SPACE',''
  ) );
#3545 = ADVANCED_FACE('',(#3546),#3534,.T.);
#3546 = FACE_BOUND('',#3547,.T.);
#3547 = EDGE_LOOP('',(#3548,#3571,#3594,#3615));
#3548 = ORIENTED_EDGE('',*,*,#3549,.F.);
#3549 = EDGE_CURVE('',#3550,#3498,#3552,.T.);
#3550 = VERTEX_POINT('',#3551);
#3551 = CARTESIAN_POINT('',(-18.5,-9.75,20.));
#3552 = SURFACE_CURVE('',#3553,(#3557,#3564),.PCURVE_S1.);
#3553 = LINE('',#3554,#3555);
#3554 = CARTESIAN_POINT('',(-18.5,-9.75,20.));
#3555 = VECTOR('',#3556,1.);
#3556 = DIRECTION('',(0.,1.,0.));
#3557 = PCURVE('',#3534,#3558);
#3558 = DEFINITIONAL_REPRESENTATION('',(#3559),#3563);
#3559 = LINE('',#3560,#3561);
#3560 = CARTESIAN_POINT('',(0.,0.));
#3561 = VECTOR('',#3562,1.);
#3562 = DIRECTION('',(0.,1.));
<<<<<<< Updated upstream
#3563 = ( GEOMETRIC_REPRESENTATION_CONTEXT(2)
=======
#3563 = ( GEOMETRIC_REPRESENTATION_CONTEXT(2)
>>>>>>> Stashed changes
PARAMETRIC_REPRESENTATION_CONTEXT() REPRESENTATION_CONTEXT('2D SPACE',''
  ) );
#3564 = PCURVE('',#3092,#3565);
#3565 = DEFINITIONAL_REPRESENTATION('',(#3566),#3570);
#3566 = LINE('',#3567,#3568);
#3567 = CARTESIAN_POINT('',(20.,0.));
#3568 = VECTOR('',#3569,1.);
#3569 = DIRECTION('',(0.,-1.));
<<<<<<< Updated upstream
#3570 = ( GEOMETRIC_REPRESENTATION_CONTEXT(2)
=======
#3570 = ( GEOMETRIC_REPRESENTATION_CONTEXT(2)
>>>>>>> Stashed changes
PARAMETRIC_REPRESENTATION_CONTEXT() REPRESENTATION_CONTEXT('2D SPACE',''
  ) );
#3571 = ORIENTED_EDGE('',*,*,#3572,.T.);
#3572 = EDGE_CURVE('',#3550,#3573,#3575,.T.);
#3573 = VERTEX_POINT('',#3574);
#3574 = CARTESIAN_POINT('',(-16.5,-9.75,20.));
#3575 = SURFACE_CURVE('',#3576,(#3580,#3587),.PCURVE_S1.);
#3576 = LINE('',#3577,#3578);
#3577 = CARTESIAN_POINT('',(-18.5,-9.75,20.));
#3578 = VECTOR('',#3579,1.);
#3579 = DIRECTION('',(1.,0.,0.));
#3580 = PCURVE('',#3534,#3581);
#3581 = DEFINITIONAL_REPRESENTATION('',(#3582),#3586);
#3582 = LINE('',#3583,#3584);
#3583 = CARTESIAN_POINT('',(0.,0.));
#3584 = VECTOR('',#3585,1.);
#3585 = DIRECTION('',(1.,0.));
<<<<<<< Updated upstream
#3586 = ( GEOMETRIC_REPRESENTATION_CONTEXT(2)
=======
#3586 = ( GEOMETRIC_REPRESENTATION_CONTEXT(2)
>>>>>>> Stashed changes
PARAMETRIC_REPRESENTATION_CONTEXT() REPRESENTATION_CONTEXT('2D SPACE',''
  ) );
#3587 = PCURVE('',#3066,#3588);
#3588 = DEFINITIONAL_REPRESENTATION('',(#3589),#3593);
#3589 = LINE('',#3590,#3591);
#3590 = CARTESIAN_POINT('',(20.,0.));
#3591 = VECTOR('',#3592,1.);
#3592 = DIRECTION('',(0.,1.));
<<<<<<< Updated upstream
#3593 = ( GEOMETRIC_REPRESENTATION_CONTEXT(2)
=======
#3593 = ( GEOMETRIC_REPRESENTATION_CONTEXT(2)
>>>>>>> Stashed changes
PARAMETRIC_REPRESENTATION_CONTEXT() REPRESENTATION_CONTEXT('2D SPACE',''
  ) );
#3594 = ORIENTED_EDGE('',*,*,#3595,.T.);
#3595 = EDGE_CURVE('',#3573,#3474,#3596,.T.);
#3596 = SURFACE_CURVE('',#3597,(#3601,#3608),.PCURVE_S1.);
#3597 = LINE('',#3598,#3599);
#3598 = CARTESIAN_POINT('',(-16.5,-9.75,20.));
#3599 = VECTOR('',#3600,1.);
#3600 = DIRECTION('',(0.,1.,0.));
#3601 = PCURVE('',#3534,#3602);
#3602 = DEFINITIONAL_REPRESENTATION('',(#3603),#3607);
#3603 = LINE('',#3604,#3605);
#3604 = CARTESIAN_POINT('',(2.,0.));
#3605 = VECTOR('',#3606,1.);
#3606 = DIRECTION('',(0.,1.));
<<<<<<< Updated upstream
#3607 = ( GEOMETRIC_REPRESENTATION_CONTEXT(2)
=======
#3607 = ( GEOMETRIC_REPRESENTATION_CONTEXT(2)
>>>>>>> Stashed changes
PARAMETRIC_REPRESENTATION_CONTEXT() REPRESENTATION_CONTEXT('2D SPACE',''
  ) );
#3608 = PCURVE('',#3142,#3609);
#3609 = DEFINITIONAL_REPRESENTATION('',(#3610),#3614);
#3610 = LINE('',#3611,#3612);
#3611 = CARTESIAN_POINT('',(20.,0.));
#3612 = VECTOR('',#3613,1.);
#3613 = DIRECTION('',(0.,-1.));
<<<<<<< Updated upstream
#3614 = ( GEOMETRIC_REPRESENTATION_CONTEXT(2)
=======
#3614 = ( GEOMETRIC_REPRESENTATION_CONTEXT(2)
>>>>>>> Stashed changes
PARAMETRIC_REPRESENTATION_CONTEXT() REPRESENTATION_CONTEXT('2D SPACE',''
  ) );
#3615 = ORIENTED_EDGE('',*,*,#3520,.F.);
#3616 = ADVANCED_FACE('',(#3617),#3092,.F.);
#3617 = FACE_BOUND('',#3618,.F.);
#3618 = EDGE_LOOP('',(#3619,#3640,#3641,#3642));
#3619 = ORIENTED_EDGE('',*,*,#3620,.F.);
#3620 = EDGE_CURVE('',#3052,#3550,#3621,.T.);
#3621 = SURFACE_CURVE('',#3622,(#3626,#3633),.PCURVE_S1.);
#3622 = LINE('',#3623,#3624);
#3623 = CARTESIAN_POINT('',(-18.5,-9.75,0.));
#3624 = VECTOR('',#3625,1.);
#3625 = DIRECTION('',(0.,0.,1.));
#3626 = PCURVE('',#3092,#3627);
#3627 = DEFINITIONAL_REPRESENTATION('',(#3628),#3632);
#3628 = LINE('',#3629,#3630);
#3629 = CARTESIAN_POINT('',(0.,0.));
#3630 = VECTOR('',#3631,1.);
#3631 = DIRECTION('',(1.,0.));
<<<<<<< Updated upstream
#3632 = ( GEOMETRIC_REPRESENTATION_CONTEXT(2)
=======
#3632 = ( GEOMETRIC_REPRESENTATION_CONTEXT(2)
>>>>>>> Stashed changes
PARAMETRIC_REPRESENTATION_CONTEXT() REPRESENTATION_CONTEXT('2D SPACE',''
  ) );
#3633 = PCURVE('',#3066,#3634);
#3634 = DEFINITIONAL_REPRESENTATION('',(#3635),#3639);
#3635 = LINE('',#3636,#3637);
#3636 = CARTESIAN_POINT('',(0.,0.));
#3637 = VECTOR('',#3638,1.);
#3638 = DIRECTION('',(1.,0.));
<<<<<<< Updated upstream
#3639 = ( GEOMETRIC_REPRESENTATION_CONTEXT(2)
=======
#3639 = ( GEOMETRIC_REPRESENTATION_CONTEXT(2)
>>>>>>> Stashed changes
PARAMETRIC_REPRESENTATION_CONTEXT() REPRESENTATION_CONTEXT('2D SPACE',''
  ) );
#3640 = ORIENTED_EDGE('',*,*,#3077,.T.);
#3641 = ORIENTED_EDGE('',*,*,#3497,.T.);
#3642 = ORIENTED_EDGE('',*,*,#3549,.F.);
#3643 = ADVANCED_FACE('',(#3644),#3142,.T.);
#3644 = FACE_BOUND('',#3645,.T.);
#3645 = EDGE_LOOP('',(#3646,#3667,#3668,#3669));
#3646 = ORIENTED_EDGE('',*,*,#3647,.F.);
#3647 = EDGE_CURVE('',#3050,#3573,#3648,.T.);
#3648 = SURFACE_CURVE('',#3649,(#3653,#3660),.PCURVE_S1.);
#3649 = LINE('',#3650,#3651);
#3650 = CARTESIAN_POINT('',(-16.5,-9.75,0.));
#3651 = VECTOR('',#3652,1.);
#3652 = DIRECTION('',(0.,0.,1.));
#3653 = PCURVE('',#3142,#3654);
#3654 = DEFINITIONAL_REPRESENTATION('',(#3655),#3659);
#3655 = LINE('',#3656,#3657);
#3656 = CARTESIAN_POINT('',(0.,0.));
#3657 = VECTOR('',#3658,1.);
#3658 = DIRECTION('',(1.,0.));
<<<<<<< Updated upstream
#3659 = ( GEOMETRIC_REPRESENTATION_CONTEXT(2)
=======
#3659 = ( GEOMETRIC_REPRESENTATION_CONTEXT(2)
>>>>>>> Stashed changes
PARAMETRIC_REPRESENTATION_CONTEXT() REPRESENTATION_CONTEXT('2D SPACE',''
  ) );
#3660 = PCURVE('',#3066,#3661);
#3661 = DEFINITIONAL_REPRESENTATION('',(#3662),#3666);
#3662 = LINE('',#3663,#3664);
#3663 = CARTESIAN_POINT('',(0.,2.));
#3664 = VECTOR('',#3665,1.);
#3665 = DIRECTION('',(1.,0.));
<<<<<<< Updated upstream
#3666 = ( GEOMETRIC_REPRESENTATION_CONTEXT(2)
=======
#3666 = ( GEOMETRIC_REPRESENTATION_CONTEXT(2)
>>>>>>> Stashed changes
PARAMETRIC_REPRESENTATION_CONTEXT() REPRESENTATION_CONTEXT('2D SPACE',''
  ) );
#3667 = ORIENTED_EDGE('',*,*,#3129,.T.);
#3668 = ORIENTED_EDGE('',*,*,#3473,.T.);
#3669 = ORIENTED_EDGE('',*,*,#3595,.F.);
#3670 = ADVANCED_FACE('',(#3671),#3066,.F.);
#3671 = FACE_BOUND('',#3672,.F.);
#3672 = EDGE_LOOP('',(#3673,#3674,#3675,#3676));
#3673 = ORIENTED_EDGE('',*,*,#3647,.F.);
#3674 = ORIENTED_EDGE('',*,*,#3049,.T.);
#3675 = ORIENTED_EDGE('',*,*,#3620,.T.);
#3676 = ORIENTED_EDGE('',*,*,#3572,.T.);
#3677 = ADVANCED_FACE('',(#3678),#72,.F.);
#3678 = FACE_BOUND('',#3679,.F.);
#3679 = EDGE_LOOP('',(#3680,#3701,#3702,#3703));
#3680 = ORIENTED_EDGE('',*,*,#3681,.F.);
#3681 = EDGE_CURVE('',#22,#1423,#3682,.T.);
#3682 = SURFACE_CURVE('',#3683,(#3687,#3694),.PCURVE_S1.);
#3683 = LINE('',#3684,#3685);
#3684 = CARTESIAN_POINT('',(-13.56666666666,-17.6,1.));
#3685 = VECTOR('',#3686,1.);
#3686 = DIRECTION('',(-0.707106781187,-0.707106781187,0.));
#3687 = PCURVE('',#72,#3688);
#3688 = DEFINITIONAL_REPRESENTATION('',(#3689),#3693);
#3689 = LINE('',#3690,#3691);
#3690 = CARTESIAN_POINT('',(-0.,0.353553390593));
#3691 = VECTOR('',#3692,1.);
#3692 = DIRECTION('',(-0.,1.));
<<<<<<< Updated upstream
#3693 = ( GEOMETRIC_REPRESENTATION_CONTEXT(2)
=======
#3693 = ( GEOMETRIC_REPRESENTATION_CONTEXT(2)
>>>>>>> Stashed changes
PARAMETRIC_REPRESENTATION_CONTEXT() REPRESENTATION_CONTEXT('2D SPACE',''
  ) );
#3694 = PCURVE('',#44,#3695);
#3695 = DEFINITIONAL_REPRESENTATION('',(#3696),#3700);
#3696 = LINE('',#3697,#3698);
#3697 = CARTESIAN_POINT('',(-0.4,0.9));
#3698 = VECTOR('',#3699,1.);
#3699 = DIRECTION('',(-0.707106781187,-0.707106781187));
<<<<<<< Updated upstream
#3700 = ( GEOMETRIC_REPRESENTATION_CONTEXT(2)
=======
#3700 = ( GEOMETRIC_REPRESENTATION_CONTEXT(2)
>>>>>>> Stashed changes
PARAMETRIC_REPRESENTATION_CONTEXT() REPRESENTATION_CONTEXT('2D SPACE',''
  ) );
#3701 = ORIENTED_EDGE('',*,*,#56,.T.);
#3702 = ORIENTED_EDGE('',*,*,#2936,.T.);
#3703 = ORIENTED_EDGE('',*,*,#1445,.F.);
#3704 = ADVANCED_FACE('',(#3705),#44,.F.);
#3705 = FACE_BOUND('',#3706,.F.);
#3706 = EDGE_LOOP('',(#3707,#3708,#3709,#3710,#3711,#3712));
#3707 = ORIENTED_EDGE('',*,*,#649,.T.);
#3708 = ORIENTED_EDGE('',*,*,#935,.T.);
#3709 = ORIENTED_EDGE('',*,*,#21,.F.);
#3710 = ORIENTED_EDGE('',*,*,#3681,.T.);
#3711 = ORIENTED_EDGE('',*,*,#1422,.F.);
#3712 = ORIENTED_EDGE('',*,*,#2622,.T.);
<<<<<<< Updated upstream
#3713 = ( GEOMETRIC_REPRESENTATION_CONTEXT(3)
GLOBAL_UNCERTAINTY_ASSIGNED_CONTEXT((#3717))
=======
#3713 = ( GEOMETRIC_REPRESENTATION_CONTEXT(3)
GLOBAL_UNCERTAINTY_ASSIGNED_CONTEXT((#3717))
>>>>>>> Stashed changes
GLOBAL_UNIT_ASSIGNED_CONTEXT((#3714,#3715,#3716)) REPRESENTATION_CONTEXT
('Context #1','3D Context with UNIT and UNCERTAINTY') );
#3714 = ( LENGTH_UNIT() NAMED_UNIT(*) SI_UNIT(.MILLI.,.METRE.) );
#3715 = ( NAMED_UNIT(*) PLANE_ANGLE_UNIT() SI_UNIT($,.RADIAN.) );
#3716 = ( NAMED_UNIT(*) SI_UNIT($,.STERADIAN.) SOLID_ANGLE_UNIT() );
#3717 = UNCERTAINTY_MEASURE_WITH_UNIT(LENGTH_MEASURE(2.E-05),#3714,
  'distance_accuracy_value','confusion accuracy');
#3718 = PRODUCT_RELATED_PRODUCT_CATEGORY('part',$,(#7));
ENDSEC;
END-ISO-10303-21;
