ISO-10303-21;
HEADER;
FILE_DESCRIPTION(('Open CASCADE Model'),'2;1');
FILE_NAME('Open CASCADE Shape Model','2026-07-09T15:22:31',('Author'),(
    'Open CASCADE'),'Open CASCADE STEP processor 7.9','build123d',
  'Unknown');
FILE_SCHEMA(('AUTOMOTIVE_DESIGN { 1 0 10303 214 1 1 1 1 }'));
ENDSEC;
DATA;
#1 = APPLICATION_PROTOCOL_DEFINITION('international standard',
  'automotive_design',2000,#2);
#2 = APPLICATION_CONTEXT(
  'core data for automotive mechanical design processes');
#3 = SHAPE_DEFINITION_REPRESENTATION(#4,#10);
#4 = PRODUCT_DEFINITION_SHAPE('','',#5);
#5 = PRODUCT_DEFINITION('design','',#6,#9);
#6 = PRODUCT_DEFINITION_FORMATION('','',#7);
#7 = PRODUCT('COMPOUND','COMPOUND','',(#8));
#8 = PRODUCT_CONTEXT('',#2,'mechanical');
#9 = PRODUCT_DEFINITION_CONTEXT('part definition',#2,'design');
#10 = ADVANCED_BREP_SHAPE_REPRESENTATION('',(#11,#15),#1849);
#11 = AXIS2_PLACEMENT_3D('',#12,#13,#14);
#12 = CARTESIAN_POINT('',(0.,0.,0.));
#13 = DIRECTION('',(0.,0.,1.));
#14 = DIRECTION('',(1.,0.,-0.));
#15 = MANIFOLD_SOLID_BREP('',#16);
#16 = CLOSED_SHELL('',(#17,#729,#802,#924,#1023,#1051,#1349,#1700,#1813,
    #1841));
#17 = ADVANCED_FACE('',(#18,#135,#417),#33,.T.);
#18 = FACE_BOUND('',#19,.T.);
#19 = EDGE_LOOP('',(#20,#56,#82,#111));
#20 = ORIENTED_EDGE('',*,*,#21,.F.);
#21 = EDGE_CURVE('',#22,#24,#26,.T.);
#22 = VERTEX_POINT('',#23);
#23 = CARTESIAN_POINT('',(29.962476533157,1.5,100.));
#24 = VERTEX_POINT('',#25);
#25 = CARTESIAN_POINT('',(29.962476533157,-1.5,100.));
#26 = SURFACE_CURVE('',#27,(#32,#44),.PCURVE_S1.);
#27 = CIRCLE('',#28,30.);
#28 = AXIS2_PLACEMENT_3D('',#29,#30,#31);
#29 = CARTESIAN_POINT('',(0.,0.,100.));
#30 = DIRECTION('',(0.,0.,1.));
#31 = DIRECTION('',(1.,0.,-0.));
#32 = PCURVE('',#33,#38);
#33 = CYLINDRICAL_SURFACE('',#34,30.);
#34 = AXIS2_PLACEMENT_3D('',#35,#36,#37);
#35 = CARTESIAN_POINT('',(0.,0.,-100.));
#36 = DIRECTION('',(0.,0.,1.));
#37 = DIRECTION('',(1.,0.,-0.));
#38 = DEFINITIONAL_REPRESENTATION('',(#39),#43);
#39 = LINE('',#40,#41);
#40 = CARTESIAN_POINT('',(0.,200.));
#41 = VECTOR('',#42,1.);
#42 = DIRECTION('',(1.,0.));
<<<<<<< Updated upstream
#43 = ( GEOMETRIC_REPRESENTATION_CONTEXT(2)
=======
#43 = ( GEOMETRIC_REPRESENTATION_CONTEXT(2)
>>>>>>> Stashed changes
PARAMETRIC_REPRESENTATION_CONTEXT() REPRESENTATION_CONTEXT('2D SPACE',''
  ) );
#44 = PCURVE('',#45,#50);
#45 = PLANE('',#46);
#46 = AXIS2_PLACEMENT_3D('',#47,#48,#49);
#47 = CARTESIAN_POINT('',(0.,0.,100.));
#48 = DIRECTION('',(0.,0.,1.));
#49 = DIRECTION('',(1.,0.,-0.));
#50 = DEFINITIONAL_REPRESENTATION('',(#51),#55);
#51 = CIRCLE('',#52,30.);
#52 = AXIS2_PLACEMENT_2D('',#53,#54);
#53 = CARTESIAN_POINT('',(0.,0.));
#54 = DIRECTION('',(1.,0.));
<<<<<<< Updated upstream
#55 = ( GEOMETRIC_REPRESENTATION_CONTEXT(2)
=======
#55 = ( GEOMETRIC_REPRESENTATION_CONTEXT(2)
>>>>>>> Stashed changes
PARAMETRIC_REPRESENTATION_CONTEXT() REPRESENTATION_CONTEXT('2D SPACE',''
  ) );
#56 = ORIENTED_EDGE('',*,*,#57,.F.);
#57 = EDGE_CURVE('',#58,#22,#60,.T.);
#58 = VERTEX_POINT('',#59);
#59 = CARTESIAN_POINT('',(29.962476533157,1.5,-100.));
#60 = SURFACE_CURVE('',#61,(#65,#71),.PCURVE_S1.);
#61 = LINE('',#62,#63);
#62 = CARTESIAN_POINT('',(29.962476533157,1.5,-100.));
#63 = VECTOR('',#64,1.);
#64 = DIRECTION('',(0.,0.,1.));
#65 = PCURVE('',#33,#66);
#66 = DEFINITIONAL_REPRESENTATION('',(#67),#70);
#67 = B_SPLINE_CURVE_WITH_KNOTS('',1,(#68,#69),.UNSPECIFIED.,.F.,.F.,(2,
    2),(-6.000000070117E-07,200.0000006),.PIECEWISE_BEZIER_KNOTS.);
#68 = CARTESIAN_POINT('',(5.002085680577E-02,-6.000000070117E-07));
#69 = CARTESIAN_POINT('',(5.002085680577E-02,200.0000006));
<<<<<<< Updated upstream
#70 = ( GEOMETRIC_REPRESENTATION_CONTEXT(2)
=======
#70 = ( GEOMETRIC_REPRESENTATION_CONTEXT(2)
>>>>>>> Stashed changes
PARAMETRIC_REPRESENTATION_CONTEXT() REPRESENTATION_CONTEXT('2D SPACE',''
  ) );
#71 = PCURVE('',#72,#77);
#72 = PLANE('',#73);
#73 = AXIS2_PLACEMENT_3D('',#74,#75,#76);
#74 = CARTESIAN_POINT('',(17.5,1.5,-102.5));
#75 = DIRECTION('',(0.,1.,0.));
#76 = DIRECTION('',(0.,0.,1.));
#77 = DEFINITIONAL_REPRESENTATION('',(#78),#81);
#78 = B_SPLINE_CURVE_WITH_KNOTS('',1,(#79,#80),.UNSPECIFIED.,.F.,.F.,(2,
    2),(-6.000000070117E-07,200.0000006),.PIECEWISE_BEZIER_KNOTS.);
#79 = CARTESIAN_POINT('',(2.4999994,12.462476533157));
#80 = CARTESIAN_POINT('',(202.5000006,12.462476533157));
<<<<<<< Updated upstream
#81 = ( GEOMETRIC_REPRESENTATION_CONTEXT(2)
=======
#81 = ( GEOMETRIC_REPRESENTATION_CONTEXT(2)
>>>>>>> Stashed changes
PARAMETRIC_REPRESENTATION_CONTEXT() REPRESENTATION_CONTEXT('2D SPACE',''
  ) );
#82 = ORIENTED_EDGE('',*,*,#83,.T.);
#83 = EDGE_CURVE('',#58,#84,#86,.T.);
#84 = VERTEX_POINT('',#85);
#85 = CARTESIAN_POINT('',(29.962476533157,-1.5,-100.));
#86 = SURFACE_CURVE('',#87,(#92,#99),.PCURVE_S1.);
#87 = CIRCLE('',#88,30.);
#88 = AXIS2_PLACEMENT_3D('',#89,#90,#91);
#89 = CARTESIAN_POINT('',(0.,0.,-100.));
#90 = DIRECTION('',(0.,0.,1.));
#91 = DIRECTION('',(1.,0.,-0.));
#92 = PCURVE('',#33,#93);
#93 = DEFINITIONAL_REPRESENTATION('',(#94),#98);
#94 = LINE('',#95,#96);
#95 = CARTESIAN_POINT('',(0.,0.));
#96 = VECTOR('',#97,1.);
#97 = DIRECTION('',(1.,0.));
#98 = ( GEOMETRIC_REPRESENTATION_CONTEXT(2)
PARAMETRIC_REPRESENTATION_CONTEXT() REPRESENTATION_CONTEXT('2D SPACE',''
  ) );
#99 = PCURVE('',#100,#105);
#100 = PLANE('',#101);
#101 = AXIS2_PLACEMENT_3D('',#102,#103,#104);
#102 = CARTESIAN_POINT('',(0.,0.,-100.));
#103 = DIRECTION('',(0.,0.,1.));
#104 = DIRECTION('',(1.,0.,-0.));
#105 = DEFINITIONAL_REPRESENTATION('',(#106),#110);
#106 = CIRCLE('',#107,30.);
#107 = AXIS2_PLACEMENT_2D('',#108,#109);
#108 = CARTESIAN_POINT('',(0.,0.));
#109 = DIRECTION('',(1.,0.));
#110 = ( GEOMETRIC_REPRESENTATION_CONTEXT(2)
PARAMETRIC_REPRESENTATION_CONTEXT() REPRESENTATION_CONTEXT('2D SPACE',''
  ) );
#111 = ORIENTED_EDGE('',*,*,#112,.T.);
#112 = EDGE_CURVE('',#84,#24,#113,.T.);
#113 = SURFACE_CURVE('',#114,(#118,#124),.PCURVE_S1.);
#114 = LINE('',#115,#116);
#115 = CARTESIAN_POINT('',(29.962476533157,-1.5,-100.));
#116 = VECTOR('',#117,1.);
#117 = DIRECTION('',(0.,0.,1.));
#118 = PCURVE('',#33,#119);
#119 = DEFINITIONAL_REPRESENTATION('',(#120),#123);
#120 = B_SPLINE_CURVE_WITH_KNOTS('',1,(#121,#122),.UNSPECIFIED.,.F.,.F.,
  (2,2),(-6.000000070117E-07,200.0000006),.PIECEWISE_BEZIER_KNOTS.);
#121 = CARTESIAN_POINT('',(6.233164450374,-6.000000070117E-07));
#122 = CARTESIAN_POINT('',(6.233164450374,200.0000006));
<<<<<<< Updated upstream
#123 = ( GEOMETRIC_REPRESENTATION_CONTEXT(2)
=======
#123 = ( GEOMETRIC_REPRESENTATION_CONTEXT(2)
>>>>>>> Stashed changes
PARAMETRIC_REPRESENTATION_CONTEXT() REPRESENTATION_CONTEXT('2D SPACE',''
  ) );
#124 = PCURVE('',#125,#130);
#125 = PLANE('',#126);
#126 = AXIS2_PLACEMENT_3D('',#127,#128,#129);
#127 = CARTESIAN_POINT('',(17.5,-1.5,-102.5));
#128 = DIRECTION('',(0.,1.,0.));
#129 = DIRECTION('',(0.,0.,1.));
#130 = DEFINITIONAL_REPRESENTATION('',(#131),#134);
#131 = B_SPLINE_CURVE_WITH_KNOTS('',1,(#132,#133),.UNSPECIFIED.,.F.,.F.,
  (2,2),(-6.000000070117E-07,200.0000006),.PIECEWISE_BEZIER_KNOTS.);
#132 = CARTESIAN_POINT('',(2.4999994,12.462476533157));
#133 = CARTESIAN_POINT('',(202.5000006,12.462476533157));
<<<<<<< Updated upstream
#134 = ( GEOMETRIC_REPRESENTATION_CONTEXT(2)
=======
#134 = ( GEOMETRIC_REPRESENTATION_CONTEXT(2)
>>>>>>> Stashed changes
PARAMETRIC_REPRESENTATION_CONTEXT() REPRESENTATION_CONTEXT('2D SPACE',''
  ) );
#135 = FACE_BOUND('',#136,.T.);
#136 = EDGE_LOOP('',(#137));
#137 = ORIENTED_EDGE('',*,*,#138,.T.);
#138 = EDGE_CURVE('',#139,#139,#141,.T.);
#139 = VERTEX_POINT('',#140);
#140 = CARTESIAN_POINT('',(22.75,19.556009306604,-2.351326840826E-15));
#141 = SURFACE_CURVE('',#142,(#230,#321),.PCURVE_S1.);
#142 = B_SPLINE_CURVE_WITH_KNOTS('',6,(#143,#144,#145,#146,#147,#148,
    #149,#150,#151,#152,#153,#154,#155,#156,#157,#158,#159,#160,#161,
    #162,#163,#164,#165,#166,#167,#168,#169,#170,#171,#172,#173,#174,
    #175,#176,#177,#178,#179,#180,#181,#182,#183,#184,#185,#186,#187,
    #188,#189,#190,#191,#192,#193,#194,#195,#196,#197,#198,#199,#200,
    #201,#202,#203,#204,#205,#206,#207,#208,#209,#210,#211,#212,#213,
    #214,#215,#216,#217,#218,#219,#220,#221,#222,#223,#224,#225,#226,
    #227,#228,#229),.UNSPECIFIED.,.T.,.F.,(7,5,5,5,5,5,5,5,5,5,5,5,5,5,5
    ,5,5,7),(0.,7.249473502236E-02,0.12596398389,0.189264185892,
    0.258732974149,0.330098589551,0.365191474993,0.400642007545,
    0.447043959691,0.499828971147,0.551212892786,0.59889102788,
    0.64818855235,0.70459946535,0.81019132594,0.873395788519,
    0.927505493494,1.),.UNSPECIFIED.);
#143 = CARTESIAN_POINT('',(22.75,19.556009306604,-1.33226762955E-15));
#144 = CARTESIAN_POINT('',(22.75,19.556009306604,0.225304667376));
#145 = CARTESIAN_POINT('',(22.727849447771,19.581777067674,0.44919831726
    ));
#146 = CARTESIAN_POINT('',(22.684067045898,19.632712797598,
    0.668216440719));
#147 = CARTESIAN_POINT('',(22.62010512345,19.706672052932,0.878945613113
    ));
#148 = CARTESIAN_POINT('',(22.538384974169,19.800051297906,
    1.078220581971));
#149 = CARTESIAN_POINT('',(22.371975845786,19.987646871054,
    1.399954101124));
#150 = CARTESIAN_POINT('',(22.29332954761,20.075623456724,1.52955361391)
  );
#151 = CARTESIAN_POINT('',(22.207483668298,20.170753633803,
    1.651991356082));
#152 = CARTESIAN_POINT('',(22.11515380158,20.271967334604,1.767123945452
    ));
#153 = CARTESIAN_POINT('',(22.016980310758,20.378309901687,
    1.874841710049));
#154 = CARTESIAN_POINT('',(21.791095815136,20.61990032167,2.093691693207
    ));
#155 = CARTESIAN_POINT('',(21.661169459455,20.756977826231,
    2.201910118052));
#156 = CARTESIAN_POINT('',(21.524585283052,20.898916358091,
    2.299647889719));
#157 = CARTESIAN_POINT('',(21.381998915165,21.044707508259,2.38681200828
    ));
#158 = CARTESIAN_POINT('',(21.233957859164,21.193519726661,
    2.463236846074));
#159 = CARTESIAN_POINT('',(20.913042660912,21.510470559045,
    2.600423065698));
#160 = CARTESIAN_POINT('',(20.739091687319,21.679141042218,
    2.658959042632));
#161 = CARTESIAN_POINT('',(20.559936056552,21.849509001014,
    2.703782488974));
#162 = CARTESIAN_POINT('',(20.376409630906,22.02054264832,2.734343965732
    ));
#163 = CARTESIAN_POINT('',(20.189416327485,22.191260661276,2.75));
#164 = CARTESIAN_POINT('',(19.805411709097,22.534724833431,2.75));
#165 = CARTESIAN_POINT('',(19.608077169057,22.707568549887,
    2.733477094241));
#166 = CARTESIAN_POINT('',(19.409779826482,22.877550376065,
    2.699557984147));
#167 = CARTESIAN_POINT('',(19.212446020741,23.043106150265,
    2.647608729962));
#168 = CARTESIAN_POINT('',(19.018152261237,23.20277680327,2.577232366129
    ));
#169 = CARTESIAN_POINT('',(18.736146977535,23.43013134273,2.444530752506
    ));
#170 = CARTESIAN_POINT('',(18.644520820292,23.503268378564,
    2.396324410108));
#171 = CARTESIAN_POINT('',(18.554559545641,23.574380516575,2.34368254111
    ));
#172 = CARTESIAN_POINT('',(18.466589545461,23.643269250047,
    2.286666948977));
#173 = CARTESIAN_POINT('',(18.380929833684,23.709753249392,
    2.225374078366));
#174 = CARTESIAN_POINT('',(18.214002555267,23.838232245144,
    2.093829057075));
#175 = CARTESIAN_POINT('',(18.13279759078,23.90016769081,2.023498978837)
  );
#176 = CARTESIAN_POINT('',(18.054608701557,23.959290855971,
    1.949095505378));
#177 = CARTESIAN_POINT('',(17.979751369199,24.015442609602,
    1.870807303596));
#178 = CARTESIAN_POINT('',(17.908518445056,24.068485279415,
    1.788860791905));
#179 = CARTESIAN_POINT('',(17.753030713162,24.183505158708,
    1.591815488778));
#180 = CARTESIAN_POINT('',(17.671568804279,24.243167260161,
    1.474317681001));
#181 = CARTESIAN_POINT('',(17.597347418545,24.297052863114,
    1.351581523864));
#182 = CARTESIAN_POINT('',(17.530846383272,24.344981472733,
    1.224234314508));
#183 = CARTESIAN_POINT('',(17.472457195989,24.386820408054,
    1.092973675139));
#184 = CARTESIAN_POINT('',(17.365610244883,24.463042727126,
    0.805668309245));
#185 = CARTESIAN_POINT('',(17.319617457442,24.495613054002,
    0.648683516187));
#186 = CARTESIAN_POINT('',(17.284868330466,24.520097148076,
    0.488584483502));
#187 = CARTESIAN_POINT('',(17.261619632814,24.536435722317,
    0.326398580708));
#188 = CARTESIAN_POINT('',(17.25,24.54460225793,0.163182919666));
#189 = CARTESIAN_POINT('',(17.25,24.54460225793,-0.15885150208));
#190 = CARTESIAN_POINT('',(17.261010984806,24.536863516464,
    -0.317731644941));
#191 = CARTESIAN_POINT('',(17.28304099403,24.521381338917,
    -0.475661963858));
#192 = CARTESIAN_POINT('',(17.315974909953,24.498179374441,
    -0.631668621896));
#193 = CARTESIAN_POINT('',(17.359582882337,24.467310253085,
    -0.784803652193));
#194 = CARTESIAN_POINT('',(17.463584070901,24.393175481038,
    -1.072756784926));
#195 = CARTESIAN_POINT('',(17.522546813659,24.350959557949,
    -1.208116920181));
#196 = CARTESIAN_POINT('',(17.590110361875,24.302302521228,
    -1.339412366403));
#197 = CARTESIAN_POINT('',(17.665856796291,24.247344632775,
    -1.465883894717));
#198 = CARTESIAN_POINT('',(17.749269723654,24.186278937952,
    -1.586849598841));
#199 = CARTESIAN_POINT('',(17.933297548114,24.050163794757,
    -1.820465957406));
#200 = CARTESIAN_POINT('',(18.03437810783,23.974726514664,
    -1.932666192088));
#201 = CARTESIAN_POINT('',(18.142270914923,23.893364917873,
    -2.037596929623));
#202 = CARTESIAN_POINT('',(18.256163430528,23.806467775164,
    -2.13468974544));
#203 = CARTESIAN_POINT('',(18.37516848456,23.714503217919,
    -2.223519949338));
#204 = CARTESIAN_POINT('',(18.639293811278,23.507632382279,
    -2.395680710454));
#205 = CARTESIAN_POINT('',(18.78562523278,23.391392877491,
    -2.476316637268));
#206 = CARTESIAN_POINT('',(18.936103507328,23.270008392944,
    -2.545447125829));
#207 = CARTESIAN_POINT('',(19.089489603617,23.144249372779,
    -2.602980562092));
#208 = CARTESIAN_POINT('',(19.244556655777,23.014965248544,
    -2.649001678241));
#209 = CARTESIAN_POINT('',(19.691268786682,22.636246198735,
    -2.74885366973));
#210 = CARTESIAN_POINT('',(19.983552751097,22.380809152074,
    -2.774388210086));
#211 = CARTESIAN_POINT('',(20.271943319228,22.12055034986,
    -2.763013164428));
#212 = CARTESIAN_POINT('',(20.552516402466,21.859128303729,
    -2.717121856178));
#213 = CARTESIAN_POINT('',(20.821913432112,21.600378924181,
    -2.638899030197));
#214 = CARTESIAN_POINT('',(21.229617521024,21.197862198015,
    -2.465373823365));
#215 = CARTESIAN_POINT('',(21.377356120973,21.049416374235,
    -2.389439304472));
#216 = CARTESIAN_POINT('',(21.519682276325,20.903958239719,
    -2.302824065847));
#217 = CARTESIAN_POINT('',(21.656054341672,20.762310054613,
    -2.205694189688));
#218 = CARTESIAN_POINT('',(21.7858250688,20.625467464312,-2.098143146089
    ));
#219 = CARTESIAN_POINT('',(22.012944002884,20.382684067814,-1.8792871085
    ));
#220 = CARTESIAN_POINT('',(22.112346812595,20.275049029716,
    -1.770675987259));
#221 = CARTESIAN_POINT('',(22.205796922073,20.172629121435,
    -1.654491099433));
#222 = CARTESIAN_POINT('',(22.292635440339,20.076406900724,
    -1.530844584127));
#223 = CARTESIAN_POINT('',(22.372124847712,19.987485500483,
    -1.399883460359));
#224 = CARTESIAN_POINT('',(22.53896135779,19.799392598244,
    -1.076811964962));
#225 = CARTESIAN_POINT('',(22.620465874115,19.706254953494,
    -0.877756035958));
#226 = CARTESIAN_POINT('',(22.684253123713,19.632496310146,
    -0.667287608276));
#227 = CARTESIAN_POINT('',(22.727912838866,19.581703328225,
    -0.44856220113));
#228 = CARTESIAN_POINT('',(22.75,19.556009306604,-0.224982034268));
#229 = CARTESIAN_POINT('',(22.75,19.556009306604,-1.33226762955E-15));
#230 = PCURVE('',#33,#231);
#231 = DEFINITIONAL_REPRESENTATION('',(#232),#320);
#232 = B_SPLINE_CURVE_WITH_KNOTS('',6,(#233,#234,#235,#236,#237,#238,
    #239,#240,#241,#242,#243,#244,#245,#246,#247,#248,#249,#250,#251,
    #252,#253,#254,#255,#256,#257,#258,#259,#260,#261,#262,#263,#264,
    #265,#266,#267,#268,#269,#270,#271,#272,#273,#274,#275,#276,#277,
    #278,#279,#280,#281,#282,#283,#284,#285,#286,#287,#288,#289,#290,
    #291,#292,#293,#294,#295,#296,#297,#298,#299,#300,#301,#302,#303,
    #304,#305,#306,#307,#308,#309,#310,#311,#312,#313,#314,#315,#316,
    #317,#318,#319),.UNSPECIFIED.,.T.,.F.,(7,5,5,5,5,5,5,5,5,5,5,5,5,5,5
    ,5,5,7),(0.,7.249473502236E-02,0.12596398389,0.189264185892,
    0.258732974149,0.330098589551,0.365191474993,0.400642007545,
    0.447043959691,0.499828971147,0.551212892786,0.59889102788,
    0.64818855235,0.70459946535,0.81019132594,0.873395788519,
    0.927505493494,1.),.UNSPECIFIED.);
#233 = CARTESIAN_POINT('',(0.71004378713,100.));
#234 = CARTESIAN_POINT('',(0.71004378713,100.22530466737));
#235 = CARTESIAN_POINT('',(0.711176443607,100.44919831726));
#236 = CARTESIAN_POINT('',(0.713415340521,100.66821644071));
#237 = CARTESIAN_POINT('',(0.716674658911,100.87894561311));
#238 = CARTESIAN_POINT('',(0.720810834265,101.07822058197));
#239 = CARTESIAN_POINT('',(0.729169734849,101.39995410112));
#240 = CARTESIAN_POINT('',(0.733103198135,101.52955361391));
#241 = CARTESIAN_POINT('',(0.73737437732,101.65199135608));
#242 = CARTESIAN_POINT('',(0.741940935594,101.76712394545));
#243 = CARTESIAN_POINT('',(0.746765171461,101.87484171004));
#244 = CARTESIAN_POINT('',(0.757789877877,102.0936916932));
#245 = CARTESIAN_POINT('',(0.764085330365,102.20191011805));
#246 = CARTESIAN_POINT('',(0.770651092647,102.29964788971));
#247 = CARTESIAN_POINT('',(0.777448278506,102.38681200828));
#248 = CARTESIAN_POINT('',(0.784444929045,102.46323684607));
#249 = CARTESIAN_POINT('',(0.799479865937,102.60042306569));
#250 = CARTESIAN_POINT('',(0.807556150151,102.65895904263));
#251 = CARTESIAN_POINT('',(0.815796500613,102.70378248897));
#252 = CARTESIAN_POINT('',(0.824158096419,102.73434396573));
#253 = CARTESIAN_POINT('',(0.832597714882,102.75));
#254 = CARTESIAN_POINT('',(0.84977092349,102.75));
#255 = CARTESIAN_POINT('',(0.858514711474,102.73347709424));
#256 = CARTESIAN_POINT('',(0.867220006548,102.69955798414));
#257 = CARTESIAN_POINT('',(0.875805442661,102.64760872996));
#258 = CARTESIAN_POINT('',(0.884187912818,102.57723236612));
#259 = CARTESIAN_POINT('',(0.896262544933,102.4445307525));
#260 = CARTESIAN_POINT('',(0.90017037928,102.3963244101));
#261 = CARTESIAN_POINT('',(0.903992760299,102.34368254111));
#262 = CARTESIAN_POINT('',(0.907717156523,102.28666694897));
#263 = CARTESIAN_POINT('',(0.911331559251,102.22537407836));
#264 = CARTESIAN_POINT('',(0.918353079237,102.09382905707));
#265 = CARTESIAN_POINT('',(0.921757332098,102.02349897883));
#266 = CARTESIAN_POINT('',(0.925024818027,101.94909550537));
#267 = CARTESIAN_POINT('',(0.928144017895,101.87080730359));
#268 = CARTESIAN_POINT('',(0.931104418829,101.7888607919));
#269 = CARTESIAN_POINT('',(0.937551296403,101.59181548877));
#270 = CARTESIAN_POINT('',(0.940917034943,101.474317681));
#271 = CARTESIAN_POINT('',(0.943974319335,101.35158152386));
#272 = CARTESIAN_POINT('',(0.946706728784,101.2242343145));
#273 = CARTESIAN_POINT('',(0.94910111381,101.09297367513));
#274 = CARTESIAN_POINT('',(0.953476056715,100.80566830924));
#275 = CARTESIAN_POINT('',(0.955354627994,100.64868351618));
#276 = CARTESIAN_POINT('',(0.95677157458,100.4885844835));
#277 = CARTESIAN_POINT('',(0.957718766173,100.3263985807));
#278 = CARTESIAN_POINT('',(0.958192178746,100.16318291966));
#279 = CARTESIAN_POINT('',(0.958192178746,99.84114849792));
#280 = CARTESIAN_POINT('',(0.957743564368,99.682268355059));
#281 = CARTESIAN_POINT('',(0.956846023163,99.524338036142));
#282 = CARTESIAN_POINT('',(0.955503154405,99.368331378104));
#283 = CARTESIAN_POINT('',(0.953722227966,99.215196347807));
#284 = CARTESIAN_POINT('',(0.949464919003,98.927243215074));
#285 = CARTESIAN_POINT('',(0.94704767375,98.791883079819));
#286 = CARTESIAN_POINT('',(0.944272335465,98.660587633597));
#287 = CARTESIAN_POINT('',(0.941152917229,98.534116105283));
#288 = CARTESIAN_POINT('',(0.937707069921,98.413150401159));
#289 = CARTESIAN_POINT('',(0.93007718916,98.179534042594));
#290 = CARTESIAN_POINT('',(0.925872987752,98.067333807912));
#291 = CARTESIAN_POINT('',(0.921368690883,97.962403070377));
#292 = CARTESIAN_POINT('',(0.916593576693,97.86531025456));
#293 = CARTESIAN_POINT('',(0.911580403625,97.776480050662));
#294 = CARTESIAN_POINT('',(0.900397195436,97.604319289546));
#295 = CARTESIAN_POINT('',(0.894167973938,97.523683362732));
#296 = CARTESIAN_POINT('',(0.887723804529,97.454552874171));
#297 = CARTESIAN_POINT('',(0.881112471996,97.397019437908));
#298 = CARTESIAN_POINT('',(0.874382985597,97.350998321759));
#299 = CARTESIAN_POINT('',(0.854861491842,97.25114633027));
#300 = CARTESIAN_POINT('',(0.841923861574,97.225611789914));
#301 = CARTESIAN_POINT('',(0.828977584013,97.236986835572));
#302 = CARTESIAN_POINT('',(0.816196942101,97.282878143822));
#303 = CARTESIAN_POINT('',(0.80374705959,97.361100969803));
#304 = CARTESIAN_POINT('',(0.784649580438,97.534626176635));
#305 = CARTESIAN_POINT('',(0.777668696563,97.610560695528));
#306 = CARTESIAN_POINT('',(0.770885508931,97.697175934153));
#307 = CARTESIAN_POINT('',(0.764331621256,97.794305810312));
#308 = CARTESIAN_POINT('',(0.758045420107,97.901856853911));
#309 = CARTESIAN_POINT('',(0.746963563673,98.1207128915));
#310 = CARTESIAN_POINT('',(0.742079880271,98.229324012741));
#311 = CARTESIAN_POINT('',(0.737458455858,98.345508900567));
#312 = CARTESIAN_POINT('',(0.733138087366,98.469155415873));
#313 = CARTESIAN_POINT('',(0.729162414952,98.600116539641));
#314 = CARTESIAN_POINT('',(0.720781659154,98.923188035038));
#315 = CARTESIAN_POINT('',(0.716656277046,99.122243964042));
#316 = CARTESIAN_POINT('',(0.713405824846,99.332712391724));
#317 = CARTESIAN_POINT('',(0.711173202242,99.55143779887));
#318 = CARTESIAN_POINT('',(0.71004378713,99.775017965732));
#319 = CARTESIAN_POINT('',(0.71004378713,100.));
<<<<<<< Updated upstream
#320 = ( GEOMETRIC_REPRESENTATION_CONTEXT(2)
=======
#320 = ( GEOMETRIC_REPRESENTATION_CONTEXT(2)
>>>>>>> Stashed changes
PARAMETRIC_REPRESENTATION_CONTEXT() REPRESENTATION_CONTEXT('2D SPACE',''
  ) );
#321 = PCURVE('',#322,#327);
#322 = CYLINDRICAL_SURFACE('',#323,2.75);
#323 = AXIS2_PLACEMENT_3D('',#324,#325,#326);
#324 = CARTESIAN_POINT('',(20.,27.,-3.330669073875E-15));
#325 = DIRECTION('',(0.,-1.,2.22044604925E-16));
#326 = DIRECTION('',(1.,0.,0.));
#327 = DEFINITIONAL_REPRESENTATION('',(#328),#416);
#328 = B_SPLINE_CURVE_WITH_KNOTS('',6,(#329,#330,#331,#332,#333,#334,
    #335,#336,#337,#338,#339,#340,#341,#342,#343,#344,#345,#346,#347,
    #348,#349,#350,#351,#352,#353,#354,#355,#356,#357,#358,#359,#360,
    #361,#362,#363,#364,#365,#366,#367,#368,#369,#370,#371,#372,#373,
    #374,#375,#376,#377,#378,#379,#380,#381,#382,#383,#384,#385,#386,
    #387,#388,#389,#390,#391,#392,#393,#394,#395,#396,#397,#398,#399,
    #400,#401,#402,#403,#404,#405,#406,#407,#408,#409,#410,#411,#412,
    #413,#414,#415),.UNSPECIFIED.,.F.,.F.,(7,5,5,5,5,5,5,5,5,5,5,5,5,5,5
    ,5,5,7),(0.,7.249473502236E-02,0.12596398389,0.189264185892,
    0.258732974149,0.330098589551,0.365191474993,0.400642007545,
    0.447043959691,0.499828971147,0.551212892786,0.59889102788,
    0.64818855235,0.70459946535,0.81019132594,0.873395788519,
    0.927505493494,1.),.UNSPECIFIED.);
#329 = CARTESIAN_POINT('',(0.,7.443990693396));
#330 = CARTESIAN_POINT('',(8.192896995503E-02,7.443990693396));
#331 = CARTESIAN_POINT('',(0.163344641667,7.418222932326));
#332 = CARTESIAN_POINT('',(0.243978469462,7.367287202402));
#333 = CARTESIAN_POINT('',(0.323512251353,7.293327947068));
#334 = CARTESIAN_POINT('',(0.401528040573,7.199948702094));
#335 = CARTESIAN_POINT('',(0.533244969889,7.012353128946));
#336 = CARTESIAN_POINT('',(0.588243079945,6.924376543276));
#337 = CARTESIAN_POINT('',(0.642444729431,6.829246366197));
#338 = CARTESIAN_POINT('',(0.695949039645,6.728032665396));
#339 = CARTESIAN_POINT('',(0.74884421159,6.621690098313));
#340 = CARTESIAN_POINT('',(0.863212976031,6.38009967833));
#341 = CARTESIAN_POINT('',(0.924527797065,6.243022173769));
#342 = CARTESIAN_POINT('',(0.985358018985,6.101083641909));
#343 = CARTESIAN_POINT('',(1.045891799202,5.955292491741));
#344 = CARTESIAN_POINT('',(1.106315532242,5.806480273339));
#345 = CARTESIAN_POINT('',(1.233227552694,5.489529440955));
#346 = CARTESIAN_POINT('',(1.299757591254,5.320858957782));
#347 = CARTESIAN_POINT('',(1.366595508684,5.150490998986));
#348 = CARTESIAN_POINT('',(1.433919863864,4.97945735168));
#349 = CARTESIAN_POINT('',(1.501917662255,4.808739338724));
#350 = CARTESIAN_POINT('',(1.641555705305,4.465275166569));
#351 = CARTESIAN_POINT('',(1.713313733891,4.292431450113));
#352 = CARTESIAN_POINT('',(1.786059518684,4.122449623935));
#353 = CARTESIAN_POINT('',(1.859820452767,3.956893849735));
#354 = CARTESIAN_POINT('',(1.934644834438,3.79722319673));
#355 = CARTESIAN_POINT('',(2.047978510318,3.56986865727));
#356 = CARTESIAN_POINT('',(2.085589817455,3.496731621436));
#357 = CARTESIAN_POINT('',(2.12343392878,3.425619483425));
#358 = CARTESIAN_POINT('',(2.161494082261,3.356730749953));
#359 = CARTESIAN_POINT('',(2.199754796675,3.290246750608));
#360 = CARTESIAN_POINT('',(2.277038268789,3.161767754856));
#361 = CARTESIAN_POINT('',(2.316060694015,3.09983230919));
#362 = CARTESIAN_POINT('',(2.355243919048,3.040709144029));
#363 = CARTESIAN_POINT('',(2.394565898791,2.984557390398));
#364 = CARTESIAN_POINT('',(2.434004540851,2.931514720585));
#365 = CARTESIAN_POINT('',(2.525278924214,2.816494841292));
#366 = CARTESIAN_POINT('',(2.577170417317,2.756832739839));
#367 = CARTESIAN_POINT('',(2.629175477965,2.702947136886));
#368 = CARTESIAN_POINT('',(2.681263766061,2.655018527267));
#369 = CARTESIAN_POINT('',(2.733402296798,2.613179591946));
#370 = CARTESIAN_POINT('',(2.84486775332,2.536957272874));
#371 = CARTESIAN_POINT('',(2.904202631786,2.504386945998));
#372 = CARTESIAN_POINT('',(2.963549403536,2.479902851924));
#373 = CARTESIAN_POINT('',(3.022902300615,2.463564277683));
#374 = CARTESIAN_POINT('',(3.082253410075,2.45539774207));
#375 = CARTESIAN_POINT('',(3.199356836164,2.45539774207));
#376 = CARTESIAN_POINT('',(3.257131400428,2.463136483536));
#377 = CARTESIAN_POINT('',(3.314907632932,2.478618661083));
#378 = CARTESIAN_POINT('',(3.372678675594,2.501820625559));
#379 = CARTESIAN_POINT('',(3.430439546838,2.532689746915));
#380 = CARTESIAN_POINT('',(3.541770045135,2.606824518962));
#381 = CARTESIAN_POINT('',(3.595348336044,2.649040442051));
#382 = CARTESIAN_POINT('',(3.648875958515,2.697697478772));
#383 = CARTESIAN_POINT('',(3.702317770872,2.752655367225));
#384 = CARTESIAN_POINT('',(3.755641583763,2.813721062048));
#385 = CARTESIAN_POINT('',(3.863784643689,2.949836205243));
#386 = CARTESIAN_POINT('',(3.918580027822,3.025273485336));
#387 = CARTESIAN_POINT('',(3.973130983536,3.106635082127));
#388 = CARTESIAN_POINT('',(4.027381028674,3.193532224836));
#389 = CARTESIAN_POINT('',(4.081272937114,3.285496782081));
#390 = CARTESIAN_POINT('',(4.195920231457,3.492367617721));
#391 = CARTESIAN_POINT('',(4.256509622104,3.608607122509));
#392 = CARTESIAN_POINT('',(4.316489732443,3.729991607056));
#393 = CARTESIAN_POINT('',(4.375837626045,3.855750627221));
#394 = CARTESIAN_POINT('',(4.434518218355,3.985034751456));
#395 = CARTESIAN_POINT('',(4.600967634135,4.363753801265));
#396 = CARTESIAN_POINT('',(4.706719061949,4.619190847926));
#397 = CARTESIAN_POINT('',(4.810456172827,4.87944965014));
#398 = CARTESIAN_POINT('',(4.912709445047,5.140871696271));
#399 = CARTESIAN_POINT('',(5.013987500479,5.399621075819));
#400 = CARTESIAN_POINT('',(5.175113136597,5.802137801985));
#401 = CARTESIAN_POINT('',(5.235358822054,5.950583625765));
#402 = CARTESIAN_POINT('',(5.295709983295,6.096041760281));
#403 = CARTESIAN_POINT('',(5.356351266284,6.237689945387));
#404 = CARTESIAN_POINT('',(5.417469215378,6.374532535688));
#405 = CARTESIAN_POINT('',(5.532162323911,6.617315932186));
#406 = CARTESIAN_POINT('',(5.585595684111,6.724950970284));
#407 = CARTESIAN_POINT('',(5.639648446365,6.827370878565));
#408 = CARTESIAN_POINT('',(5.69441174401,6.923593099276));
#409 = CARTESIAN_POINT('',(5.749988033928,7.012514499517));
#410 = CARTESIAN_POINT('',(5.882208542075,7.200607401756));
#411 = CARTESIAN_POINT('',(5.960122024342,7.293745046506));
#412 = CARTESIAN_POINT('',(6.039548846959,7.367503689854));
#413 = CARTESIAN_POINT('',(6.120071978965,7.418296671775));
#414 = CARTESIAN_POINT('',(6.201373658355,7.443990693396));
#415 = CARTESIAN_POINT('',(6.28318530718,7.443990693396));
<<<<<<< Updated upstream
#416 = ( GEOMETRIC_REPRESENTATION_CONTEXT(2)
=======
#416 = ( GEOMETRIC_REPRESENTATION_CONTEXT(2)
>>>>>>> Stashed changes
PARAMETRIC_REPRESENTATION_CONTEXT() REPRESENTATION_CONTEXT('2D SPACE',''
  ) );
#417 = FACE_BOUND('',#418,.T.);
#418 = EDGE_LOOP('',(#419));
#419 = ORIENTED_EDGE('',*,*,#420,.F.);
#420 = EDGE_CURVE('',#421,#421,#423,.T.);
#421 = VERTEX_POINT('',#422);
#422 = CARTESIAN_POINT('',(22.1,-20.28768099118,1.32588319579E-15));
#423 = SURFACE_CURVE('',#424,(#522,#623),.PCURVE_S1.);
#424 = B_SPLINE_CURVE_WITH_KNOTS('',6,(#425,#426,#427,#428,#429,#430,
    #431,#432,#433,#434,#435,#436,#437,#438,#439,#440,#441,#442,#443,
    #444,#445,#446,#447,#448,#449,#450,#451,#452,#453,#454,#455,#456,
    #457,#458,#459,#460,#461,#462,#463,#464,#465,#466,#467,#468,#469,
    #470,#471,#472,#473,#474,#475,#476,#477,#478,#479,#480,#481,#482,
    #483,#484,#485,#486,#487,#488,#489,#490,#491,#492,#493,#494,#495,
    #496,#497,#498,#499,#500,#501,#502,#503,#504,#505,#506,#507,#508,
    #509,#510,#511,#512,#513,#514,#515,#516,#517,#518,#519,#520,#521),
  .UNSPECIFIED.,.T.,.F.,(7,5,5,5,5,5,5,5,5,5,5,5,5,5,5,5,5,5,5,7),(0.,
    7.787673863494E-02,0.135100683448,0.197552993849,0.269674678672,
    0.343364063369,0.385938135279,0.432335723995,0.4642764243,
    0.500171467334,0.536291519494,0.568121890762,0.631894753944,
    0.656483746918,0.694202002161,0.754365406208,0.805212542608,
    0.864399628696,0.922284707672,1.),.UNSPECIFIED.);
#425 = CARTESIAN_POINT('',(22.1,-20.28768099118,4.440892098501E-16));
#426 = CARTESIAN_POINT('',(22.1,-20.28768099118,0.183666205114));
#427 = CARTESIAN_POINT('',(22.080724039089,-20.30867853637,
    0.366354038669));
#428 = CARTESIAN_POINT('',(22.04255587644,-20.35025800198,0.544961131843
    ));
#429 = CARTESIAN_POINT('',(21.986724827232,-20.41077183018,
    0.716450771207));
#430 = CARTESIAN_POINT('',(21.915306845306,-20.4874177352,0.878061278835
    ));
#431 = CARTESIAN_POINT('',(21.769774962839,-20.64182586988,
    1.137438462713));
#432 = CARTESIAN_POINT('',(21.701133687243,-20.71418290592,
    1.241244105023));
#433 = CARTESIAN_POINT('',(21.626204564224,-20.79254539171,
    1.338745215406));
#434 = CARTESIAN_POINT('',(21.545642924663,-20.87603252412,
    1.429735980066));
#435 = CARTESIAN_POINT('',(21.460057779385,-20.96383498884,
    1.514049112786));
#436 = CARTESIAN_POINT('',(21.271758603789,-21.15494949003,
    1.676138509583));
#437 = CARTESIAN_POINT('',(21.168122425945,-21.25901801,1.752674761021)
  );
#438 = CARTESIAN_POINT('',(21.059740859147,-21.36658029702,
    1.821053247144));
#439 = CARTESIAN_POINT('',(20.947158984202,-21.47691667334,
    1.881152560825));
#440 = CARTESIAN_POINT('',(20.830870556332,-21.5893984679,1.932819434471
    ));
#441 = CARTESIAN_POINT('',(20.573323507589,-21.83517255139,
    2.025542077483));
#442 = CARTESIAN_POINT('',(20.430920265116,-21.9690535931,2.06374019352)
  );
#443 = CARTESIAN_POINT('',(20.284999710186,-22.10409442709,
    2.090059622561));
#444 = CARTESIAN_POINT('',(20.136436586115,-22.23935963188,
    2.104093046466));
#445 = CARTESIAN_POINT('',(19.986167175115,-22.37394902144,
    2.105404949885));
#446 = CARTESIAN_POINT('',(19.68102384891,-22.64286978427,2.081389649287
    ));
#447 = CARTESIAN_POINT('',(19.526003832783,-22.7772351494,2.055473387568
    ));
#448 = CARTESIAN_POINT('',(19.371772764004,-22.90866944574,
    2.015276828792));
#449 = CARTESIAN_POINT('',(19.220014563433,-23.03585926443,
    1.960537626438));
#450 = CARTESIAN_POINT('',(19.072491003204,-23.15757645742,
    1.891228098639));
#451 = CARTESIAN_POINT('',(18.849274068721,-23.33915099722,
    1.759217971582));
#452 = CARTESIAN_POINT('',(18.769605623605,-23.4033843963,1.706115206334
    ));
#453 = CARTESIAN_POINT('',(18.692424462609,-23.46508374326,
    1.648345069397));
#454 = CARTESIAN_POINT('',(18.618133769403,-23.52399800918,
    1.586052566312));
#455 = CARTESIAN_POINT('',(18.547118498268,-23.5799005737,1.519432210535
    ));
#456 = CARTESIAN_POINT('',(18.406311864568,-23.69000574547,
    1.371673180605));
#457 = CARTESIAN_POINT('',(18.337214999136,-23.74359551953,
    1.289780192501));
#458 = CARTESIAN_POINT('',(18.272929231411,-23.79308455974,
    1.203382890255));
#459 = CARTESIAN_POINT('',(18.213885120288,-23.83824496379,
    1.112878413162));
#460 = CARTESIAN_POINT('',(18.160456620381,-23.87888955569,
    1.018725152705));
#461 = CARTESIAN_POINT('',(18.080250917673,-23.9396367903,0.854469475532
    ));
#462 = CARTESIAN_POINT('',(18.050355130601,-23.96219500564,
    0.786011363075));
#463 = CARTESIAN_POINT('',(18.023362302674,-23.98249807538,
    0.716226222477));
#464 = CARTESIAN_POINT('',(17.999354162333,-24.00050864422,
    0.645281294561));
#465 = CARTESIAN_POINT('',(17.978397517079,-24.01619702458,
    0.573351586875));
#466 = CARTESIAN_POINT('',(17.940480708852,-24.04453741221,
    0.418883783074));
#467 = CARTESIAN_POINT('',(17.924335624661,-24.05657347904,
    0.336131793826));
#468 = CARTESIAN_POINT('',(17.912179508874,-24.06561981568,
    0.252612435547));
#469 = CARTESIAN_POINT('',(17.90405972048,-24.07165699067,0.16857873837)
  );
#470 = CARTESIAN_POINT('',(17.9,-24.07467549106,8.428774121003E-02));
#471 = CARTESIAN_POINT('',(17.9,-24.07467549106,-8.481610137685E-02));
#472 = CARTESIAN_POINT('',(17.904110778225,-24.07161902756,
    -0.169635541713));
#473 = CARTESIAN_POINT('',(17.912332691767,-24.06550592236,
    -0.254192787229));
#474 = CARTESIAN_POINT('',(17.924641393828,-24.05634593107,
    -0.338225932182));
#475 = CARTESIAN_POINT('',(17.94098832133,-24.04415898314,
    -0.421477207557));
#476 = CARTESIAN_POINT('',(17.979201652613,-24.01559508725,
    -0.576145621746));
#477 = CARTESIAN_POINT('',(18.000182683628,-23.99988731436,
    -0.64779630436));
#478 = CARTESIAN_POINT('',(18.024192592859,-23.98187405525,
    -0.718464722767));
#479 = CARTESIAN_POINT('',(18.05116498373,-23.96158483275,
    -0.787977749853));
#480 = CARTESIAN_POINT('',(18.081018745799,-23.93905674061,
    -0.856169946215));
#481 = CARTESIAN_POINT('',(18.179051642758,-23.86480276638,
    -1.056545782917));
#482 = CARTESIAN_POINT('',(18.25563329942,-23.80645901464,
    -1.184285486595));
#483 = CARTESIAN_POINT('',(18.342604066857,-23.73968911108,
    -1.30476253664));
#484 = CARTESIAN_POINT('',(18.438917644852,-23.6650245045,-1.41683197746
    ));
#485 = CARTESIAN_POINT('',(18.543344224235,-23.58314105731,
    -1.519580911059));
#486 = CARTESIAN_POINT('',(18.6974060427,-23.46081848408,-1.64814041279)
  );
#487 = CARTESIAN_POINT('',(18.741284531138,-23.42582667807,
    -1.682434947686));
#488 = CARTESIAN_POINT('',(18.786094179873,-23.38992790266,
    -1.715213786105));
#489 = CARTESIAN_POINT('',(18.831758936108,-23.35316920282,
    -1.746447825948));
#490 = CARTESIAN_POINT('',(18.878202299944,-23.31559928084,
    -1.776114057261));
#491 = CARTESIAN_POINT('',(18.997665376073,-23.21847103709,
    -1.847271151917));
#492 = CARTESIAN_POINT('',(19.07162294147,-23.15789276109,
    -1.886610665794));
#493 = CARTESIAN_POINT('',(19.146962827933,-23.09569955628,
    -1.922166664118));
#494 = CARTESIAN_POINT('',(19.223427983772,-23.03206522151,
    -1.953913880701));
#495 = CARTESIAN_POINT('',(19.300762680954,-22.96717194539,
    -1.981849237147));
#496 = CARTESIAN_POINT('',(19.503051329374,-22.79599786036,
    -2.044501119759));
#497 = CARTESIAN_POINT('',(19.628908729429,-22.68810891877,
    -2.073345931052));
#498 = CARTESIAN_POINT('',(19.755464608859,-22.57814590761,
    -2.092682011851));
#499 = CARTESIAN_POINT('',(19.881948493209,-22.46672416121,
    -2.102709258683));
#500 = CARTESIAN_POINT('',(20.007638662495,-22.35447310934,
    -2.10367147954));
#501 = CARTESIAN_POINT('',(20.236845904558,-22.14701152962,
    -2.089250982174));
#502 = CARTESIAN_POINT('',(20.340815099377,-22.05182442348,
    -2.076374265758));
#503 = CARTESIAN_POINT('',(20.443455418796,-21.95677670349,
    -2.057384870432));
#504 = CARTESIAN_POINT('',(20.544465837995,-21.86218120243,
    -2.032428591465));
#505 = CARTESIAN_POINT('',(20.643554383834,-21.76836332859,
    -2.001638406543));
#506 = CARTESIAN_POINT('',(20.853208045304,-21.56775545928,
    -1.922643768259));
#507 = CARTESIAN_POINT('',(20.962999233808,-21.46135267555,
    -1.872407522067));
#508 = CARTESIAN_POINT('',(21.06940343183,-21.35694556333,
    -1.814595236177));
#509 = CARTESIAN_POINT('',(21.171995967574,-21.25507643774,
    -1.749335792645));
#510 = CARTESIAN_POINT('',(21.270309387102,-21.15636253652,
    -1.676732782635));
#511 = CARTESIAN_POINT('',(21.455252298884,-20.96876520453,
    -1.518782952289));
#512 = CARTESIAN_POINT('',(21.54215440117,-20.87964947198,-1.43369816917
    ));
#513 = CARTESIAN_POINT('',(21.623923980388,-20.79493318516,
    -1.341760295354));
#514 = CARTESIAN_POINT('',(21.69993053532,-20.71545430083,
    -1.243141639206));
#515 = CARTESIAN_POINT('',(21.769494549397,-20.64212634119,
    -1.138054626506));
#516 = CARTESIAN_POINT('',(21.91563129319,-20.48706950578,
    -0.877325751578));
#517 = CARTESIAN_POINT('',(21.986927671038,-20.41055198915,
    -0.715827358616));
#518 = CARTESIAN_POINT('',(22.042660346735,-20.35014419108,
    -0.544473381689));
#519 = CARTESIAN_POINT('',(22.080759545834,-20.30863986004,
    -0.36601989091));
#520 = CARTESIAN_POINT('',(22.1,-20.28768099118,-0.183496962939));
#521 = CARTESIAN_POINT('',(22.1,-20.28768099118,4.440892098501E-16));
#522 = PCURVE('',#33,#523);
#523 = DEFINITIONAL_REPRESENTATION('',(#524),#622);
#524 = B_SPLINE_CURVE_WITH_KNOTS('',6,(#525,#526,#527,#528,#529,#530,
    #531,#532,#533,#534,#535,#536,#537,#538,#539,#540,#541,#542,#543,
    #544,#545,#546,#547,#548,#549,#550,#551,#552,#553,#554,#555,#556,
    #557,#558,#559,#560,#561,#562,#563,#564,#565,#566,#567,#568,#569,
    #570,#571,#572,#573,#574,#575,#576,#577,#578,#579,#580,#581,#582,
    #583,#584,#585,#586,#587,#588,#589,#590,#591,#592,#593,#594,#595,
    #596,#597,#598,#599,#600,#601,#602,#603,#604,#605,#606,#607,#608,
    #609,#610,#611,#612,#613,#614,#615,#616,#617,#618,#619,#620,#621),
  .UNSPECIFIED.,.T.,.F.,(7,5,5,5,5,5,5,5,5,5,5,5,5,5,5,5,5,5,5,7),(0.,
    7.787673863494E-02,0.135100683448,0.197552993849,0.269674678672,
    0.343364063369,0.385938135279,0.432335723995,0.4642764243,
    0.500171467334,0.536291519494,0.568121890762,0.631894753944,
    0.656483746918,0.694202002161,0.754365406208,0.805212542608,
    0.864399628696,0.922284707672,1.),.UNSPECIFIED.);
#525 = CARTESIAN_POINT('',(5.540516914195,100.));
#526 = CARTESIAN_POINT('',(5.540516914195,100.18366620511));
#527 = CARTESIAN_POINT('',(5.539566793021,100.36635403866));
#528 = CARTESIAN_POINT('',(5.537685397855,100.54496113184));
#529 = CARTESIAN_POINT('',(5.534940927966,100.7164507712));
#530 = CARTESIAN_POINT('',(5.531448912485,100.87806127883));
#531 = CARTESIAN_POINT('',(5.524376163462,101.13743846271));
#532 = CARTESIAN_POINT('',(5.521051664443,101.24124410502));
#533 = CARTESIAN_POINT('',(5.517437687047,101.3387452154));
#534 = CARTESIAN_POINT('',(5.513570472717,101.42973598006));
#535 = CARTESIAN_POINT('',(5.509483412927,101.51404911278));
#536 = CARTESIAN_POINT('',(5.500540300612,101.67613850958));
#537 = CARTESIAN_POINT('',(5.495644712831,101.75267476102));
#538 = CARTESIAN_POINT('',(5.490554968613,101.82105324714));
#539 = CARTESIAN_POINT('',(5.485300632875,101.88115256082));
#540 = CARTESIAN_POINT('',(5.479907843645,101.93281943447));
#541 = CARTESIAN_POINT('',(5.468041205891,102.02554207748));
#542 = CARTESIAN_POINT('',(5.461526205667,102.06374019352));
#543 = CARTESIAN_POINT('',(5.454899235579,102.09005962256));
#544 = CARTESIAN_POINT('',(5.448202333277,102.10409304646));
#545 = CARTESIAN_POINT('',(5.441478200005,102.10540494988));
#546 = CARTESIAN_POINT('',(5.427920470508,102.08138964928));
#547 = CARTESIAN_POINT('',(5.421082471816,102.05547338756));
#548 = CARTESIAN_POINT('',(5.414328223664,102.01527682879));
#549 = CARTESIAN_POINT('',(5.407728210077,101.96053762643));
#550 = CARTESIAN_POINT('',(5.401353214791,101.89122809863));
#551 = CARTESIAN_POINT('',(5.391761834787,101.75921797158));
#552 = CARTESIAN_POINT('',(5.388350612729,101.70611520633));
#553 = CARTESIAN_POINT('',(5.385056931824,101.64834506939));
#554 = CARTESIAN_POINT('',(5.381896444371,101.58605256631));
#555 = CARTESIAN_POINT('',(5.378883844732,101.51943221053));
#556 = CARTESIAN_POINT('',(5.372925689075,101.3716731806));
#557 = CARTESIAN_POINT('',(5.370010952804,101.2897801925));
#558 = CARTESIAN_POINT('',(5.367306694132,101.20338289025));
#559 = CARTESIAN_POINT('',(5.364828880036,101.11287841316));
#560 = CARTESIAN_POINT('',(5.362591180818,101.0187251527));
#561 = CARTESIAN_POINT('',(5.359237380112,100.85446947553));
#562 = CARTESIAN_POINT('',(5.357988991187,100.78601136307));
#563 = CARTESIAN_POINT('',(5.356863121971,100.71622622247));
#564 = CARTESIAN_POINT('',(5.355862694632,100.64528129456));
#565 = CARTESIAN_POINT('',(5.354990082739,100.57335158687));
#566 = CARTESIAN_POINT('',(5.35341215797,100.41888378307));
#567 = CARTESIAN_POINT('',(5.352740898738,100.33613179382));
#568 = CARTESIAN_POINT('',(5.352235805551,100.25261243554));
#569 = CARTESIAN_POINT('',(5.351898531331,100.16857873837));
#570 = CARTESIAN_POINT('',(5.35172990069,100.08428774121));
#571 = CARTESIAN_POINT('',(5.35172990069,99.915183898623));
#572 = CARTESIAN_POINT('',(5.35190065215,99.830364458287));
#573 = CARTESIAN_POINT('',(5.352242168352,99.745807212771));
#574 = CARTESIAN_POINT('',(5.352753603627,99.661774067818));
#575 = CARTESIAN_POINT('',(5.353433262955,99.578522792443));
#576 = CARTESIAN_POINT('',(5.355023565106,99.423854378254));
#577 = CARTESIAN_POINT('',(5.355897215103,99.35220369564));
#578 = CARTESIAN_POINT('',(5.356897743425,99.281535277233));
#579 = CARTESIAN_POINT('',(5.358022790773,99.212022250147));
#580 = CARTESIAN_POINT('',(5.359269456691,99.143830053785));
#581 = CARTESIAN_POINT('',(5.363368792894,98.943454217083));
#582 = CARTESIAN_POINT('',(5.366577925617,98.815714513405));
#583 = CARTESIAN_POINT('',(5.370232730954,98.69523746336));
#584 = CARTESIAN_POINT('',(5.374294823925,98.58316802254));
#585 = CARTESIAN_POINT('',(5.378718139048,98.480419088941));
#586 = CARTESIAN_POINT('',(5.385275395913,98.35185958721));
#587 = CARTESIAN_POINT('',(5.387146145516,98.317565052314));
#588 = CARTESIAN_POINT('',(5.389060013473,98.284786213895));
#589 = CARTESIAN_POINT('',(5.391014052892,98.253552174052));
#590 = CARTESIAN_POINT('',(5.393005273353,98.223885942739));
#591 = CARTESIAN_POINT('',(5.39813745096,98.152728848083));
#592 = CARTESIAN_POINT('',(5.401324112148,98.113389334206));
#593 = CARTESIAN_POINT('',(5.40458053793,98.077833335882));
#594 = CARTESIAN_POINT('',(5.407896493756,98.046086119299));
#595 = CARTESIAN_POINT('',(5.411261611935,98.018150762853));
#596 = CARTESIAN_POINT('',(5.420094710338,97.955498880241));
#597 = CARTESIAN_POINT('',(5.425620305652,97.926654068948));
#598 = CARTESIAN_POINT('',(5.431208620874,97.907317988149));
#599 = CARTESIAN_POINT('',(5.436827141404,97.897290741317));
#600 = CARTESIAN_POINT('',(5.442444283438,97.89632852046));
#601 = CARTESIAN_POINT('',(5.452749420607,97.910749017826));
#602 = CARTESIAN_POINT('',(5.457448065169,97.923625734242));
#603 = CARTESIAN_POINT('',(5.462110940441,97.942615129568));
#604 = CARTESIAN_POINT('',(5.46672378939,97.967571408535));
#605 = CARTESIAN_POINT('',(5.471272271046,97.998361593457));
#606 = CARTESIAN_POINT('',(5.480944578308,98.077356231741));
#607 = CARTESIAN_POINT('',(5.486040841227,98.127592477933));
#608 = CARTESIAN_POINT('',(5.491009795685,98.185404763823));
#609 = CARTESIAN_POINT('',(5.495828916355,98.250664207355));
#610 = CARTESIAN_POINT('',(5.500472844407,98.323267217365));
#611 = CARTESIAN_POINT('',(5.509253925054,98.481217047711));
#612 = CARTESIAN_POINT('',(5.513402970946,98.56630183083));
#613 = CARTESIAN_POINT('',(5.51732762489,98.658239704646));
#614 = CARTESIAN_POINT('',(5.520993316965,98.756858360794));
#615 = CARTESIAN_POINT('',(5.524362463883,98.861945373494));
#616 = CARTESIAN_POINT('',(5.531464777285,99.122674248422));
#617 = CARTESIAN_POINT('',(5.534950898689,99.284172641384));
#618 = CARTESIAN_POINT('',(5.537690547534,99.455526618311));
#619 = CARTESIAN_POINT('',(5.539568543119,99.63398010909));
#620 = CARTESIAN_POINT('',(5.540516914195,99.816503037061));
#621 = CARTESIAN_POINT('',(5.540516914195,100.));
<<<<<<< Updated upstream
#622 = ( GEOMETRIC_REPRESENTATION_CONTEXT(2)
=======
#622 = ( GEOMETRIC_REPRESENTATION_CONTEXT(2)
>>>>>>> Stashed changes
PARAMETRIC_REPRESENTATION_CONTEXT() REPRESENTATION_CONTEXT('2D SPACE',''
  ) );
#623 = PCURVE('',#624,#629);
#624 = CYLINDRICAL_SURFACE('',#625,2.1);
#625 = AXIS2_PLACEMENT_3D('',#626,#627,#628);
#626 = CARTESIAN_POINT('',(20.,3.,-3.330669073875E-15));
#627 = DIRECTION('',(0.,-1.,2.22044604925E-16));
#628 = DIRECTION('',(1.,0.,0.));
#629 = DEFINITIONAL_REPRESENTATION('',(#630),#728);
#630 = B_SPLINE_CURVE_WITH_KNOTS('',6,(#631,#632,#633,#634,#635,#636,
    #637,#638,#639,#640,#641,#642,#643,#644,#645,#646,#647,#648,#649,
    #650,#651,#652,#653,#654,#655,#656,#657,#658,#659,#660,#661,#662,
    #663,#664,#665,#666,#667,#668,#669,#670,#671,#672,#673,#674,#675,
    #676,#677,#678,#679,#680,#681,#682,#683,#684,#685,#686,#687,#688,
    #689,#690,#691,#692,#693,#694,#695,#696,#697,#698,#699,#700,#701,
    #702,#703,#704,#705,#706,#707,#708,#709,#710,#711,#712,#713,#714,
    #715,#716,#717,#718,#719,#720,#721,#722,#723,#724,#725,#726,#727),
  .UNSPECIFIED.,.F.,.F.,(7,5,5,5,5,5,5,5,5,5,5,5,5,5,5,5,5,5,5,7),(0.,
    7.787673863494E-02,0.135100683448,0.197552993849,0.269674678672,
    0.343364063369,0.385938135279,0.432335723995,0.4642764243,
    0.500171467334,0.536291519494,0.568121890762,0.631894753944,
    0.656483746918,0.694202002161,0.754365406208,0.805212542608,
    0.864399628696,0.922284707672,1.),.UNSPECIFIED.);
#631 = CARTESIAN_POINT('',(0.,23.287680991183));
#632 = CARTESIAN_POINT('',(8.746009767352E-02,23.287680991183));
#633 = CARTESIAN_POINT('',(0.174454062409,23.308678536375));
#634 = CARTESIAN_POINT('',(0.26071045016,23.350258001984));
#635 = CARTESIAN_POINT('',(0.345917512283,23.410771830186));
#636 = CARTESIAN_POINT('',(0.42967323291,23.487417735207));
#637 = CARTESIAN_POINT('',(0.571299719674,23.641825869881));
#638 = CARTESIAN_POINT('',(0.630403189983,23.714182905928));
#639 = CARTESIAN_POINT('',(0.688741429075,23.792545391714));
#640 = CARTESIAN_POINT('',(0.746409641745,23.876032524127));
#641 = CARTESIAN_POINT('',(0.803489733379,23.963834988844));
#642 = CARTESIAN_POINT('',(0.921801317165,24.154949490039));
#643 = CARTESIAN_POINT('',(0.982980263607,24.259018010004));
#644 = CARTESIAN_POINT('',(1.043760750795,24.36658029702));
#645 = CARTESIAN_POINT('',(1.104294538672,24.476916673348));
#646 = CARTESIAN_POINT('',(1.164730233709,24.589398467905));
#647 = CARTESIAN_POINT('',(1.295077729193,24.835172551396));
#648 = CARTESIAN_POINT('',(1.36504118947,24.969053593108));
#649 = CARTESIAN_POINT('',(1.435278654732,25.104094427091));
#650 = CARTESIAN_POINT('',(1.505954369025,25.239359631887));
#651 = CARTESIAN_POINT('',(1.577241864274,25.373949021441));
#652 = CARTESIAN_POINT('',(1.722997526148,25.642869784275));
#653 = CARTESIAN_POINT('',(1.797557296655,25.777235149404));
#654 = CARTESIAN_POINT('',(1.872995491578,25.908669445747));
#655 = CARTESIAN_POINT('',(1.949329655399,26.035859264438));
#656 = CARTESIAN_POINT('',(2.0265968613,26.157576457424));
#657 = CARTESIAN_POINT('',(2.150087727309,26.339150997228));
#658 = CARTESIAN_POINT('',(2.195614155865,26.403384396302));
#659 = CARTESIAN_POINT('',(2.241418906887,26.46508374326));
#660 = CARTESIAN_POINT('',(2.287479302644,26.523998009188));
#661 = CARTESIAN_POINT('',(2.333774537922,26.579900573702));
#662 = CARTESIAN_POINT('',(2.430967847673,26.690005745478));
#663 = CARTESIAN_POINT('',(2.481897840072,26.743595519533));
#664 = CARTESIAN_POINT('',(2.533034376021,26.793084559749));
#665 = CARTESIAN_POINT('',(2.584344998966,26.838244963797));
#666 = CARTESIAN_POINT('',(2.635796870694,26.87888955569));
#667 = CARTESIAN_POINT('',(2.72284063719,26.939636790304));
#668 = CARTESIAN_POINT('',(2.758380276687,26.962195005646));
#669 = CARTESIAN_POINT('',(2.793962142849,26.982498075386));
#670 = CARTESIAN_POINT('',(2.829578713708,27.000508644228));
#671 = CARTESIAN_POINT('',(2.86522219245,27.016197024588));
#672 = CARTESIAN_POINT('',(2.940961910786,27.044537412219));
#673 = CARTESIAN_POINT('',(2.981064310793,27.056573479042));
#674 = CARTESIAN_POINT('',(3.021184625928,27.065619815687));
#675 = CARTESIAN_POINT('',(3.061317064279,27.071656990676));
#676 = CARTESIAN_POINT('',(3.101455633966,27.074675491063));
#677 = CARTESIAN_POINT('',(3.181981273293,27.074675491063));
#678 = CARTESIAN_POINT('',(3.22237148257,27.07161902756));
#679 = CARTESIAN_POINT('',(3.262755432333,27.065505922369));
#680 = CARTESIAN_POINT('',(3.303127016253,27.056345931078));
#681 = CARTESIAN_POINT('',(3.343480334224,27.044158983145));
#682 = CARTESIAN_POINT('',(3.419346574428,27.015595087252));
#683 = CARTESIAN_POINT('',(3.454866111712,26.999887314363));
#684 = CARTESIAN_POINT('',(3.490358761152,26.981874055252));
#685 = CARTESIAN_POINT('',(3.525816787534,26.961584832755));
#686 = CARTESIAN_POINT('',(3.561232726952,26.939056740618));
#687 = CARTESIAN_POINT('',(3.667457283537,26.864802766383));
#688 = CARTESIAN_POINT('',(3.738123017881,26.806459014646));
#689 = CARTESIAN_POINT('',(3.808497483777,26.739689111084));
#690 = CARTESIAN_POINT('',(3.878492917357,26.665024504507));
#691 = CARTESIAN_POINT('',(3.948021178863,26.583141057311));
#692 = CARTESIAN_POINT('',(4.043571369155,26.460818484083));
#693 = CARTESIAN_POINT('',(4.070077051369,26.425826678075));
#694 = CARTESIAN_POINT('',(4.096494692405,26.389927902665));
#695 = CARTESIAN_POINT('',(4.122820262275,26.353169202821));
#696 = CARTESIAN_POINT('',(4.149050089813,26.315599280841));
#697 = CARTESIAN_POINT('',(4.215264129261,26.218471037098));
#698 = CARTESIAN_POINT('',(4.255107722379,26.157892761099));
#699 = CARTESIAN_POINT('',(4.294710759299,26.095699556282));
#700 = CARTESIAN_POINT('',(4.334070948825,26.032065221517));
#701 = CARTESIAN_POINT('',(4.373184011715,25.967171945392));
#702 = CARTESIAN_POINT('',(4.474026219875,25.795997860369));
#703 = CARTESIAN_POINT('',(4.535339215518,25.688108918775));
#704 = CARTESIAN_POINT('',(4.596058508487,25.578145907617));
#705 = CARTESIAN_POINT('',(4.656245348012,25.466724161215));
#706 = CARTESIAN_POINT('',(4.715950816419,25.35447310934));
#707 = CARTESIAN_POINT('',(4.825312923299,25.147011529629));
#708 = CARTESIAN_POINT('',(4.875109398466,25.051824423481));
#709 = CARTESIAN_POINT('',(4.924683272916,24.956776703495));
#710 = CARTESIAN_POINT('',(4.97410027447,24.862181202431));
#711 = CARTESIAN_POINT('',(5.023424629389,24.768363328592));
#712 = CARTESIAN_POINT('',(5.130111288491,24.567755459289));
#713 = CARTESIAN_POINT('',(5.187469796708,24.461352675551));
#714 = CARTESIAN_POINT('',(5.24493134365,24.356945563338));
#715 = CARTESIAN_POINT('',(5.302623379849,24.255076437741));
#716 = CARTESIAN_POINT('',(5.36067590022,24.156362536523));
#717 = CARTESIAN_POINT('',(5.476491091893,23.968765204534));
#718 = CARTESIAN_POINT('',(5.534271282333,23.879649471983));
#719 = CARTESIAN_POINT('',(5.592651066803,23.794933185162));
#720 = CARTESIAN_POINT('',(5.65171570844,23.715454300832));
#721 = CARTESIAN_POINT('',(5.711564357182,23.642126341192));
#722 = CARTESIAN_POINT('',(5.853893137326,23.487069505784));
#723 = CARTESIAN_POINT('',(5.937577549655,23.410551989158));
#724 = CARTESIAN_POINT('',(6.022710449408,23.350144191084));
#725 = CARTESIAN_POINT('',(6.108890361479,23.308639860042));
#726 = CARTESIAN_POINT('',(6.195805801018,23.287680991183));
#727 = CARTESIAN_POINT('',(6.28318530718,23.287680991183));
<<<<<<< Updated upstream
#728 = ( GEOMETRIC_REPRESENTATION_CONTEXT(2)
=======
#728 = ( GEOMETRIC_REPRESENTATION_CONTEXT(2)
>>>>>>> Stashed changes
PARAMETRIC_REPRESENTATION_CONTEXT() REPRESENTATION_CONTEXT('2D SPACE',''
  ) );
#729 = ADVANCED_FACE('',(#730),#45,.T.);
#730 = FACE_BOUND('',#731,.T.);
#731 = EDGE_LOOP('',(#732,#753,#754,#775));
#732 = ORIENTED_EDGE('',*,*,#733,.F.);
#733 = EDGE_CURVE('',#22,#734,#736,.T.);
#734 = VERTEX_POINT('',#735);
#735 = CARTESIAN_POINT('',(19.943670675179,1.5,100.));
#736 = SURFACE_CURVE('',#737,(#741,#747),.PCURVE_S1.);
#737 = LINE('',#738,#739);
#738 = CARTESIAN_POINT('',(8.75,1.5,100.));
#739 = VECTOR('',#740,1.);
#740 = DIRECTION('',(-1.,0.,0.));
#741 = PCURVE('',#45,#742);
#742 = DEFINITIONAL_REPRESENTATION('',(#743),#746);
#743 = B_SPLINE_CURVE_WITH_KNOTS('',1,(#744,#745),.UNSPECIFIED.,.F.,.F.,
  (2,2),(-21.25,-8.75),.PIECEWISE_BEZIER_KNOTS.);
#744 = CARTESIAN_POINT('',(30.,1.5));
#745 = CARTESIAN_POINT('',(17.5,1.5));
<<<<<<< Updated upstream
#746 = ( GEOMETRIC_REPRESENTATION_CONTEXT(2)
=======
#746 = ( GEOMETRIC_REPRESENTATION_CONTEXT(2)
>>>>>>> Stashed changes
PARAMETRIC_REPRESENTATION_CONTEXT() REPRESENTATION_CONTEXT('2D SPACE',''
  ) );
#747 = PCURVE('',#72,#748);
#748 = DEFINITIONAL_REPRESENTATION('',(#749),#752);
#749 = B_SPLINE_CURVE_WITH_KNOTS('',1,(#750,#751),.UNSPECIFIED.,.F.,.F.,
  (2,2),(-21.25,-8.75),.PIECEWISE_BEZIER_KNOTS.);
#750 = CARTESIAN_POINT('',(202.5,12.5));
#751 = CARTESIAN_POINT('',(202.5,0.));
<<<<<<< Updated upstream
#752 = ( GEOMETRIC_REPRESENTATION_CONTEXT(2)
=======
#752 = ( GEOMETRIC_REPRESENTATION_CONTEXT(2)
>>>>>>> Stashed changes
PARAMETRIC_REPRESENTATION_CONTEXT() REPRESENTATION_CONTEXT('2D SPACE',''
  ) );
#753 = ORIENTED_EDGE('',*,*,#21,.T.);
#754 = ORIENTED_EDGE('',*,*,#755,.T.);
#755 = EDGE_CURVE('',#24,#756,#758,.T.);
#756 = VERTEX_POINT('',#757);
#757 = CARTESIAN_POINT('',(19.943670675179,-1.5,100.));
#758 = SURFACE_CURVE('',#759,(#763,#769),.PCURVE_S1.);
#759 = LINE('',#760,#761);
#760 = CARTESIAN_POINT('',(8.75,-1.5,100.));
#761 = VECTOR('',#762,1.);
#762 = DIRECTION('',(-1.,0.,0.));
#763 = PCURVE('',#45,#764);
#764 = DEFINITIONAL_REPRESENTATION('',(#765),#768);
#765 = B_SPLINE_CURVE_WITH_KNOTS('',1,(#766,#767),.UNSPECIFIED.,.F.,.F.,
  (2,2),(-21.25,-8.75),.PIECEWISE_BEZIER_KNOTS.);
#766 = CARTESIAN_POINT('',(30.,-1.5));
#767 = CARTESIAN_POINT('',(17.5,-1.5));
<<<<<<< Updated upstream
#768 = ( GEOMETRIC_REPRESENTATION_CONTEXT(2)
=======
#768 = ( GEOMETRIC_REPRESENTATION_CONTEXT(2)
>>>>>>> Stashed changes
PARAMETRIC_REPRESENTATION_CONTEXT() REPRESENTATION_CONTEXT('2D SPACE',''
  ) );
#769 = PCURVE('',#125,#770);
#770 = DEFINITIONAL_REPRESENTATION('',(#771),#774);
#771 = B_SPLINE_CURVE_WITH_KNOTS('',1,(#772,#773),.UNSPECIFIED.,.F.,.F.,
  (2,2),(-21.25,-8.75),.PIECEWISE_BEZIER_KNOTS.);
#772 = CARTESIAN_POINT('',(202.5,12.5));
#773 = CARTESIAN_POINT('',(202.5,0.));
<<<<<<< Updated upstream
#774 = ( GEOMETRIC_REPRESENTATION_CONTEXT(2)
=======
#774 = ( GEOMETRIC_REPRESENTATION_CONTEXT(2)
>>>>>>> Stashed changes
PARAMETRIC_REPRESENTATION_CONTEXT() REPRESENTATION_CONTEXT('2D SPACE',''
  ) );
#775 = ORIENTED_EDGE('',*,*,#776,.F.);
#776 = EDGE_CURVE('',#734,#756,#777,.T.);
#777 = SURFACE_CURVE('',#778,(#783,#790),.PCURVE_S1.);
#778 = CIRCLE('',#779,20.);
#779 = AXIS2_PLACEMENT_3D('',#780,#781,#782);
#780 = CARTESIAN_POINT('',(0.,0.,100.));
#781 = DIRECTION('',(0.,0.,1.));
#782 = DIRECTION('',(1.,0.,-0.));
#783 = PCURVE('',#45,#784);
#784 = DEFINITIONAL_REPRESENTATION('',(#785),#789);
#785 = CIRCLE('',#786,20.);
#786 = AXIS2_PLACEMENT_2D('',#787,#788);
#787 = CARTESIAN_POINT('',(0.,0.));
#788 = DIRECTION('',(1.,0.));
<<<<<<< Updated upstream
#789 = ( GEOMETRIC_REPRESENTATION_CONTEXT(2)
=======
#789 = ( GEOMETRIC_REPRESENTATION_CONTEXT(2)
>>>>>>> Stashed changes
PARAMETRIC_REPRESENTATION_CONTEXT() REPRESENTATION_CONTEXT('2D SPACE',''
  ) );
#790 = PCURVE('',#791,#796);
#791 = CYLINDRICAL_SURFACE('',#792,20.);
#792 = AXIS2_PLACEMENT_3D('',#793,#794,#795);
#793 = CARTESIAN_POINT('',(0.,0.,-101.));
#794 = DIRECTION('',(0.,0.,1.));
#795 = DIRECTION('',(1.,0.,-0.));
#796 = DEFINITIONAL_REPRESENTATION('',(#797),#801);
#797 = LINE('',#798,#799);
#798 = CARTESIAN_POINT('',(0.,201.));
#799 = VECTOR('',#800,1.);
#800 = DIRECTION('',(1.,0.));
<<<<<<< Updated upstream
#801 = ( GEOMETRIC_REPRESENTATION_CONTEXT(2)
=======
#801 = ( GEOMETRIC_REPRESENTATION_CONTEXT(2)
>>>>>>> Stashed changes
PARAMETRIC_REPRESENTATION_CONTEXT() REPRESENTATION_CONTEXT('2D SPACE',''
  ) );
#802 = ADVANCED_FACE('',(#803),#72,.F.);
#803 = FACE_BOUND('',#804,.F.);
#804 = EDGE_LOOP('',(#805,#806,#827,#848,#876,#904,#923));
#805 = ORIENTED_EDGE('',*,*,#57,.F.);
#806 = ORIENTED_EDGE('',*,*,#807,.T.);
#807 = EDGE_CURVE('',#58,#808,#810,.T.);
#808 = VERTEX_POINT('',#809);
#809 = CARTESIAN_POINT('',(19.943670675179,1.5,-100.));
#810 = SURFACE_CURVE('',#811,(#815,#821),.PCURVE_S1.);
#811 = LINE('',#812,#813);
#812 = CARTESIAN_POINT('',(8.75,1.5,-100.));
#813 = VECTOR('',#814,1.);
#814 = DIRECTION('',(-1.,0.,0.));
#815 = PCURVE('',#72,#816);
#816 = DEFINITIONAL_REPRESENTATION('',(#817),#820);
#817 = B_SPLINE_CURVE_WITH_KNOTS('',1,(#818,#819),.UNSPECIFIED.,.F.,.F.,
  (2,2),(-21.25,-8.75),.PIECEWISE_BEZIER_KNOTS.);
#818 = CARTESIAN_POINT('',(2.5,12.5));
#819 = CARTESIAN_POINT('',(2.5,0.));
<<<<<<< Updated upstream
#820 = ( GEOMETRIC_REPRESENTATION_CONTEXT(2)
=======
#820 = ( GEOMETRIC_REPRESENTATION_CONTEXT(2)
>>>>>>> Stashed changes
PARAMETRIC_REPRESENTATION_CONTEXT() REPRESENTATION_CONTEXT('2D SPACE',''
  ) );
#821 = PCURVE('',#100,#822);
#822 = DEFINITIONAL_REPRESENTATION('',(#823),#826);
#823 = B_SPLINE_CURVE_WITH_KNOTS('',1,(#824,#825),.UNSPECIFIED.,.F.,.F.,
  (2,2),(-21.25,-8.75),.PIECEWISE_BEZIER_KNOTS.);
#824 = CARTESIAN_POINT('',(30.,1.5));
#825 = CARTESIAN_POINT('',(17.5,1.5));
<<<<<<< Updated upstream
#826 = ( GEOMETRIC_REPRESENTATION_CONTEXT(2)
=======
#826 = ( GEOMETRIC_REPRESENTATION_CONTEXT(2)
>>>>>>> Stashed changes
PARAMETRIC_REPRESENTATION_CONTEXT() REPRESENTATION_CONTEXT('2D SPACE',''
  ) );
#827 = ORIENTED_EDGE('',*,*,#828,.T.);
#828 = EDGE_CURVE('',#808,#829,#831,.T.);
#829 = VERTEX_POINT('',#830);
#830 = CARTESIAN_POINT('',(19.943670675179,1.5,-2.749423031686));
#831 = SURFACE_CURVE('',#832,(#836,#842),.PCURVE_S1.);
#832 = LINE('',#833,#834);
#833 = CARTESIAN_POINT('',(19.943670675179,1.5,-101.));
#834 = VECTOR('',#835,1.);
#835 = DIRECTION('',(0.,0.,1.));
#836 = PCURVE('',#72,#837);
#837 = DEFINITIONAL_REPRESENTATION('',(#838),#841);
#838 = B_SPLINE_CURVE_WITH_KNOTS('',1,(#839,#840),.UNSPECIFIED.,.F.,.F.,
  (2,2),(0.9999994,201.0000006),.PIECEWISE_BEZIER_KNOTS.);
#839 = CARTESIAN_POINT('',(2.4999994,2.443670675179));
#840 = CARTESIAN_POINT('',(202.5000006,2.443670675179));
<<<<<<< Updated upstream
#841 = ( GEOMETRIC_REPRESENTATION_CONTEXT(2)
=======
#841 = ( GEOMETRIC_REPRESENTATION_CONTEXT(2)
>>>>>>> Stashed changes
PARAMETRIC_REPRESENTATION_CONTEXT() REPRESENTATION_CONTEXT('2D SPACE',''
  ) );
#842 = PCURVE('',#791,#843);
#843 = DEFINITIONAL_REPRESENTATION('',(#844),#847);
#844 = B_SPLINE_CURVE_WITH_KNOTS('',1,(#845,#846),.UNSPECIFIED.,.F.,.F.,
  (2,2),(0.9999994,201.0000006),.PIECEWISE_BEZIER_KNOTS.);
#845 = CARTESIAN_POINT('',(7.507049107672E-02,0.9999994));
#846 = CARTESIAN_POINT('',(7.507049107672E-02,201.0000006));
<<<<<<< Updated upstream
#847 = ( GEOMETRIC_REPRESENTATION_CONTEXT(2)
=======
#847 = ( GEOMETRIC_REPRESENTATION_CONTEXT(2)
>>>>>>> Stashed changes
PARAMETRIC_REPRESENTATION_CONTEXT() REPRESENTATION_CONTEXT('2D SPACE',''
  ) );
#848 = ORIENTED_EDGE('',*,*,#849,.T.);
#849 = EDGE_CURVE('',#829,#850,#852,.T.);
#850 = VERTEX_POINT('',#851);
#851 = CARTESIAN_POINT('',(22.75,1.5,1.657912612182E-15));
#852 = SURFACE_CURVE('',#853,(#858,#869),.PCURVE_S1.);
#853 = CIRCLE('',#854,2.75);
#854 = AXIS2_PLACEMENT_3D('',#855,#856,#857);
#855 = CARTESIAN_POINT('',(20.,1.5,2.331468351713E-15));
#856 = DIRECTION('',(0.,-1.,2.22044604925E-16));
#857 = DIRECTION('',(1.,0.,0.));
#858 = PCURVE('',#72,#859);
#859 = DEFINITIONAL_REPRESENTATION('',(#860),#868);
#860 = ( BOUNDED_CURVE() B_SPLINE_CURVE(2,(#861,#862,#863,#864,#865,#866
,#867),.UNSPECIFIED.,.T.,.F.) B_SPLINE_CURVE_WITH_KNOTS((1,2,2,2,2,1),(
    -2.094395102393,0.,2.094395102393,4.188790204786,6.28318530718,
<<<<<<< Updated upstream
8.377580409573),.UNSPECIFIED.) CURVE() GEOMETRIC_REPRESENTATION_ITEM()
=======
8.377580409573),.UNSPECIFIED.) CURVE() GEOMETRIC_REPRESENTATION_ITEM()
>>>>>>> Stashed changes
RATIONAL_B_SPLINE_CURVE((1.,0.5,1.,0.5,1.,0.5,1.)) REPRESENTATION_ITEM(
  '') );
#861 = CARTESIAN_POINT('',(102.5,5.25));
#862 = CARTESIAN_POINT('',(107.26313972081,5.25));
#863 = CARTESIAN_POINT('',(104.8815698604,1.125));
#864 = CARTESIAN_POINT('',(102.5,-3.));
#865 = CARTESIAN_POINT('',(100.11843013959,1.125));
#866 = CARTESIAN_POINT('',(97.736860279186,5.25));
#867 = CARTESIAN_POINT('',(102.5,5.25));
<<<<<<< Updated upstream
#868 = ( GEOMETRIC_REPRESENTATION_CONTEXT(2)
=======
#868 = ( GEOMETRIC_REPRESENTATION_CONTEXT(2)
>>>>>>> Stashed changes
PARAMETRIC_REPRESENTATION_CONTEXT() REPRESENTATION_CONTEXT('2D SPACE',''
  ) );
#869 = PCURVE('',#322,#870);
#870 = DEFINITIONAL_REPRESENTATION('',(#871),#875);
#871 = LINE('',#872,#873);
#872 = CARTESIAN_POINT('',(0.,25.5));
#873 = VECTOR('',#874,1.);
#874 = DIRECTION('',(1.,0.));
<<<<<<< Updated upstream
#875 = ( GEOMETRIC_REPRESENTATION_CONTEXT(2)
=======
#875 = ( GEOMETRIC_REPRESENTATION_CONTEXT(2)
>>>>>>> Stashed changes
PARAMETRIC_REPRESENTATION_CONTEXT() REPRESENTATION_CONTEXT('2D SPACE',''
  ) );
#876 = ORIENTED_EDGE('',*,*,#877,.T.);
#877 = EDGE_CURVE('',#850,#878,#880,.T.);
#878 = VERTEX_POINT('',#879);
#879 = CARTESIAN_POINT('',(19.943670675179,1.5,2.749423031686));
#880 = SURFACE_CURVE('',#881,(#886,#897),.PCURVE_S1.);
#881 = CIRCLE('',#882,2.75);
#882 = AXIS2_PLACEMENT_3D('',#883,#884,#885);
#883 = CARTESIAN_POINT('',(20.,1.5,2.331468351713E-15));
#884 = DIRECTION('',(0.,-1.,2.22044604925E-16));
#885 = DIRECTION('',(1.,0.,0.));
#886 = PCURVE('',#72,#887);
#887 = DEFINITIONAL_REPRESENTATION('',(#888),#896);
#888 = ( BOUNDED_CURVE() B_SPLINE_CURVE(2,(#889,#890,#891,#892,#893,#894
,#895),.UNSPECIFIED.,.T.,.F.) B_SPLINE_CURVE_WITH_KNOTS((1,2,2,2,2,1),(
    -2.094395102393,0.,2.094395102393,4.188790204786,6.28318530718,
<<<<<<< Updated upstream
8.377580409573),.UNSPECIFIED.) CURVE() GEOMETRIC_REPRESENTATION_ITEM()
=======
8.377580409573),.UNSPECIFIED.) CURVE() GEOMETRIC_REPRESENTATION_ITEM()
>>>>>>> Stashed changes
RATIONAL_B_SPLINE_CURVE((1.,0.5,1.,0.5,1.,0.5,1.)) REPRESENTATION_ITEM(
  '') );
#889 = CARTESIAN_POINT('',(102.5,5.25));
#890 = CARTESIAN_POINT('',(107.26313972081,5.25));
#891 = CARTESIAN_POINT('',(104.8815698604,1.125));
#892 = CARTESIAN_POINT('',(102.5,-3.));
#893 = CARTESIAN_POINT('',(100.11843013959,1.125));
#894 = CARTESIAN_POINT('',(97.736860279186,5.25));
#895 = CARTESIAN_POINT('',(102.5,5.25));
<<<<<<< Updated upstream
#896 = ( GEOMETRIC_REPRESENTATION_CONTEXT(2)
=======
#896 = ( GEOMETRIC_REPRESENTATION_CONTEXT(2)
>>>>>>> Stashed changes
PARAMETRIC_REPRESENTATION_CONTEXT() REPRESENTATION_CONTEXT('2D SPACE',''
  ) );
#897 = PCURVE('',#322,#898);
#898 = DEFINITIONAL_REPRESENTATION('',(#899),#903);
#899 = LINE('',#900,#901);
#900 = CARTESIAN_POINT('',(0.,25.5));
#901 = VECTOR('',#902,1.);
#902 = DIRECTION('',(1.,0.));
<<<<<<< Updated upstream
#903 = ( GEOMETRIC_REPRESENTATION_CONTEXT(2)
=======
#903 = ( GEOMETRIC_REPRESENTATION_CONTEXT(2)
>>>>>>> Stashed changes
PARAMETRIC_REPRESENTATION_CONTEXT() REPRESENTATION_CONTEXT('2D SPACE',''
  ) );
#904 = ORIENTED_EDGE('',*,*,#905,.T.);
#905 = EDGE_CURVE('',#878,#734,#906,.T.);
#906 = SURFACE_CURVE('',#907,(#911,#917),.PCURVE_S1.);
#907 = LINE('',#908,#909);
#908 = CARTESIAN_POINT('',(19.943670675179,1.5,-101.));
#909 = VECTOR('',#910,1.);
#910 = DIRECTION('',(0.,0.,1.));
#911 = PCURVE('',#72,#912);
#912 = DEFINITIONAL_REPRESENTATION('',(#913),#916);
#913 = B_SPLINE_CURVE_WITH_KNOTS('',1,(#914,#915),.UNSPECIFIED.,.F.,.F.,
  (2,2),(0.9999994,201.0000006),.PIECEWISE_BEZIER_KNOTS.);
#914 = CARTESIAN_POINT('',(2.4999994,2.443670675179));
#915 = CARTESIAN_POINT('',(202.5000006,2.443670675179));
<<<<<<< Updated upstream
#916 = ( GEOMETRIC_REPRESENTATION_CONTEXT(2)
=======
#916 = ( GEOMETRIC_REPRESENTATION_CONTEXT(2)
>>>>>>> Stashed changes
PARAMETRIC_REPRESENTATION_CONTEXT() REPRESENTATION_CONTEXT('2D SPACE',''
  ) );
#917 = PCURVE('',#791,#918);
#918 = DEFINITIONAL_REPRESENTATION('',(#919),#922);
#919 = B_SPLINE_CURVE_WITH_KNOTS('',1,(#920,#921),.UNSPECIFIED.,.F.,.F.,
  (2,2),(0.9999994,201.0000006),.PIECEWISE_BEZIER_KNOTS.);
#920 = CARTESIAN_POINT('',(7.507049107672E-02,0.9999994));
#921 = CARTESIAN_POINT('',(7.507049107672E-02,201.0000006));
<<<<<<< Updated upstream
#922 = ( GEOMETRIC_REPRESENTATION_CONTEXT(2)
=======
#922 = ( GEOMETRIC_REPRESENTATION_CONTEXT(2)
>>>>>>> Stashed changes
PARAMETRIC_REPRESENTATION_CONTEXT() REPRESENTATION_CONTEXT('2D SPACE',''
  ) );
#923 = ORIENTED_EDGE('',*,*,#733,.F.);
#924 = ADVANCED_FACE('',(#925),#125,.T.);
#925 = FACE_BOUND('',#926,.T.);
#926 = EDGE_LOOP('',(#927,#928,#949,#970,#1003,#1022));
#927 = ORIENTED_EDGE('',*,*,#112,.F.);
#928 = ORIENTED_EDGE('',*,*,#929,.T.);
#929 = EDGE_CURVE('',#84,#930,#932,.T.);
#930 = VERTEX_POINT('',#931);
#931 = CARTESIAN_POINT('',(19.943670675179,-1.5,-100.));
#932 = SURFACE_CURVE('',#933,(#937,#943),.PCURVE_S1.);
#933 = LINE('',#934,#935);
#934 = CARTESIAN_POINT('',(8.75,-1.5,-100.));
#935 = VECTOR('',#936,1.);
#936 = DIRECTION('',(-1.,0.,0.));
#937 = PCURVE('',#125,#938);
#938 = DEFINITIONAL_REPRESENTATION('',(#939),#942);
#939 = B_SPLINE_CURVE_WITH_KNOTS('',1,(#940,#941),.UNSPECIFIED.,.F.,.F.,
  (2,2),(-21.25,-8.75),.PIECEWISE_BEZIER_KNOTS.);
#940 = CARTESIAN_POINT('',(2.5,12.5));
#941 = CARTESIAN_POINT('',(2.5,0.));
<<<<<<< Updated upstream
#942 = ( GEOMETRIC_REPRESENTATION_CONTEXT(2)
=======
#942 = ( GEOMETRIC_REPRESENTATION_CONTEXT(2)
>>>>>>> Stashed changes
PARAMETRIC_REPRESENTATION_CONTEXT() REPRESENTATION_CONTEXT('2D SPACE',''
  ) );
#943 = PCURVE('',#100,#944);
#944 = DEFINITIONAL_REPRESENTATION('',(#945),#948);
#945 = B_SPLINE_CURVE_WITH_KNOTS('',1,(#946,#947),.UNSPECIFIED.,.F.,.F.,
  (2,2),(-21.25,-8.75),.PIECEWISE_BEZIER_KNOTS.);
#946 = CARTESIAN_POINT('',(30.,-1.5));
#947 = CARTESIAN_POINT('',(17.5,-1.5));
<<<<<<< Updated upstream
#948 = ( GEOMETRIC_REPRESENTATION_CONTEXT(2)
=======
#948 = ( GEOMETRIC_REPRESENTATION_CONTEXT(2)
>>>>>>> Stashed changes
PARAMETRIC_REPRESENTATION_CONTEXT() REPRESENTATION_CONTEXT('2D SPACE',''
  ) );
#949 = ORIENTED_EDGE('',*,*,#950,.T.);
#950 = EDGE_CURVE('',#930,#951,#953,.T.);
#951 = VERTEX_POINT('',#952);
#952 = CARTESIAN_POINT('',(19.943670675179,-1.5,-2.749423031686));
#953 = SURFACE_CURVE('',#954,(#958,#964),.PCURVE_S1.);
#954 = LINE('',#955,#956);
#955 = CARTESIAN_POINT('',(19.943670675179,-1.5,-101.));
#956 = VECTOR('',#957,1.);
#957 = DIRECTION('',(0.,0.,1.));
#958 = PCURVE('',#125,#959);
#959 = DEFINITIONAL_REPRESENTATION('',(#960),#963);
#960 = B_SPLINE_CURVE_WITH_KNOTS('',1,(#961,#962),.UNSPECIFIED.,.F.,.F.,
  (2,2),(0.9999994,201.0000006),.PIECEWISE_BEZIER_KNOTS.);
#961 = CARTESIAN_POINT('',(2.4999994,2.443670675179));
#962 = CARTESIAN_POINT('',(202.5000006,2.443670675179));
<<<<<<< Updated upstream
#963 = ( GEOMETRIC_REPRESENTATION_CONTEXT(2)
=======
#963 = ( GEOMETRIC_REPRESENTATION_CONTEXT(2)
>>>>>>> Stashed changes
PARAMETRIC_REPRESENTATION_CONTEXT() REPRESENTATION_CONTEXT('2D SPACE',''
  ) );
#964 = PCURVE('',#791,#965);
#965 = DEFINITIONAL_REPRESENTATION('',(#966),#969);
#966 = B_SPLINE_CURVE_WITH_KNOTS('',1,(#967,#968),.UNSPECIFIED.,.F.,.F.,
  (2,2),(0.9999994,201.0000006),.PIECEWISE_BEZIER_KNOTS.);
#967 = CARTESIAN_POINT('',(6.208114816103,0.9999994));
#968 = CARTESIAN_POINT('',(6.208114816103,201.0000006));
<<<<<<< Updated upstream
#969 = ( GEOMETRIC_REPRESENTATION_CONTEXT(2)
=======
#969 = ( GEOMETRIC_REPRESENTATION_CONTEXT(2)
>>>>>>> Stashed changes
PARAMETRIC_REPRESENTATION_CONTEXT() REPRESENTATION_CONTEXT('2D SPACE',''
  ) );
#970 = ORIENTED_EDGE('',*,*,#971,.T.);
#971 = EDGE_CURVE('',#951,#972,#974,.T.);
#972 = VERTEX_POINT('',#973);
#973 = CARTESIAN_POINT('',(19.943670675179,-1.5,2.749423031686));
#974 = SURFACE_CURVE('',#975,(#980,#991),.PCURVE_S1.);
#975 = CIRCLE('',#976,2.75);
#976 = AXIS2_PLACEMENT_3D('',#977,#978,#979);
#977 = CARTESIAN_POINT('',(20.,-1.5,2.997602166488E-15));
#978 = DIRECTION('',(0.,-1.,-0.));
#979 = DIRECTION('',(-2.048339084395E-02,0.,-0.99979019334));
#980 = PCURVE('',#125,#981);
#981 = DEFINITIONAL_REPRESENTATION('',(#982),#990);
#982 = ( BOUNDED_CURVE() B_SPLINE_CURVE(2,(#983,#984,#985,#986,#987,#988
,#989),.UNSPECIFIED.,.T.,.F.) B_SPLINE_CURVE_WITH_KNOTS((1,2,2,2,2,1),(
    -2.094395102393,0.,2.094395102393,4.188790204786,6.28318530718,
<<<<<<< Updated upstream
8.377580409573),.UNSPECIFIED.) CURVE() GEOMETRIC_REPRESENTATION_ITEM()
=======
8.377580409573),.UNSPECIFIED.) CURVE() GEOMETRIC_REPRESENTATION_ITEM()
>>>>>>> Stashed changes
RATIONAL_B_SPLINE_CURVE((1.,0.5,1.,0.5,1.,0.5,1.)) REPRESENTATION_ITEM(
  '') );
#983 = CARTESIAN_POINT('',(99.750576968314,2.443670675179));
#984 = CARTESIAN_POINT('',(99.653011715768,7.205811057559));
#985 = CARTESIAN_POINT('',(103.82592888957,4.909234853601));
#986 = CARTESIAN_POINT('',(107.99884606337,2.612658649642));
#987 = CARTESIAN_POINT('',(103.92349414211,0.14709447122));
#988 = CARTESIAN_POINT('',(99.84814222086,-2.318469707201));
#989 = CARTESIAN_POINT('',(99.750576968314,2.443670675179));
<<<<<<< Updated upstream
#990 = ( GEOMETRIC_REPRESENTATION_CONTEXT(2)
=======
#990 = ( GEOMETRIC_REPRESENTATION_CONTEXT(2)
>>>>>>> Stashed changes
PARAMETRIC_REPRESENTATION_CONTEXT() REPRESENTATION_CONTEXT('2D SPACE',''
  ) );
#991 = PCURVE('',#992,#997);
#992 = CYLINDRICAL_SURFACE('',#993,2.75);
#993 = AXIS2_PLACEMENT_3D('',#994,#995,#996);
#994 = CARTESIAN_POINT('',(20.,27.,-3.330669073875E-15));
#995 = DIRECTION('',(0.,-1.,2.22044604925E-16));
#996 = DIRECTION('',(1.,0.,0.));
#997 = DEFINITIONAL_REPRESENTATION('',(#998),#1002);
#998 = LINE('',#999,#1000);
#999 = CARTESIAN_POINT('',(4.691904156903,28.5));
#1000 = VECTOR('',#1001,1.);
#1001 = DIRECTION('',(1.,0.));
<<<<<<< Updated upstream
#1002 = ( GEOMETRIC_REPRESENTATION_CONTEXT(2)
=======
#1002 = ( GEOMETRIC_REPRESENTATION_CONTEXT(2)
>>>>>>> Stashed changes
PARAMETRIC_REPRESENTATION_CONTEXT() REPRESENTATION_CONTEXT('2D SPACE',''
  ) );
#1003 = ORIENTED_EDGE('',*,*,#1004,.T.);
#1004 = EDGE_CURVE('',#972,#756,#1005,.T.);
#1005 = SURFACE_CURVE('',#1006,(#1010,#1016),.PCURVE_S1.);
#1006 = LINE('',#1007,#1008);
#1007 = CARTESIAN_POINT('',(19.943670675179,-1.5,-101.));
#1008 = VECTOR('',#1009,1.);
#1009 = DIRECTION('',(0.,0.,1.));
#1010 = PCURVE('',#125,#1011);
#1011 = DEFINITIONAL_REPRESENTATION('',(#1012),#1015);
#1012 = B_SPLINE_CURVE_WITH_KNOTS('',1,(#1013,#1014),.UNSPECIFIED.,.F.,
  .F.,(2,2),(0.9999994,201.0000006),.PIECEWISE_BEZIER_KNOTS.);
#1013 = CARTESIAN_POINT('',(2.4999994,2.443670675179));
#1014 = CARTESIAN_POINT('',(202.5000006,2.443670675179));
<<<<<<< Updated upstream
#1015 = ( GEOMETRIC_REPRESENTATION_CONTEXT(2)
=======
#1015 = ( GEOMETRIC_REPRESENTATION_CONTEXT(2)
>>>>>>> Stashed changes
PARAMETRIC_REPRESENTATION_CONTEXT() REPRESENTATION_CONTEXT('2D SPACE',''
  ) );
#1016 = PCURVE('',#791,#1017);
#1017 = DEFINITIONAL_REPRESENTATION('',(#1018),#1021);
#1018 = B_SPLINE_CURVE_WITH_KNOTS('',1,(#1019,#1020),.UNSPECIFIED.,.F.,
  .F.,(2,2),(0.9999994,201.0000006),.PIECEWISE_BEZIER_KNOTS.);
#1019 = CARTESIAN_POINT('',(6.208114816103,0.9999994));
#1020 = CARTESIAN_POINT('',(6.208114816103,201.0000006));
<<<<<<< Updated upstream
#1021 = ( GEOMETRIC_REPRESENTATION_CONTEXT(2)
=======
#1021 = ( GEOMETRIC_REPRESENTATION_CONTEXT(2)
>>>>>>> Stashed changes
PARAMETRIC_REPRESENTATION_CONTEXT() REPRESENTATION_CONTEXT('2D SPACE',''
  ) );
#1022 = ORIENTED_EDGE('',*,*,#755,.F.);
#1023 = ADVANCED_FACE('',(#1024),#100,.F.);
#1024 = FACE_BOUND('',#1025,.F.);
#1025 = EDGE_LOOP('',(#1026,#1027,#1028,#1029));
#1026 = ORIENTED_EDGE('',*,*,#807,.F.);
#1027 = ORIENTED_EDGE('',*,*,#83,.T.);
#1028 = ORIENTED_EDGE('',*,*,#929,.T.);
#1029 = ORIENTED_EDGE('',*,*,#1030,.F.);
#1030 = EDGE_CURVE('',#808,#930,#1031,.T.);
#1031 = SURFACE_CURVE('',#1032,(#1037,#1044),.PCURVE_S1.);
#1032 = CIRCLE('',#1033,20.);
#1033 = AXIS2_PLACEMENT_3D('',#1034,#1035,#1036);
#1034 = CARTESIAN_POINT('',(0.,0.,-100.));
#1035 = DIRECTION('',(0.,0.,1.));
#1036 = DIRECTION('',(1.,0.,-0.));
#1037 = PCURVE('',#100,#1038);
#1038 = DEFINITIONAL_REPRESENTATION('',(#1039),#1043);
#1039 = CIRCLE('',#1040,20.);
#1040 = AXIS2_PLACEMENT_2D('',#1041,#1042);
#1041 = CARTESIAN_POINT('',(0.,0.));
#1042 = DIRECTION('',(1.,0.));
<<<<<<< Updated upstream
#1043 = ( GEOMETRIC_REPRESENTATION_CONTEXT(2)
=======
#1043 = ( GEOMETRIC_REPRESENTATION_CONTEXT(2)
>>>>>>> Stashed changes
PARAMETRIC_REPRESENTATION_CONTEXT() REPRESENTATION_CONTEXT('2D SPACE',''
  ) );
#1044 = PCURVE('',#791,#1045);
#1045 = DEFINITIONAL_REPRESENTATION('',(#1046),#1050);
#1046 = LINE('',#1047,#1048);
#1047 = CARTESIAN_POINT('',(0.,1.));
#1048 = VECTOR('',#1049,1.);
#1049 = DIRECTION('',(1.,0.));
<<<<<<< Updated upstream
#1050 = ( GEOMETRIC_REPRESENTATION_CONTEXT(2)
=======
#1050 = ( GEOMETRIC_REPRESENTATION_CONTEXT(2)
>>>>>>> Stashed changes
PARAMETRIC_REPRESENTATION_CONTEXT() REPRESENTATION_CONTEXT('2D SPACE',''
  ) );
#1051 = ADVANCED_FACE('',(#1052),#322,.F.);
#1052 = FACE_BOUND('',#1053,.F.);
#1053 = EDGE_LOOP('',(#1054,#1055,#1076,#1077,#1078,#1079));
#1054 = ORIENTED_EDGE('',*,*,#877,.F.);
#1055 = ORIENTED_EDGE('',*,*,#1056,.F.);
#1056 = EDGE_CURVE('',#139,#850,#1057,.T.);
#1057 = SEAM_CURVE('',#1058,(#1062,#1069),.PCURVE_S1.);
#1058 = LINE('',#1059,#1060);
#1059 = CARTESIAN_POINT('',(22.75,27.,-4.004224813407E-15));
#1060 = VECTOR('',#1061,1.);
#1061 = DIRECTION('',(0.,-1.,2.22044604925E-16));
#1062 = PCURVE('',#322,#1063);
#1063 = DEFINITIONAL_REPRESENTATION('',(#1064),#1068);
#1064 = LINE('',#1065,#1066);
#1065 = CARTESIAN_POINT('',(6.28318530718,-0.));
#1066 = VECTOR('',#1067,1.);
#1067 = DIRECTION('',(0.,1.));
<<<<<<< Updated upstream
#1068 = ( GEOMETRIC_REPRESENTATION_CONTEXT(2)
=======
#1068 = ( GEOMETRIC_REPRESENTATION_CONTEXT(2)
>>>>>>> Stashed changes
PARAMETRIC_REPRESENTATION_CONTEXT() REPRESENTATION_CONTEXT('2D SPACE',''
  ) );
#1069 = PCURVE('',#322,#1070);
#1070 = DEFINITIONAL_REPRESENTATION('',(#1071),#1075);
#1071 = LINE('',#1072,#1073);
#1072 = CARTESIAN_POINT('',(0.,-0.));
#1073 = VECTOR('',#1074,1.);
#1074 = DIRECTION('',(0.,1.));
<<<<<<< Updated upstream
#1075 = ( GEOMETRIC_REPRESENTATION_CONTEXT(2)
=======
#1075 = ( GEOMETRIC_REPRESENTATION_CONTEXT(2)
>>>>>>> Stashed changes
PARAMETRIC_REPRESENTATION_CONTEXT() REPRESENTATION_CONTEXT('2D SPACE',''
  ) );
#1076 = ORIENTED_EDGE('',*,*,#138,.T.);
#1077 = ORIENTED_EDGE('',*,*,#1056,.T.);
#1078 = ORIENTED_EDGE('',*,*,#849,.F.);
#1079 = ORIENTED_EDGE('',*,*,#1080,.F.);
#1080 = EDGE_CURVE('',#878,#829,#1081,.T.);
#1081 = SURFACE_CURVE('',#1082,(#1169,#1259),.PCURVE_S1.);
#1082 = B_SPLINE_CURVE_WITH_KNOTS('',8,(#1083,#1084,#1085,#1086,#1087,
    #1088,#1089,#1090,#1091,#1092,#1093,#1094,#1095,#1096,#1097,#1098,
    #1099,#1100,#1101,#1102,#1103,#1104,#1105,#1106,#1107,#1108,#1109,
    #1110,#1111,#1112,#1113,#1114,#1115,#1116,#1117,#1118,#1119,#1120,
    #1121,#1122,#1123,#1124,#1125,#1126,#1127,#1128,#1129,#1130,#1131,
    #1132,#1133,#1134,#1135,#1136,#1137,#1138,#1139,#1140,#1141,#1142,
    #1143,#1144,#1145,#1146,#1147,#1148,#1149,#1150,#1151,#1152,#1153,
    #1154,#1155,#1156,#1157,#1158,#1159,#1160,#1161,#1162,#1163,#1164,
    #1165,#1166,#1167,#1168),.UNSPECIFIED.,.F.,.F.,(9,7,7,7,7,7,7,7,7,7,
    7,7,9),(0.,5.08253410726E-02,0.295323558925,0.416934018348,
    0.451695784346,0.468382766307,0.499305344694,0.520717541128,
    0.548718553221,0.584890774359,0.644583686342,0.801974400484,1.),
  .UNSPECIFIED.);
#1083 = CARTESIAN_POINT('',(19.943670675179,1.5,2.749423031686));
#1084 = CARTESIAN_POINT('',(19.933938613853,1.629395350725,
    2.749223644237));
#1085 = CARTESIAN_POINT('',(19.923244769803,1.758749567769,
    2.748965136933));
#1086 = CARTESIAN_POINT('',(19.911588680512,1.888057897628,
    2.748633920566));
#1087 = CARTESIAN_POINT('',(19.898969837108,2.017315486354,
    2.748214448282));
#1088 = CARTESIAN_POINT('',(19.885387684374,2.146517379552,
    2.747689215578));
#1089 = CARTESIAN_POINT('',(19.870841620741,2.27565852238,2.747038760304
    ));
#1090 = CARTESIAN_POINT('',(19.855330998291,2.404733759555,
    2.746241662661));
#1091 = CARTESIAN_POINT('',(19.759596978678,3.154319339771,2.74062217121
    ));
#1092 = CARTESIAN_POINT('',(19.65873184464,3.767535756838,2.732077294418
    ));
#1093 = CARTESIAN_POINT('',(19.536203378301,4.378344316691,
    2.717115287431));
#1094 = CARTESIAN_POINT('',(19.391129405419,4.989214753807,
    2.692141396455));
#1095 = CARTESIAN_POINT('',(19.222694250547,5.599443028678,
    2.652171115934));
#1096 = CARTESIAN_POINT('',(19.031066987152,6.205595129268,
    2.590259251703));
#1097 = CARTESIAN_POINT('',(18.818141746251,6.801431044346,
    2.497233226846));
#1098 = CARTESIAN_POINT('',(18.476866011158,7.661586529914,
    2.293467889173));
#1099 = CARTESIAN_POINT('',(18.359783599771,7.942043740819,2.21512328655
    ));
#1100 = CARTESIAN_POINT('',(18.238963806207,8.217860553095,
    2.124176226727));
#1101 = CARTESIAN_POINT('',(18.11484846731,8.488340650036,2.018278895137
    ));
#1102 = CARTESIAN_POINT('',(17.988580245719,8.751391072412,
    1.894723068191));
#1103 = CARTESIAN_POINT('',(17.86227155231,9.00354147876,1.750440618178)
  );
#1104 = CARTESIAN_POINT('',(17.739395252388,9.239699245115,
    1.582168757469));
#1105 = CARTESIAN_POINT('',(17.592805159456,9.513041619675,
    1.331197799707));
#1106 = CARTESIAN_POINT('',(17.56091913736,9.571923920567,1.273167396678
    ));
#1107 = CARTESIAN_POINT('',(17.529888469799,9.628694143763,
    1.212866911073));
#1108 = CARTESIAN_POINT('',(17.499876660244,9.683116339348,
    1.150275214893));
#1109 = CARTESIAN_POINT('',(17.471055657386,9.734948281004,
    1.085381124353));
#1110 = CARTESIAN_POINT('',(17.443604989337,9.783941155863,
    1.018183595094));
#1111 = CARTESIAN_POINT('',(17.417710897849,9.829839254364,
    0.948691917381));
#1112 = CARTESIAN_POINT('',(17.381974741567,9.892800687719,
    0.842475473767));
#1113 = CARTESIAN_POINT('',(17.370790026909,9.912442408844,
    0.807510191944));
#1114 = CARTESIAN_POINT('',(17.360036209205,9.931269627615,
    0.772044168701));
#1115 = CARTESIAN_POINT('',(17.349737384539,9.949248460015,
    0.736092482304));
#1116 = CARTESIAN_POINT('',(17.339916864416,9.966346333884,
    0.699671186439));
#1117 = CARTESIAN_POINT('',(17.330597175755,9.982531988912,
    0.662797310204));
#1118 = CARTESIAN_POINT('',(17.321800060897,9.997775476647,
    0.625488858114));
#1119 = CARTESIAN_POINT('',(17.298251795972,10.038496812852,
    0.517858530188));
#1120 = CARTESIAN_POINT('',(17.284813046785,10.061629174975,
    0.446478861852));
#1121 = CARTESIAN_POINT('',(17.273388546614,10.081218881681,
    0.373838999769));
#1122 = CARTESIAN_POINT('',(17.26410900693,10.097082850677,
    0.300165893752));
#1123 = CARTESIAN_POINT('',(17.257075953671,10.109081401044,
    0.225697365595));
#1124 = CARTESIAN_POINT('',(17.252360146826,10.117118371722,
    0.150679225938));
#1125 = CARTESIAN_POINT('',(17.25,10.121141239999,7.536239111144E-02));
#1126 = CARTESIAN_POINT('',(17.25,10.121141239999,-5.218433928813E-02));
#1127 = CARTESIAN_POINT('',(17.251131732472,10.119212323046,
    -0.104361618751));
#1128 = CARTESIAN_POINT('',(17.253394626318,10.115355607485,
    -0.156442180264));
#1129 = CARTESIAN_POINT('',(17.256779894115,10.109583188166,
    -0.208337614942));
#1130 = CARTESIAN_POINT('',(17.26127069191,10.101918178132,
    -0.259960827171));
#1131 = CARTESIAN_POINT('',(17.266842279035,10.092394750302,
    -0.311226098647));
#1132 = CARTESIAN_POINT('',(17.27346217791,10.081058179155,
    -0.362049152415));
#1133 = CARTESIAN_POINT('',(17.291065774116,10.050842605323,
    -0.478122660182));
#1134 = CARTESIAN_POINT('',(17.302761029994,10.030723752793,
    -0.542971208012));
#1135 = CARTESIAN_POINT('',(17.31609420392,10.007721813336,
    -0.606778136077));
#1136 = CARTESIAN_POINT('',(17.330972841754,9.981963285104,
    -0.669436455158));
#1137 = CARTESIAN_POINT('',(17.347294925251,9.953587937582,
    -0.730846964577));
#1138 = CARTESIAN_POINT('',(17.364949864543,9.922749073268,
    -0.790918305644));
#1139 = CARTESIAN_POINT('',(17.383819490617,9.889613789366,
    -0.849567015106));
#1140 = CARTESIAN_POINT('',(17.429563169941,9.808825932411,
    -0.980545725009));
#1141 = CARTESIAN_POINT('',(17.457171087753,9.759750200463,
    -1.05188767305));
#1142 = CARTESIAN_POINT('',(17.486387235667,9.707431695491,
    -1.120729223461));
#1143 = CARTESIAN_POINT('',(17.517005879795,9.652153102857,
    -1.187070908371));
#1144 = CARTESIAN_POINT('',(17.548831212515,9.594185887223,
    -1.250926077345));
#1145 = CARTESIAN_POINT('',(17.581677447048,9.533792038357,
    -1.31231898344));
#1146 = CARTESIAN_POINT('',(17.615368912047,9.471225816925,
    -1.371282869257));
#1147 = CARTESIAN_POINT('',(17.70646099408,9.300310882916,
    -1.521220787075));
#1148 = CARTESIAN_POINT('',(17.765086029661,9.188546694105,
    -1.608166140364));
#1149 = CARTESIAN_POINT('',(17.825003574919,9.072302248991,
    -1.689062307792));
#1150 = CARTESIAN_POINT('',(17.885713993706,8.952295608463,
    -1.764290095073));
#1151 = CARTESIAN_POINT('',(17.946817135642,8.829116689163,
    -1.834233145267));
#1152 = CARTESIAN_POINT('',(18.007999066906,8.703239773398,
    -1.899268814364));
#1153 = CARTESIAN_POINT('',(18.069018087929,8.575035418991,
    -1.959759695902));
#1154 = CARTESIAN_POINT('',(18.289662155736,8.101345432979,
    -2.164453854729));
#1155 = CARTESIAN_POINT('',(18.448053580997,7.741877133795,
    -2.284403028273));
#1156 = CARTESIAN_POINT('',(18.600701648491,7.372823740905,
    -2.380911698803));
#1157 = CARTESIAN_POINT('',(18.745497378706,6.998242772747,
    -2.458404864497));
#1158 = CARTESIAN_POINT('',(18.881527788456,6.620561257307,
    -2.520577404908));
#1159 = CARTESIAN_POINT('',(19.008633744628,6.240700313236,
    -2.570420530688));
#1160 = CARTESIAN_POINT('',(19.12713347852,5.857943034466,-2.61032378284
    ));
#1161 = CARTESIAN_POINT('',(19.376274689456,4.981725157405,
    -2.68222681493));
#1162 = CARTESIAN_POINT('',(19.50100145698,4.489243991487,
    -2.709194800946));
#1163 = CARTESIAN_POINT('',(19.611135527377,3.994162936304,
    -2.726674706643));
#1164 = CARTESIAN_POINT('',(19.706598623669,3.497478642481,
    -2.737442242986));
#1165 = CARTESIAN_POINT('',(19.787483815488,2.999688451155,
    -2.74366102006));
#1166 = CARTESIAN_POINT('',(19.853915708287,2.500938788026,
    -2.746993657672));
#1167 = CARTESIAN_POINT('',(19.905979515196,2.001133388045,
    -2.748650826911));
#1168 = CARTESIAN_POINT('',(19.943670675179,1.5,-2.749423031686));
#1169 = PCURVE('',#322,#1170);
#1170 = DEFINITIONAL_REPRESENTATION('',(#1171),#1258);
#1171 = B_SPLINE_CURVE_WITH_KNOTS('',8,(#1172,#1173,#1174,#1175,#1176,
    #1177,#1178,#1179,#1180,#1181,#1182,#1183,#1184,#1185,#1186,#1187,
    #1188,#1189,#1190,#1191,#1192,#1193,#1194,#1195,#1196,#1197,#1198,
    #1199,#1200,#1201,#1202,#1203,#1204,#1205,#1206,#1207,#1208,#1209,
    #1210,#1211,#1212,#1213,#1214,#1215,#1216,#1217,#1218,#1219,#1220,
    #1221,#1222,#1223,#1224,#1225,#1226,#1227,#1228,#1229,#1230,#1231,
    #1232,#1233,#1234,#1235,#1236,#1237,#1238,#1239,#1240,#1241,#1242,
    #1243,#1244,#1245,#1246,#1247,#1248,#1249,#1250,#1251,#1252,#1253,
    #1254,#1255,#1256,#1257),.UNSPECIFIED.,.F.,.F.,(9,7,7,7,7,7,7,7,7,7,
    7,7,9),(0.,5.08253410726E-02,0.295323558925,0.416934018348,
    0.451695784346,0.468382766307,0.499305344694,0.520717541128,
    0.548718553221,0.584890774359,0.644583686342,0.801974400484,1.),
  .UNSPECIFIED.);
#1172 = CARTESIAN_POINT('',(1.591281150276,25.5));
#1173 = CARTESIAN_POINT('',(1.594820824315,25.370604649275));
#1174 = CARTESIAN_POINT('',(1.598710636711,25.241250432231));
#1175 = CARTESIAN_POINT('',(1.602950861688,25.111942102372));
#1176 = CARTESIAN_POINT('',(1.607541920298,24.982684513646));
#1177 = CARTESIAN_POINT('',(1.61248438042,24.853482620448));
#1178 = CARTESIAN_POINT('',(1.617778956758,24.72434147762));
#1179 = CARTESIAN_POINT('',(1.623426510846,24.595266240445));
#1180 = CARTESIAN_POINT('',(1.658298804322,23.845680660229));
#1181 = CARTESIAN_POINT('',(1.695096309677,23.232464243162));
#1182 = CARTESIAN_POINT('',(1.739929425586,22.621655683309));
#1183 = CARTESIAN_POINT('',(1.793324908232,22.010785246194));
#1184 = CARTESIAN_POINT('',(1.855972350645,21.400556971321));
#1185 = CARTESIAN_POINT('',(1.928710358781,20.794404870732));
#1186 = CARTESIAN_POINT('',(2.012531672091,20.198568955654));
#1187 = CARTESIAN_POINT('',(2.157069437559,19.338413470086));
#1188 = CARTESIAN_POINT('',(2.208229250223,19.057956259181));
#1189 = CARTESIAN_POINT('',(2.263074784329,18.782139446906));
#1190 = CARTESIAN_POINT('',(2.32216455853,18.511659349964));
#1191 = CARTESIAN_POINT('',(2.386069907994,18.248608927587));
#1192 = CARTESIAN_POINT('',(2.455384742116,17.99645852124));
#1193 = CARTESIAN_POINT('',(2.530757916387,17.760300754885));
#1194 = CARTESIAN_POINT('',(2.636447358214,17.486958380325));
#1195 = CARTESIAN_POINT('',(2.660516777407,17.428076079433));
#1196 = CARTESIAN_POINT('',(2.685161888329,17.371305856237));
#1197 = CARTESIAN_POINT('',(2.710383162433,17.316883660652));
#1198 = CARTESIAN_POINT('',(2.736180866406,17.265051718996));
#1199 = CARTESIAN_POINT('',(2.762555570298,17.216058844137));
#1200 = CARTESIAN_POINT('',(2.789508655648,17.170160745636));
#1201 = CARTESIAN_POINT('',(2.830260281094,17.107199312281));
#1202 = CARTESIAN_POINT('',(2.843608083346,17.087557591156));
#1203 = CARTESIAN_POINT('',(2.857082036587,17.068730372385));
#1204 = CARTESIAN_POINT('',(2.870677961934,17.050751539985));
#1205 = CARTESIAN_POINT('',(2.884391695407,17.033653666116));
#1206 = CARTESIAN_POINT('',(2.898219087926,17.017468011088));
#1207 = CARTESIAN_POINT('',(2.912156005312,17.002224523353));
#1208 = CARTESIAN_POINT('',(2.952220099862,16.961503187148));
#1209 = CARTESIAN_POINT('',(2.978621055326,16.938370825025));
#1210 = CARTESIAN_POINT('',(3.005339899466,16.918781118319));
#1211 = CARTESIAN_POINT('',(3.032316087159,16.902917149323));
#1212 = CARTESIAN_POINT('',(3.05948952033,16.890918598956));
#1213 = CARTESIAN_POINT('',(3.086800244899,16.882881628278));
#1214 = CARTESIAN_POINT('',(3.114188147731,16.878858760001));
#1215 = CARTESIAN_POINT('',(3.160568776967,16.878858760001));
#1216 = CARTESIAN_POINT('',(3.179542330402,16.880787676954));
#1217 = CARTESIAN_POINT('',(3.198491132186,16.884644392515));
#1218 = CARTESIAN_POINT('',(3.217393427304,16.890416811834));
#1219 = CARTESIAN_POINT('',(3.236227661689,16.898081821868));
#1220 = CARTESIAN_POINT('',(3.254972256475,16.907605249698));
#1221 = CARTESIAN_POINT('',(3.273605382259,16.918941820845));
#1222 = CARTESIAN_POINT('',(3.316296579106,16.949157394677));
#1223 = CARTESIAN_POINT('',(3.340248937321,16.969276247207));
#1224 = CARTESIAN_POINT('',(3.363937730593,16.992278186664));
#1225 = CARTESIAN_POINT('',(3.387339185208,17.018036714896));
#1226 = CARTESIAN_POINT('',(3.410429618133,17.046412062418));
#1227 = CARTESIAN_POINT('',(3.433185224009,17.077250926732));
#1228 = CARTESIAN_POINT('',(3.45558186215,17.110386210634));
#1229 = CARTESIAN_POINT('',(3.506031616741,17.191174067589));
#1230 = CARTESIAN_POINT('',(3.533833548148,17.240249799537));
#1231 = CARTESIAN_POINT('',(3.561004932651,17.292568304509));
#1232 = CARTESIAN_POINT('',(3.587549773361,17.347846897143));
#1233 = CARTESIAN_POINT('',(3.613471753703,17.405814112777));
#1234 = CARTESIAN_POINT('',(3.638774209522,17.466207961643));
#1235 = CARTESIAN_POINT('',(3.663460101183,17.528774183075));
#1236 = CARTESIAN_POINT('',(3.72725641612,17.699689117084));
#1237 = CARTESIAN_POINT('',(3.765346012438,17.811453305895));
#1238 = CARTESIAN_POINT('',(3.801895123429,17.927697751009));
#1239 = CARTESIAN_POINT('',(3.836990478506,18.047704391537));
#1240 = CARTESIAN_POINT('',(3.870715255972,18.170883310837));
#1241 = CARTESIAN_POINT('',(3.903151099025,18.296760226602));
#1242 = CARTESIAN_POINT('',(3.934378079473,18.424964581009));
#1243 = CARTESIAN_POINT('',(4.043822055596,18.898654567021));
#1244 = CARTESIAN_POINT('',(4.115712295534,19.258122866205));
#1245 = CARTESIAN_POINT('',(4.18103302375,19.627176259095));
#1246 = CARTESIAN_POINT('',(4.240485837754,20.001757227253));
#1247 = CARTESIAN_POINT('',(4.294693013455,20.379438742693));
#1248 = CARTESIAN_POINT('',(4.344239132853,20.759299686764));
#1249 = CARTESIAN_POINT('',(4.389663362303,21.142056965534));
#1250 = CARTESIAN_POINT('',(4.483957706461,22.018274842595));
#1251 = CARTESIAN_POINT('',(4.53025377276,22.510756008513));
#1252 = CARTESIAN_POINT('',(4.570714869123,23.005837063696));
#1253 = CARTESIAN_POINT('',(4.60559723866,23.502521357519));
#1254 = CARTESIAN_POINT('',(4.635073512512,24.000311548845));
#1255 = CARTESIAN_POINT('',(4.659254913495,24.499061211974));
#1256 = CARTESIAN_POINT('',(4.678195404358,24.998866611955));
#1257 = CARTESIAN_POINT('',(4.691904156903,25.5));
<<<<<<< Updated upstream
#1258 = ( GEOMETRIC_REPRESENTATION_CONTEXT(2)
=======
#1258 = ( GEOMETRIC_REPRESENTATION_CONTEXT(2)
>>>>>>> Stashed changes
PARAMETRIC_REPRESENTATION_CONTEXT() REPRESENTATION_CONTEXT('2D SPACE',''
  ) );
#1259 = PCURVE('',#791,#1260);
#1260 = DEFINITIONAL_REPRESENTATION('',(#1261),#1348);
#1261 = B_SPLINE_CURVE_WITH_KNOTS('',8,(#1262,#1263,#1264,#1265,#1266,
    #1267,#1268,#1269,#1270,#1271,#1272,#1273,#1274,#1275,#1276,#1277,
    #1278,#1279,#1280,#1281,#1282,#1283,#1284,#1285,#1286,#1287,#1288,
    #1289,#1290,#1291,#1292,#1293,#1294,#1295,#1296,#1297,#1298,#1299,
    #1300,#1301,#1302,#1303,#1304,#1305,#1306,#1307,#1308,#1309,#1310,
    #1311,#1312,#1313,#1314,#1315,#1316,#1317,#1318,#1319,#1320,#1321,
    #1322,#1323,#1324,#1325,#1326,#1327,#1328,#1329,#1330,#1331,#1332,
    #1333,#1334,#1335,#1336,#1337,#1338,#1339,#1340,#1341,#1342,#1343,
    #1344,#1345,#1346,#1347),.UNSPECIFIED.,.F.,.F.,(9,7,7,7,7,7,7,7,7,7,
    7,7,9),(0.,5.08253410726E-02,0.295323558925,0.416934018348,
    0.451695784346,0.468382766307,0.499305344694,0.520717541128,
    0.548718553221,0.584890774359,0.644583686342,0.801974400484,1.),
  .UNSPECIFIED.);
#1262 = CARTESIAN_POINT('',(7.507049107672E-02,103.74942303168));
#1263 = CARTESIAN_POINT('',(8.155853196107E-02,103.74922364423));
#1264 = CARTESIAN_POINT('',(8.804812881186E-02,103.74896513693));
#1265 = CARTESIAN_POINT('',(9.453946217962E-02,103.74863392056));
#1266 = CARTESIAN_POINT('',(0.101032708975,103.74821444828));
#1267 = CARTESIAN_POINT('',(0.107528042466,103.74768921557));
#1268 = CARTESIAN_POINT('',(0.114025632285,103.7470387603));
#1269 = CARTESIAN_POINT('',(0.120525644418,103.74624166266));
#1270 = CARTESIAN_POINT('',(0.158309356007,103.74062217121));
#1271 = CARTESIAN_POINT('',(0.189362047672,103.73207729441));
#1272 = CARTESIAN_POINT('',(0.220479199697,103.71711528743));
#1273 = CARTESIAN_POINT('',(0.251832575917,103.69214139645));
#1274 = CARTESIAN_POINT('',(0.283442776441,103.65217111593));
#1275 = CARTESIAN_POINT('',(0.315192561774,103.5902592517));
#1276 = CARTESIAN_POINT('',(0.346810642631,103.49723322684));
#1277 = CARTESIAN_POINT('',(0.393079870708,103.29346788917));
#1278 = CARTESIAN_POINT('',(0.408273232169,103.21512328655));
#1279 = CARTESIAN_POINT('',(0.423325414601,103.12417622672));
#1280 = CARTESIAN_POINT('',(0.438200800234,103.01827889513));
#1281 = CARTESIAN_POINT('',(0.452785926212,102.89472306819));
#1282 = CARTESIAN_POINT('',(0.466883960584,102.75044061817));
#1283 = CARTESIAN_POINT('',(0.480193551328,102.58216875746));
#1284 = CARTESIAN_POINT('',(0.49570199331,102.3311977997));
#1285 = CARTESIAN_POINT('',(0.499050040722,102.27316739667));
#1286 = CARTESIAN_POINT('',(0.502284873576,102.21286691107));
#1287 = CARTESIAN_POINT('',(0.505392277534,102.15027521489));
#1288 = CARTESIAN_POINT('',(0.508357543896,102.08538112435));
#1289 = CARTESIAN_POINT('',(0.511165476109,102.01818359509));
#1290 = CARTESIAN_POINT('',(0.513800396264,101.94869191738));
#1291 = CARTESIAN_POINT('',(0.517420208053,101.84247547376));
#1292 = CARTESIAN_POINT('',(0.518550356417,101.80751019194));
#1293 = CARTESIAN_POINT('',(0.519634454478,101.7720441687));
#1294 = CARTESIAN_POINT('',(0.52067043578,101.7360924823));
#1295 = CARTESIAN_POINT('',(0.521656309638,101.69967118643));
#1296 = CARTESIAN_POINT('',(0.522590161139,101.6627973102));
#1297 = CARTESIAN_POINT('',(0.523470151138,101.62548885811));
#1298 = CARTESIAN_POINT('',(0.525822143912,101.51785853018));
#1299 = CARTESIAN_POINT('',(0.527159775625,101.44647886185));
#1300 = CARTESIAN_POINT('',(0.528293655833,101.37383899976));
#1301 = CARTESIAN_POINT('',(0.529212588086,101.30016589375));
#1302 = CARTESIAN_POINT('',(0.529907981961,101.22569736559));
#1303 = CARTESIAN_POINT('',(0.530373899962,101.15067922593));
#1304 = CARTESIAN_POINT('',(0.530607104426,101.07536239111));
#1305 = CARTESIAN_POINT('',(0.530607104426,100.94781566071));
#1306 = CARTESIAN_POINT('',(0.530495283852,100.89563838124));
#1307 = CARTESIAN_POINT('',(0.530271705283,100.84355781973));
#1308 = CARTESIAN_POINT('',(0.529937112744,100.79166238505));
#1309 = CARTESIAN_POINT('',(0.529492929221,100.74003917282));
#1310 = CARTESIAN_POINT('',(0.528941254186,100.68877390135));
#1311 = CARTESIAN_POINT('',(0.52828486111,100.63795084758));
#1312 = CARTESIAN_POINT('',(0.526536384987,100.52187733981));
#1313 = CARTESIAN_POINT('',(0.525372827023,100.45702879198));
#1314 = CARTESIAN_POINT('',(0.52404348437,100.39322186392));
#1315 = CARTESIAN_POINT('',(0.522556145282,100.33056354484));
#1316 = CARTESIAN_POINT('',(0.520919408388,100.26915303542));
#1317 = CARTESIAN_POINT('',(0.519142668095,100.20908169435));
#1318 = CARTESIAN_POINT('',(0.517236099984,100.15043298489));
#1319 = CARTESIAN_POINT('',(0.512594127873,100.01945427499));
#1320 = CARTESIAN_POINT('',(0.509778723237,99.94811232695));
#1321 = CARTESIAN_POINT('',(0.506782581017,99.879270776539));
#1322 = CARTESIAN_POINT('',(0.503623023006,99.812929091629));
#1323 = CARTESIAN_POINT('',(0.500316619664,99.749073922655));
#1324 = CARTESIAN_POINT('',(0.496879265705,99.68768101656));
#1325 = CARTESIAN_POINT('',(0.493326255685,99.628717130743));
#1326 = CARTESIAN_POINT('',(0.483642547449,99.478779212925));
#1327 = CARTESIAN_POINT('',(0.477332349359,99.391833859636));
#1328 = CARTESIAN_POINT('',(0.470793734462,99.310937692208));
#1329 = CARTESIAN_POINT('',(0.464069668565,99.235709904927));
#1330 = CARTESIAN_POINT('',(0.457195033658,99.165766854733));
#1331 = CARTESIAN_POINT('',(0.450197525828,99.100731185636));
#1332 = CARTESIAN_POINT('',(0.443098531548,99.040240304098));
#1333 = CARTESIAN_POINT('',(0.416970672494,98.835546145271));
#1334 = CARTESIAN_POINT('',(0.397334097744,98.715596971727));
#1335 = CARTESIAN_POINT('',(0.377373983465,98.619088301197));
#1336 = CARTESIAN_POINT('',(0.357305196204,98.541595135503));
#1337 = CARTESIAN_POINT('',(0.337244119822,98.479422595092));
#1338 = CARTESIAN_POINT('',(0.317224576233,98.429579469312));
#1339 = CARTESIAN_POINT('',(0.297195916468,98.38967621716));
#1340 = CARTESIAN_POINT('',(0.251648438188,98.31777318507));
#1341 = CARTESIAN_POINT('',(0.226257606926,98.290805199054));
#1342 = CARTESIAN_POINT('',(0.200916372062,98.273325293357));
#1343 = CARTESIAN_POINT('',(0.175648767175,98.262557757014));
#1344 = CARTESIAN_POINT('',(0.150453588731,98.25633897994));
#1345 = CARTESIAN_POINT('',(0.125313059406,98.253006342328));
#1346 = CARTESIAN_POINT('',(0.100197931065,98.251349173089));
#1347 = CARTESIAN_POINT('',(7.507049107672E-02,98.250576968314));
<<<<<<< Updated upstream
#1348 = ( GEOMETRIC_REPRESENTATION_CONTEXT(2)
=======
#1348 = ( GEOMETRIC_REPRESENTATION_CONTEXT(2)
>>>>>>> Stashed changes
PARAMETRIC_REPRESENTATION_CONTEXT() REPRESENTATION_CONTEXT('2D SPACE',''
  ) );
#1349 = ADVANCED_FACE('',(#1350),#624,.F.);
#1350 = FACE_BOUND('',#1351,.F.);
#1351 = EDGE_LOOP('',(#1352,#1353,#1376,#1405,#1677,#1699));
#1352 = ORIENTED_EDGE('',*,*,#420,.F.);
#1353 = ORIENTED_EDGE('',*,*,#1354,.F.);
#1354 = EDGE_CURVE('',#1355,#421,#1357,.T.);
#1355 = VERTEX_POINT('',#1356);
#1356 = CARTESIAN_POINT('',(22.1,-3.,-2.512753099967E-15));
#1357 = SEAM_CURVE('',#1358,(#1362,#1369),.PCURVE_S1.);
#1358 = LINE('',#1359,#1360);
#1359 = CARTESIAN_POINT('',(22.1,3.,-3.845020729517E-15));
#1360 = VECTOR('',#1361,1.);
#1361 = DIRECTION('',(0.,-1.,2.22044604925E-16));
#1362 = PCURVE('',#624,#1363);
#1363 = DEFINITIONAL_REPRESENTATION('',(#1364),#1368);
#1364 = LINE('',#1365,#1366);
#1365 = CARTESIAN_POINT('',(6.28318530718,-0.));
#1366 = VECTOR('',#1367,1.);
#1367 = DIRECTION('',(0.,1.));
<<<<<<< Updated upstream
#1368 = ( GEOMETRIC_REPRESENTATION_CONTEXT(2)
=======
#1368 = ( GEOMETRIC_REPRESENTATION_CONTEXT(2)
>>>>>>> Stashed changes
PARAMETRIC_REPRESENTATION_CONTEXT() REPRESENTATION_CONTEXT('2D SPACE',''
  ) );
#1369 = PCURVE('',#624,#1370);
#1370 = DEFINITIONAL_REPRESENTATION('',(#1371),#1375);
#1371 = LINE('',#1372,#1373);
#1372 = CARTESIAN_POINT('',(0.,-0.));
#1373 = VECTOR('',#1374,1.);
#1374 = DIRECTION('',(0.,1.));
<<<<<<< Updated upstream
#1375 = ( GEOMETRIC_REPRESENTATION_CONTEXT(2)
=======
#1375 = ( GEOMETRIC_REPRESENTATION_CONTEXT(2)
>>>>>>> Stashed changes
PARAMETRIC_REPRESENTATION_CONTEXT() REPRESENTATION_CONTEXT('2D SPACE',''
  ) );
#1376 = ORIENTED_EDGE('',*,*,#1377,.T.);
#1377 = EDGE_CURVE('',#1355,#1378,#1380,.T.);
#1378 = VERTEX_POINT('',#1379);
#1379 = CARTESIAN_POINT('',(19.773719933285,-3.,2.087773295022));
#1380 = SURFACE_CURVE('',#1381,(#1386,#1393),.PCURVE_S1.);
#1381 = CIRCLE('',#1382,2.1);
#1382 = AXIS2_PLACEMENT_3D('',#1383,#1384,#1385);
#1383 = CARTESIAN_POINT('',(20.,-3.,-1.998401444325E-15));
#1384 = DIRECTION('',(0.,-1.,2.22044604925E-16));
#1385 = DIRECTION('',(1.,0.,0.));
#1386 = PCURVE('',#624,#1387);
#1387 = DEFINITIONAL_REPRESENTATION('',(#1388),#1392);
#1388 = LINE('',#1389,#1390);
#1389 = CARTESIAN_POINT('',(0.,6.));
#1390 = VECTOR('',#1391,1.);
#1391 = DIRECTION('',(1.,0.));
<<<<<<< Updated upstream
#1392 = ( GEOMETRIC_REPRESENTATION_CONTEXT(2)
=======
#1392 = ( GEOMETRIC_REPRESENTATION_CONTEXT(2)
>>>>>>> Stashed changes
PARAMETRIC_REPRESENTATION_CONTEXT() REPRESENTATION_CONTEXT('2D SPACE',''
  ) );
#1393 = PCURVE('',#1394,#1399);
#1394 = PLANE('',#1395);
#1395 = AXIS2_PLACEMENT_3D('',#1396,#1397,#1398);
#1396 = CARTESIAN_POINT('',(20.,-3.,3.330669073875E-15));
#1397 = DIRECTION('',(0.,-1.,2.22044604925E-16));
#1398 = DIRECTION('',(1.,0.,0.));
#1399 = DEFINITIONAL_REPRESENTATION('',(#1400),#1404);
#1400 = CIRCLE('',#1401,2.1);
#1401 = AXIS2_PLACEMENT_2D('',#1402,#1403);
#1402 = CARTESIAN_POINT('',(0.,-5.329070518201E-15));
#1403 = DIRECTION('',(1.,0.));
<<<<<<< Updated upstream
#1404 = ( GEOMETRIC_REPRESENTATION_CONTEXT(2)
=======
#1404 = ( GEOMETRIC_REPRESENTATION_CONTEXT(2)
>>>>>>> Stashed changes
PARAMETRIC_REPRESENTATION_CONTEXT() REPRESENTATION_CONTEXT('2D SPACE',''
  ) );
#1405 = ORIENTED_EDGE('',*,*,#1406,.T.);
#1406 = EDGE_CURVE('',#1378,#1407,#1409,.T.);
#1407 = VERTEX_POINT('',#1408);
#1408 = CARTESIAN_POINT('',(19.773719933285,-3.,-2.087773295022));
#1409 = SURFACE_CURVE('',#1410,(#1497,#1587),.PCURVE_S1.);
#1410 = B_SPLINE_CURVE_WITH_KNOTS('',8,(#1411,#1412,#1413,#1414,#1415,
    #1416,#1417,#1418,#1419,#1420,#1421,#1422,#1423,#1424,#1425,#1426,
    #1427,#1428,#1429,#1430,#1431,#1432,#1433,#1434,#1435,#1436,#1437,
    #1438,#1439,#1440,#1441,#1442,#1443,#1444,#1445,#1446,#1447,#1448,
    #1449,#1450,#1451,#1452,#1453,#1454,#1455,#1456,#1457,#1458,#1459,
    #1460,#1461,#1462,#1463,#1464,#1465,#1466,#1467,#1468,#1469,#1470,
    #1471,#1472,#1473,#1474,#1475,#1476,#1477,#1478,#1479,#1480,#1481,
    #1482,#1483,#1484,#1485,#1486,#1487,#1488,#1489,#1490,#1491,#1492,
    #1493,#1494,#1495,#1496),.UNSPECIFIED.,.F.,.F.,(9,7,7,7,7,7,7,7,7,7,
    7,7,9),(0.,5.780184898352E-02,0.299459706266,0.413107299662,
    0.455745543846,0.471600410624,0.499395383094,0.515983259177,
    0.536670880324,0.565450855557,0.614669342773,0.748750337518,1.),
  .UNSPECIFIED.);
#1411 = CARTESIAN_POINT('',(19.943670675179,-1.5,2.099244389576));
#1412 = CARTESIAN_POINT('',(19.934337268134,-1.624094930923,
    2.09899394493));
#1413 = CARTESIAN_POINT('',(19.92411950447,-1.748148807574,
    2.098672267816));
#1414 = CARTESIAN_POINT('',(19.91301707758,-1.872157085654,
    2.098263669252));
#1415 = CARTESIAN_POINT('',(19.901029665566,-1.996115088675,
    2.097750268431));
#1416 = CARTESIAN_POINT('',(19.888156931244,-2.120018007957,
    2.097111992716));
#1417 = CARTESIAN_POINT('',(19.874398522139,-2.243860902629,
    2.096326577646));
#1418 = CARTESIAN_POINT('',(19.859754070488,-2.367638699631,
    2.09536956693));
#1419 = CARTESIAN_POINT('',(19.779291731986,-3.008542243226,
    2.089384426784));
#1420 = CARTESIAN_POINT('',(19.699474027137,-3.519669944763,
    2.08113367387));
#1421 = CARTESIAN_POINT('',(19.604661369883,-4.029086054095,
    2.067576313837));
#1422 = CARTESIAN_POINT('',(19.494207430287,-4.539023485813,
    2.046113379097));
#1423 = CARTESIAN_POINT('',(19.367565942331,-5.049131953855,
    2.013185783458));
#1424 = CARTESIAN_POINT('',(19.224899311353,-5.556782192223,
    1.963915434398));
#1425 = CARTESIAN_POINT('',(19.06765151765,-6.05694175245,1.891907902976
    ));
#1426 = CARTESIAN_POINT('',(18.82159541688,-6.767973438522,
    1.740660008259));
#1427 = CARTESIAN_POINT('',(18.740938063265,-6.990930560414,
    1.685628488493));
#1428 = CARTESIAN_POINT('',(18.658003436974,-7.210872295713,
    1.622683345935));
#1429 = CARTESIAN_POINT('',(18.572744827203,-7.428102841129,
    1.55026710061));
#1430 = CARTESIAN_POINT('',(18.485563629537,-7.641698195957,
    1.466552653666));
#1431 = CARTESIAN_POINT('',(18.397482096173,-7.84950916315,
    1.369441455004));
#1432 = CARTESIAN_POINT('',(18.310382269876,-8.048016679516,
    1.256645729075));
#1433 = CARTESIAN_POINT('',(18.196234042214,-8.300770540401,
    1.076940989167));
#1434 = CARTESIAN_POINT('',(18.165577470495,-8.367857973617,
    1.025253380654));
#1435 = CARTESIAN_POINT('',(18.13557979055,-8.43276037369,0.970770502399
    ));
#1436 = CARTESIAN_POINT('',(18.106445454564,-8.495114763796,
    0.913359972816));
#1437 = CARTESIAN_POINT('',(18.078412413291,-8.5545055263,0.852898084013
    ));
#1438 = CARTESIAN_POINT('',(18.051754456699,-8.610459133793,
    0.789275755479));
#1439 = CARTESIAN_POINT('',(18.026783554602,-8.662438880131,
    0.722404487778));
#1440 = CARTESIAN_POINT('',(17.995325260467,-8.727465390751,
    0.626125346215));
#1441 = CARTESIAN_POINT('',(17.987082884093,-8.744452530981,
    0.599578680147));
#1442 = CARTESIAN_POINT('',(17.979146720413,-8.76076281316,
    0.572591144654));
#1443 = CARTESIAN_POINT('',(17.971538030101,-8.776358893766,
    0.545172354205));
#1444 = CARTESIAN_POINT('',(17.964277682276,-8.791204304754,
    0.517332711105));
#1445 = CARTESIAN_POINT('',(17.957386154502,-8.805263453561,
    0.489083405507));
#1446 = CARTESIAN_POINT('',(17.950883532789,-8.818501623103,
    0.460436415399));
#1447 = CARTESIAN_POINT('',(17.934106157777,-8.852594068437,
    0.380509023441));
#1448 = CARTESIAN_POINT('',(17.924665116578,-8.871702678758,
    0.328367990149));
#1449 = CARTESIAN_POINT('',(17.916602190498,-8.887967312695,
    0.275161459611));
#1450 = CARTESIAN_POINT('',(17.910029690956,-8.901190332275,
    0.221078894272));
#1451 = CARTESIAN_POINT('',(17.905035224023,-8.911220030909,
    0.166317257777));
#1452 = CARTESIAN_POINT('',(17.901680476169,-8.917950712724,
    0.111079106602));
#1453 = CARTESIAN_POINT('',(17.9,-8.921322771876,5.557068167353E-02));
#1454 = CARTESIAN_POINT('',(17.9,-8.921322771876,-3.316425596485E-02));
#1455 = CARTESIAN_POINT('',(17.900598624862,-8.920121781222,
    -6.632345181923E-02));
#1456 = CARTESIAN_POINT('',(17.901795436703,-8.917720485151,
    -9.942789628087E-02));
#1457 = CARTESIAN_POINT('',(17.903586056838,-8.914126493082,
    -0.132428371705));
#1458 = CARTESIAN_POINT('',(17.905962165785,-8.909354338615,
    -0.165276134084));
#1459 = CARTESIAN_POINT('',(17.908911503257,-8.903425479525,
    -0.197922913048));
#1460 = CARTESIAN_POINT('',(17.912417868171,-8.896368297774,
    -0.230320911865));
#1461 = CARTESIAN_POINT('',(17.921503671014,-8.878053554419,
    -0.30245878615));
#1462 = CARTESIAN_POINT('',(17.927379521622,-8.866192718818,
    -0.342019519835));
#1463 = CARTESIAN_POINT('',(17.93405354266,-8.852696791432,
    -0.381052113379));
#1464 = CARTESIAN_POINT('',(17.941486339431,-8.83763382091,
    -0.419506032228));
#1465 = CARTESIAN_POINT('',(17.949634527298,-8.821078768552,
    -0.457333129628));
#1466 = CARTESIAN_POINT('',(17.958451008643,-8.803113571041,
    -0.494487673863));
#1467 = CARTESIAN_POINT('',(17.967885249823,-8.783827203187,
    -0.530926375497));
#1468 = CARTESIAN_POINT('',(17.991792893728,-8.734780831815,
    -0.616248157842));
#1469 = CARTESIAN_POINT('',(18.006795062193,-8.703872660374,
    -0.664427777573));
#1470 = CARTESIAN_POINT('',(18.022775099458,-8.670788911895,
    -0.711140924473));
#1471 = CARTESIAN_POINT('',(18.039622584366,-8.635719447666,
    -0.756387017998));
#1472 = CARTESIAN_POINT('',(18.057232004302,-8.598846433832,
    -0.800171110766));
#1473 = CARTESIAN_POINT('',(18.075503120839,-8.56034447053,
    -0.842503752939));
#1474 = CARTESIAN_POINT('',(18.094341335371,-8.520380721017,
    -0.883400856607));
#1475 = CARTESIAN_POINT('',(18.146692819331,-8.408543946244,
    -0.990405471653));
#1476 = CARTESIAN_POINT('',(18.181167307074,-8.334078958204,
    -1.05387287751));
#1477 = CARTESIAN_POINT('',(18.216706926676,-8.256367767531,
    -1.11350017455));
#1478 = CARTESIAN_POINT('',(18.253005597522,-8.175945482938,
    -1.169516027142));
#1479 = CARTESIAN_POINT('',(18.289819735753,-8.093242758871,
    -1.222156316922));
#1480 = CARTESIAN_POINT('',(18.326961516339,-8.00859354794,
    -1.271657564444));
#1481 = CARTESIAN_POINT('',(18.364291411159,-7.92224247792,
    -1.31825082279));
#1482 = CARTESIAN_POINT('',(18.503645725089,-7.59492022834,
    -1.481762637097));
#1483 = CARTESIAN_POINT('',(18.60683144958,-7.34267515108,
    -1.582116020575));
#1484 = CARTESIAN_POINT('',(18.708329353196,-7.082877570808,
    -1.666152081831));
#1485 = CARTESIAN_POINT('',(18.806516046754,-6.818889022024,
    -1.73659806706));
#1486 = CARTESIAN_POINT('',(18.900660398547,-6.552560687587,
    -1.795836079521));
#1487 = CARTESIAN_POINT('',(18.99061615889,-6.284438779039,
    -1.845849648665));
#1488 = CARTESIAN_POINT('',(19.076604011141,-6.013797523465,
    -1.888236449524));
#1489 = CARTESIAN_POINT('',(19.313564695407,-5.222661394283,
    -1.991792729432));
#1490 = CARTESIAN_POINT('',(19.453691789052,-4.697072090131,
    -2.036145039388));
#1491 = CARTESIAN_POINT('',(19.577215356953,-4.167211991096,
    -2.064224163772));
#1492 = CARTESIAN_POINT('',(19.683686282984,-3.635869629878,
    -2.081143191715));
#1493 = CARTESIAN_POINT('',(19.773265377535,-3.104216566769,
    -2.090730106607));
#1494 = CARTESIAN_POINT('',(19.846356767203,-2.572074018597,
    -2.095740955266));
#1495 = CARTESIAN_POINT('',(19.903205478246,-2.038016374294,
    -2.098158581161));
#1496 = CARTESIAN_POINT('',(19.943670675179,-1.5,-2.099244389576));
#1497 = PCURVE('',#624,#1498);
#1498 = DEFINITIONAL_REPRESENTATION('',(#1499),#1586);
#1499 = B_SPLINE_CURVE_WITH_KNOTS('',8,(#1500,#1501,#1502,#1503,#1504,
    #1505,#1506,#1507,#1508,#1509,#1510,#1511,#1512,#1513,#1514,#1515,
    #1516,#1517,#1518,#1519,#1520,#1521,#1522,#1523,#1524,#1525,#1526,
    #1527,#1528,#1529,#1530,#1531,#1532,#1533,#1534,#1535,#1536,#1537,
    #1538,#1539,#1540,#1541,#1542,#1543,#1544,#1545,#1546,#1547,#1548,
    #1549,#1550,#1551,#1552,#1553,#1554,#1555,#1556,#1557,#1558,#1559,
    #1560,#1561,#1562,#1563,#1564,#1565,#1566,#1567,#1568,#1569,#1570,
    #1571,#1572,#1573,#1574,#1575,#1576,#1577,#1578,#1579,#1580,#1581,
    #1582,#1583,#1584,#1585),.UNSPECIFIED.,.F.,.F.,(9,7,7,7,7,7,7,7,7,7,
    7,7,9),(0.,5.780184898352E-02,0.299459706266,0.413107299662,
    0.455745543846,0.471600410624,0.499395383094,0.515983259177,
    0.536670880324,0.565450855557,0.614669342773,0.748750337518,1.),
  .UNSPECIFIED.);
#1500 = CARTESIAN_POINT('',(1.597623032428,4.5));
#1501 = CARTESIAN_POINT('',(1.602069111737,4.624094930923));
#1502 = CARTESIAN_POINT('',(1.606937130204,4.748148807574));
#1503 = CARTESIAN_POINT('',(1.612227453919,4.872157085654));
#1504 = CARTESIAN_POINT('',(1.617940698875,4.996115088675));
#1505 = CARTESIAN_POINT('',(1.624077730961,5.120018007957));
#1506 = CARTESIAN_POINT('',(1.630639665968,5.243860902629));
#1507 = CARTESIAN_POINT('',(1.637627869586,5.367638699631));
#1508 = CARTESIAN_POINT('',(1.676049122856,6.008542243226));
#1509 = CARTESIAN_POINT('',(1.714244448624,6.519669944763));
#1510 = CARTESIAN_POINT('',(1.759792098646,7.029086054095));
#1511 = CARTESIAN_POINT('',(1.813230906201,7.539023485813));
#1512 = CARTESIAN_POINT('',(1.875246565251,8.049131953855));
#1513 = CARTESIAN_POINT('',(1.946654371997,8.556782192223));
#1514 = CARTESIAN_POINT('',(2.028402858099,9.05694175245));
#1515 = CARTESIAN_POINT('',(2.165938283659,9.767973438522));
#1516 = CARTESIAN_POINT('',(2.212381988252,9.990930560413));
#1517 = CARTESIAN_POINT('',(2.261853271053,10.210872295713));
#1518 = CARTESIAN_POINT('',(2.314948021626,10.428102841129));
#1519 = CARTESIAN_POINT('',(2.372262551382,10.641698195957));
#1520 = CARTESIAN_POINT('',(2.4343957894,10.84950916315));
#1521 = CARTESIAN_POINT('',(2.501973289431,11.048016679516));
#1522 = CARTESIAN_POINT('',(2.603351111996,11.300770540401));
#1523 = CARTESIAN_POINT('',(2.631954394349,11.367857973617));
#1524 = CARTESIAN_POINT('',(2.661545526464,11.43276037369));
#1525 = CARTESIAN_POINT('',(2.692166722129,11.495114763796));
#1526 = CARTESIAN_POINT('',(2.723859855771,11.5545055263));
#1527 = CARTESIAN_POINT('',(2.756666596093,11.610459133793));
#1528 = CARTESIAN_POINT('',(2.790628539717,11.662438880131));
#1529 = CARTESIAN_POINT('',(2.838861010996,11.727465390751));
#1530 = CARTESIAN_POINT('',(2.852096135184,11.744452530981));
#1531 = CARTESIAN_POINT('',(2.865488939039,11.76076281316));
#1532 = CARTESIAN_POINT('',(2.87903568638,11.776358893766));
#1533 = CARTESIAN_POINT('',(2.892732683182,11.791204304754));
#1534 = CARTESIAN_POINT('',(2.906576277583,11.805263453561));
#1535 = CARTESIAN_POINT('',(2.920562859876,11.818501623103));
#1536 = CARTESIAN_POINT('',(2.959452984469,11.852594068437));
#1537 = CARTESIAN_POINT('',(2.984676085964,11.871702678758));
#1538 = CARTESIAN_POINT('',(3.010283983333,11.887967312695));
#1539 = CARTESIAN_POINT('',(3.036204257296,11.901190332275));
#1540 = CARTESIAN_POINT('',(3.062365720222,11.911220030909));
#1541 = CARTESIAN_POINT('',(3.088697883385,11.917950712724));
#1542 = CARTESIAN_POINT('',(3.115130424221,11.921322771876));
#1543 = CARTESIAN_POINT('',(3.15738515643,11.921322771876));
#1544 = CARTESIAN_POINT('',(3.173175110684,11.920121781222));
#1545 = CARTESIAN_POINT('',(3.188945135351,11.917720485151));
#1546 = CARTESIAN_POINT('',(3.204677784518,11.914126493082));
#1547 = CARTESIAN_POINT('',(3.220355547357,11.909354338615));
#1548 = CARTESIAN_POINT('',(3.235960848124,11.903425479525));
#1549 = CARTESIAN_POINT('',(3.251476046162,11.896368297774));
#1550 = CARTESIAN_POINT('',(3.286098809831,11.878053554419));
#1551 = CARTESIAN_POINT('',(3.305139230736,11.866192718818));
#1552 = CARTESIAN_POINT('',(3.323988449097,11.852696791432));
#1553 = CARTESIAN_POINT('',(3.342630213941,11.83763382091));
#1554 = CARTESIAN_POINT('',(3.36104817214,11.821078768552));
#1555 = CARTESIAN_POINT('',(3.37922576771,11.803113571041));
#1556 = CARTESIAN_POINT('',(3.39714614111,11.783827203187));
#1557 = CARTESIAN_POINT('',(3.439340438421,11.734780831815));
#1558 = CARTESIAN_POINT('',(3.463359751682,11.703872660374));
#1559 = CARTESIAN_POINT('',(3.486854815933,11.670788911895));
#1560 = CARTESIAN_POINT('',(3.509829653278,11.635719447666));
#1561 = CARTESIAN_POINT('',(3.532287837174,11.598846433832));
#1562 = CARTESIAN_POINT('',(3.554232869277,11.56034447053));
#1563 = CARTESIAN_POINT('',(3.575668556288,11.520380721017));
#1564 = CARTESIAN_POINT('',(3.632394546672,11.408543946244));
#1565 = CARTESIAN_POINT('',(3.666756728526,11.334078958204));
#1566 = CARTESIAN_POINT('',(3.699769076054,11.256367767531));
#1567 = CARTESIAN_POINT('',(3.731511847411,11.175945482938));
#1568 = CARTESIAN_POINT('',(3.762064984251,11.093242758871));
#1569 = CARTESIAN_POINT('',(3.7915092935,11.00859354794));
#1570 = CARTESIAN_POINT('',(3.819926241911,10.92224247792));
#1571 = CARTESIAN_POINT('',(3.922230463689,10.59492022834));
#1572 = CARTESIAN_POINT('',(3.990473064617,10.34267515108));
#1573 = CARTESIAN_POINT('',(4.052917807322,10.082877570808));
#1574 = CARTESIAN_POINT('',(4.110222903683,9.818889022024));
#1575 = CARTESIAN_POINT('',(4.163021029032,9.552560687587));
#1576 = CARTESIAN_POINT('',(4.211930569972,9.284438779039));
#1577 = CARTESIAN_POINT('',(4.257533165702,9.013797523465));
#1578 = CARTESIAN_POINT('',(4.38067630734,8.222661394283));
#1579 = CARTESIAN_POINT('',(4.450277442643,7.69707209013));
#1580 = CARTESIAN_POINT('',(4.51031794572,7.167211991098));
#1581 = CARTESIAN_POINT('',(4.561490727262,6.635869629874));
#1582 = CARTESIAN_POINT('',(4.604327283599,6.104216566771));
#1583 = CARTESIAN_POINT('',(4.639194048304,5.572074018597));
#1584 = CARTESIAN_POINT('',(4.666286197543,5.038016374294));
#1585 = CARTESIAN_POINT('',(4.685562274752,4.5));
<<<<<<< Updated upstream
#1586 = ( GEOMETRIC_REPRESENTATION_CONTEXT(2)
=======
#1586 = ( GEOMETRIC_REPRESENTATION_CONTEXT(2)
>>>>>>> Stashed changes
PARAMETRIC_REPRESENTATION_CONTEXT() REPRESENTATION_CONTEXT('2D SPACE',''
  ) );
#1587 = PCURVE('',#791,#1588);
#1588 = DEFINITIONAL_REPRESENTATION('',(#1589),#1676);
#1589 = B_SPLINE_CURVE_WITH_KNOTS('',8,(#1590,#1591,#1592,#1593,#1594,
    #1595,#1596,#1597,#1598,#1599,#1600,#1601,#1602,#1603,#1604,#1605,
    #1606,#1607,#1608,#1609,#1610,#1611,#1612,#1613,#1614,#1615,#1616,
    #1617,#1618,#1619,#1620,#1621,#1622,#1623,#1624,#1625,#1626,#1627,
    #1628,#1629,#1630,#1631,#1632,#1633,#1634,#1635,#1636,#1637,#1638,
    #1639,#1640,#1641,#1642,#1643,#1644,#1645,#1646,#1647,#1648,#1649,
    #1650,#1651,#1652,#1653,#1654,#1655,#1656,#1657,#1658,#1659,#1660,
    #1661,#1662,#1663,#1664,#1665,#1666,#1667,#1668,#1669,#1670,#1671,
    #1672,#1673,#1674,#1675),.UNSPECIFIED.,.F.,.F.,(9,7,7,7,7,7,7,7,7,7,
    7,7,9),(0.,5.780184898352E-02,0.299459706266,0.413107299662,
    0.455745543846,0.471600410624,0.499395383094,0.515983259177,
    0.536670880324,0.565450855557,0.614669342773,0.748750337518,1.),
  .UNSPECIFIED.);
#1590 = CARTESIAN_POINT('',(6.208114816103,103.09924438957));
#1591 = CARTESIAN_POINT('',(6.201892544739,103.09899394493));
#1592 = CARTESIAN_POINT('',(6.195669003863,103.09867226781));
#1593 = CARTESIAN_POINT('',(6.189444052025,103.09826366925));
#1594 = CARTESIAN_POINT('',(6.183217553452,103.09775026843));
#1595 = CARTESIAN_POINT('',(6.176989378042,103.09711199271));
#1596 = CARTESIAN_POINT('',(6.170759401368,103.09632657764));
#1597 = CARTESIAN_POINT('',(6.164527504677,103.09536956693));
#1598 = CARTESIAN_POINT('',(6.132230773414,103.08938442678));
#1599 = CARTESIAN_POINT('',(6.106376309581,103.08113367387));
#1600 = CARTESIAN_POINT('',(6.08048638323,103.06757631383));
#1601 = CARTESIAN_POINT('',(6.054421052872,103.04611337909));
#1602 = CARTESIAN_POINT('',(6.028165542056,103.01318578345));
#1603 = CARTESIAN_POINT('',(6.001820364672,102.96391543439));
#1604 = CARTESIAN_POINT('',(5.975616237976,102.89190790297));
#1605 = CARTESIAN_POINT('',(5.93799610828,102.74066000825));
#1606 = CARTESIAN_POINT('',(5.926142363098,102.68562848849));
#1607 = CARTESIAN_POINT('',(5.914391193734,102.62268334593));
#1608 = CARTESIAN_POINT('',(5.902725173148,102.55026710061));
#1609 = CARTESIAN_POINT('',(5.891192126617,102.46655265366));
#1610 = CARTESIAN_POINT('',(5.879908274849,102.369441455));
#1611 = CARTESIAN_POINT('',(5.869070121154,102.25664572907));
#1612 = CARTESIAN_POINT('',(5.855203404521,102.07694098916));
#1613 = CARTESIAN_POINT('',(5.851515437532,102.02525338065));
#1614 = CARTESIAN_POINT('',(5.847940514967,101.97077050239));
#1615 = CARTESIAN_POINT('',(5.84449932057,101.91335997281));
#1616 = CARTESIAN_POINT('',(5.841215650609,101.85289808401));
#1617 = CARTESIAN_POINT('',(5.838116706097,101.78927575547));
#1618 = CARTESIAN_POINT('',(5.835233385007,101.72240448777));
#1619 = CARTESIAN_POINT('',(5.831621574051,101.62612534621));
#1620 = CARTESIAN_POINT('',(5.830677514668,101.59957868014));
#1621 = CARTESIAN_POINT('',(5.829770586674,101.57259114465));
#1622 = CARTESIAN_POINT('',(5.828902932846,101.5451723542));
#1623 = CARTESIAN_POINT('',(5.828076648405,101.5173327111));
#1624 = CARTESIAN_POINT('',(5.827293781023,101.4890834055));
#1625 = CARTESIAN_POINT('',(5.826556330817,101.46043641539));
#1626 = CARTESIAN_POINT('',(5.824656478757,101.38050902344));
#1627 = CARTESIAN_POINT('',(5.823590796868,101.32836799014));
#1628 = CARTESIAN_POINT('',(5.822683123657,101.27516145961));
#1629 = CARTESIAN_POINT('',(5.821944805166,101.22107889427));
#1630 = CARTESIAN_POINT('',(5.821384583016,101.16631725777));
#1631 = CARTESIAN_POINT('',(5.821008562913,101.1110791066));
#1632 = CARTESIAN_POINT('',(5.82082018316,101.05557068167));
#1633 = CARTESIAN_POINT('',(5.82082018316,100.96683574403));
#1634 = CARTESIAN_POINT('',(5.82088727885,100.93367654818));
#1635 = CARTESIAN_POINT('',(5.82102142972,100.90057210371));
#1636 = CARTESIAN_POINT('',(5.821222197569,100.86757162829));
#1637 = CARTESIAN_POINT('',(5.821488746511,100.83472386591));
#1638 = CARTESIAN_POINT('',(5.821819842968,100.80207708695));
#1639 = CARTESIAN_POINT('',(5.822213855677,100.76967908813));
#1640 = CARTESIAN_POINT('',(5.823236085638,100.69754121385));
#1641 = CARTESIAN_POINT('',(5.823897910762,100.65798048016));
#1642 = CARTESIAN_POINT('',(5.824650709553,100.61894788662));
#1643 = CARTESIAN_POINT('',(5.825490559362,100.58049396777));
#1644 = CARTESIAN_POINT('',(5.82641313991,100.54266687037));
#1645 = CARTESIAN_POINT('',(5.827413736803,100.50551232613));
#1646 = CARTESIAN_POINT('',(5.828487245053,100.4690736245));
#1647 = CARTESIAN_POINT('',(5.831215395517,100.38375184215));
#1648 = CARTESIAN_POINT('',(5.832933226262,100.33557222242));
#1649 = CARTESIAN_POINT('',(5.834770266915,100.28885907552));
#1650 = CARTESIAN_POINT('',(5.836715575733,100.243612982));
#1651 = CARTESIAN_POINT('',(5.838758669009,100.19982888923));
#1652 = CARTESIAN_POINT('',(5.840889522939,100.15749624706));
#1653 = CARTESIAN_POINT('',(5.843098575488,100.11659914339));
#1654 = CARTESIAN_POINT('',(5.849272743867,100.00959452834));
#1655 = CARTESIAN_POINT('',(5.853375610213,99.94612712249));
#1656 = CARTESIAN_POINT('',(5.857648146037,99.88649982545));
#1657 = CARTESIAN_POINT('',(5.862059762874,99.830483972858));
#1658 = CARTESIAN_POINT('',(5.866585956076,99.777843683078));
#1659 = CARTESIAN_POINT('',(5.871207801671,99.728342435556));
#1660 = CARTESIAN_POINT('',(5.875911459064,99.68174917721));
#1661 = CARTESIAN_POINT('',(5.893699058668,99.518237362903));
#1662 = CARTESIAN_POINT('',(5.907324394391,99.417883979425));
#1663 = CARTESIAN_POINT('',(5.921267471575,99.333847918169));
#1664 = CARTESIAN_POINT('',(5.935346562678,99.26340193294));
#1665 = CARTESIAN_POINT('',(5.949466790098,99.204163920479));
#1666 = CARTESIAN_POINT('',(5.963604253035,99.154150351335));
#1667 = CARTESIAN_POINT('',(5.97780093554,99.111763550476));
#1668 = CARTESIAN_POINT('',(6.019093996119,99.008207270568));
#1669 = CARTESIAN_POINT('',(6.046278785754,98.963854960612));
#1670 = CARTESIAN_POINT('',(6.073459694073,98.935775836228));
#1671 = CARTESIAN_POINT('',(6.100528810311,98.918856808285));
#1672 = CARTESIAN_POINT('',(6.127460950727,98.909269893393));
#1673 = CARTESIAN_POINT('',(6.154297163542,98.904259044734));
#1674 = CARTESIAN_POINT('',(6.181138018147,98.901841418839));
#1675 = CARTESIAN_POINT('',(6.208114816103,98.900755610424));
<<<<<<< Updated upstream
#1676 = ( GEOMETRIC_REPRESENTATION_CONTEXT(2)
=======
#1676 = ( GEOMETRIC_REPRESENTATION_CONTEXT(2)
>>>>>>> Stashed changes
PARAMETRIC_REPRESENTATION_CONTEXT() REPRESENTATION_CONTEXT('2D SPACE',''
  ) );
#1677 = ORIENTED_EDGE('',*,*,#1678,.T.);
#1678 = EDGE_CURVE('',#1407,#1355,#1679,.T.);
#1679 = SURFACE_CURVE('',#1680,(#1685,#1692),.PCURVE_S1.);
#1680 = CIRCLE('',#1681,2.1);
#1681 = AXIS2_PLACEMENT_3D('',#1682,#1683,#1684);
#1682 = CARTESIAN_POINT('',(20.,-3.,-1.998401444325E-15));
#1683 = DIRECTION('',(0.,-1.,2.22044604925E-16));
#1684 = DIRECTION('',(1.,0.,0.));
#1685 = PCURVE('',#624,#1686);
#1686 = DEFINITIONAL_REPRESENTATION('',(#1687),#1691);
#1687 = LINE('',#1688,#1689);
#1688 = CARTESIAN_POINT('',(0.,6.));
#1689 = VECTOR('',#1690,1.);
#1690 = DIRECTION('',(1.,0.));
<<<<<<< Updated upstream
#1691 = ( GEOMETRIC_REPRESENTATION_CONTEXT(2)
=======
#1691 = ( GEOMETRIC_REPRESENTATION_CONTEXT(2)
>>>>>>> Stashed changes
PARAMETRIC_REPRESENTATION_CONTEXT() REPRESENTATION_CONTEXT('2D SPACE',''
  ) );
#1692 = PCURVE('',#1394,#1693);
#1693 = DEFINITIONAL_REPRESENTATION('',(#1694),#1698);
#1694 = CIRCLE('',#1695,2.1);
#1695 = AXIS2_PLACEMENT_2D('',#1696,#1697);
#1696 = CARTESIAN_POINT('',(0.,-5.329070518201E-15));
#1697 = DIRECTION('',(1.,0.));
<<<<<<< Updated upstream
#1698 = ( GEOMETRIC_REPRESENTATION_CONTEXT(2)
=======
#1698 = ( GEOMETRIC_REPRESENTATION_CONTEXT(2)
>>>>>>> Stashed changes
PARAMETRIC_REPRESENTATION_CONTEXT() REPRESENTATION_CONTEXT('2D SPACE',''
  ) );
#1699 = ORIENTED_EDGE('',*,*,#1354,.T.);
#1700 = ADVANCED_FACE('',(#1701),#791,.F.);
#1701 = FACE_BOUND('',#1702,.F.);
#1702 = EDGE_LOOP('',(#1703,#1704,#1705,#1706,#1707,#1708,#1709,#1741,
    #1760,#1761,#1782,#1812));
#1703 = ORIENTED_EDGE('',*,*,#776,.F.);
#1704 = ORIENTED_EDGE('',*,*,#905,.F.);
#1705 = ORIENTED_EDGE('',*,*,#1080,.T.);
#1706 = ORIENTED_EDGE('',*,*,#828,.F.);
#1707 = ORIENTED_EDGE('',*,*,#1030,.T.);
#1708 = ORIENTED_EDGE('',*,*,#950,.T.);
#1709 = ORIENTED_EDGE('',*,*,#1710,.F.);
#1710 = EDGE_CURVE('',#1711,#951,#1713,.T.);
#1711 = VERTEX_POINT('',#1712);
#1712 = CARTESIAN_POINT('',(19.773719933285,-3.,-2.740674612465));
#1713 = SURFACE_CURVE('',#1714,(#1721,#1731),.PCURVE_S1.);
#1714 = B_SPLINE_CURVE_WITH_KNOTS('',5,(#1715,#1716,#1717,#1718,#1719,
    #1720),.UNSPECIFIED.,.F.,.F.,(6,6),(0.,1.),
  .PIECEWISE_BEZIER_KNOTS.);
#1715 = CARTESIAN_POINT('',(19.773719842255,-3.0000006,-2.740674604949)
  );
#1716 = CARTESIAN_POINT('',(19.819108079617,-2.700835896594,
    -2.744422024468));
#1717 = CARTESIAN_POINT('',(19.858786900472,-2.40115348684,
    -2.74675214686));
#1718 = CARTESIAN_POINT('',(19.892765740163,-2.101064966527,
    -2.748147609151));
#1719 = CARTESIAN_POINT('',(19.921057578466,-1.800658769199,
    -2.748959741586));
#1720 = CARTESIAN_POINT('',(19.943670675179,-1.5,-2.749423031686));
#1721 = PCURVE('',#791,#1722);
#1722 = DEFINITIONAL_REPRESENTATION('',(#1723),#1730);
#1723 = B_SPLINE_CURVE_WITH_KNOTS('',5,(#1724,#1725,#1726,#1727,#1728,
    #1729),.UNSPECIFIED.,.F.,.F.,(6,6),(0.,1.),
  .PIECEWISE_BEZIER_KNOTS.);
#1724 = CARTESIAN_POINT('',(6.13261700406,98.259325395051));
#1725 = CARTESIAN_POINT('',(6.147746413487,98.255577975532));
#1726 = CARTESIAN_POINT('',(6.162858594396,98.25324785314));
#1727 = CARTESIAN_POINT('',(6.177955317873,98.251852390849));
#1728 = CARTESIAN_POINT('',(6.193039418294,98.251040258414));
#1729 = CARTESIAN_POINT('',(6.208114816103,98.250576968314));
<<<<<<< Updated upstream
#1730 = ( GEOMETRIC_REPRESENTATION_CONTEXT(2)
=======
#1730 = ( GEOMETRIC_REPRESENTATION_CONTEXT(2)
>>>>>>> Stashed changes
PARAMETRIC_REPRESENTATION_CONTEXT() REPRESENTATION_CONTEXT('2D SPACE',''
  ) );
#1731 = PCURVE('',#992,#1732);
#1732 = DEFINITIONAL_REPRESENTATION('',(#1733),#1740);
#1733 = B_SPLINE_CURVE_WITH_KNOTS('',5,(#1734,#1735,#1736,#1737,#1738,
    #1739),.UNSPECIFIED.,.F.,.F.,(6,6),(4.011168207632E-07,1.),
  .PIECEWISE_BEZIER_KNOTS.);
#1734 = CARTESIAN_POINT('',(4.630012184082,30.));
#1735 = CARTESIAN_POINT('',(4.646573146769,29.700835415763));
#1736 = CARTESIAN_POINT('',(4.661022632301,29.401153125728));
#1737 = CARTESIAN_POINT('',(4.673387705004,29.101064725531));
#1738 = CARTESIAN_POINT('',(4.683679490352,28.8006586486));
#1739 = CARTESIAN_POINT('',(4.691904156903,28.5));
<<<<<<< Updated upstream
#1740 = ( GEOMETRIC_REPRESENTATION_CONTEXT(2)
=======
#1740 = ( GEOMETRIC_REPRESENTATION_CONTEXT(2)
>>>>>>> Stashed changes
PARAMETRIC_REPRESENTATION_CONTEXT() REPRESENTATION_CONTEXT('2D SPACE',''
  ) );
#1741 = ORIENTED_EDGE('',*,*,#1742,.T.);
#1742 = EDGE_CURVE('',#1711,#1407,#1743,.T.);
#1743 = SURFACE_CURVE('',#1744,(#1748,#1754),.PCURVE_S1.);
#1744 = LINE('',#1745,#1746);
#1745 = CARTESIAN_POINT('',(19.773719933285,-3.,-101.));
#1746 = VECTOR('',#1747,1.);
#1747 = DIRECTION('',(0.,0.,1.));
#1748 = PCURVE('',#791,#1749);
#1749 = DEFINITIONAL_REPRESENTATION('',(#1750),#1753);
#1750 = B_SPLINE_CURVE_WITH_KNOTS('',1,(#1751,#1752),.UNSPECIFIED.,.F.,
  .F.,(2,2),(97.7,104.3),.PIECEWISE_BEZIER_KNOTS.);
#1751 = CARTESIAN_POINT('',(6.132617034403,97.7));
#1752 = CARTESIAN_POINT('',(6.132617034403,104.3));
<<<<<<< Updated upstream
#1753 = ( GEOMETRIC_REPRESENTATION_CONTEXT(2)
=======
#1753 = ( GEOMETRIC_REPRESENTATION_CONTEXT(2)
>>>>>>> Stashed changes
PARAMETRIC_REPRESENTATION_CONTEXT() REPRESENTATION_CONTEXT('2D SPACE',''
  ) );
#1754 = PCURVE('',#1394,#1755);
#1755 = DEFINITIONAL_REPRESENTATION('',(#1756),#1759);
#1756 = B_SPLINE_CURVE_WITH_KNOTS('',1,(#1757,#1758),.UNSPECIFIED.,.F.,
  .F.,(2,2),(97.7,104.3),.PIECEWISE_BEZIER_KNOTS.);
#1757 = CARTESIAN_POINT('',(-0.226280066715,-3.3));
#1758 = CARTESIAN_POINT('',(-0.226280066715,3.3));
<<<<<<< Updated upstream
#1759 = ( GEOMETRIC_REPRESENTATION_CONTEXT(2)
=======
#1759 = ( GEOMETRIC_REPRESENTATION_CONTEXT(2)
>>>>>>> Stashed changes
PARAMETRIC_REPRESENTATION_CONTEXT() REPRESENTATION_CONTEXT('2D SPACE',''
  ) );
#1760 = ORIENTED_EDGE('',*,*,#1406,.F.);
#1761 = ORIENTED_EDGE('',*,*,#1762,.T.);
#1762 = EDGE_CURVE('',#1378,#1763,#1765,.T.);
#1763 = VERTEX_POINT('',#1764);
#1764 = CARTESIAN_POINT('',(19.773719933285,-3.,2.740674612465));
#1765 = SURFACE_CURVE('',#1766,(#1770,#1776),.PCURVE_S1.);
#1766 = LINE('',#1767,#1768);
#1767 = CARTESIAN_POINT('',(19.773719933285,-3.,-101.));
#1768 = VECTOR('',#1769,1.);
#1769 = DIRECTION('',(0.,0.,1.));
#1770 = PCURVE('',#791,#1771);
#1771 = DEFINITIONAL_REPRESENTATION('',(#1772),#1775);
#1772 = B_SPLINE_CURVE_WITH_KNOTS('',1,(#1773,#1774),.UNSPECIFIED.,.F.,
  .F.,(2,2),(97.7,104.3),.PIECEWISE_BEZIER_KNOTS.);
#1773 = CARTESIAN_POINT('',(6.132617034403,97.7));
#1774 = CARTESIAN_POINT('',(6.132617034403,104.3));
<<<<<<< Updated upstream
#1775 = ( GEOMETRIC_REPRESENTATION_CONTEXT(2)
=======
#1775 = ( GEOMETRIC_REPRESENTATION_CONTEXT(2)
>>>>>>> Stashed changes
PARAMETRIC_REPRESENTATION_CONTEXT() REPRESENTATION_CONTEXT('2D SPACE',''
  ) );
#1776 = PCURVE('',#1394,#1777);
#1777 = DEFINITIONAL_REPRESENTATION('',(#1778),#1781);
#1778 = B_SPLINE_CURVE_WITH_KNOTS('',1,(#1779,#1780),.UNSPECIFIED.,.F.,
  .F.,(2,2),(97.7,104.3),.PIECEWISE_BEZIER_KNOTS.);
#1779 = CARTESIAN_POINT('',(-0.226280066715,-3.3));
#1780 = CARTESIAN_POINT('',(-0.226280066715,3.3));
<<<<<<< Updated upstream
#1781 = ( GEOMETRIC_REPRESENTATION_CONTEXT(2)
=======
#1781 = ( GEOMETRIC_REPRESENTATION_CONTEXT(2)
>>>>>>> Stashed changes
PARAMETRIC_REPRESENTATION_CONTEXT() REPRESENTATION_CONTEXT('2D SPACE',''
  ) );
#1782 = ORIENTED_EDGE('',*,*,#1783,.F.);
#1783 = EDGE_CURVE('',#972,#1763,#1784,.T.);
#1784 = SURFACE_CURVE('',#1785,(#1792,#1802),.PCURVE_S1.);
#1785 = B_SPLINE_CURVE_WITH_KNOTS('',5,(#1786,#1787,#1788,#1789,#1790,
    #1791),.UNSPECIFIED.,.F.,.F.,(6,6),(0.,1.),
  .PIECEWISE_BEZIER_KNOTS.);
#1786 = CARTESIAN_POINT('',(19.943670675179,-1.5,2.749423031686));
#1787 = CARTESIAN_POINT('',(19.921057589832,-1.800658618077,
    2.748959741819));
#1788 = CARTESIAN_POINT('',(19.892765751419,-2.101064892945,
    2.748147606791));
#1789 = CARTESIAN_POINT('',(19.858786897023,-2.401153531777,
    2.746752148989));
#1790 = CARTESIAN_POINT('',(19.819108066365,-2.700835983938,
    2.744422023374));
#1791 = CARTESIAN_POINT('',(19.773719842255,-3.0000006,2.740674604949));
#1792 = PCURVE('',#791,#1793);
#1793 = DEFINITIONAL_REPRESENTATION('',(#1794),#1801);
#1794 = B_SPLINE_CURVE_WITH_KNOTS('',5,(#1795,#1796,#1797,#1798,#1799,
    #1800),.UNSPECIFIED.,.F.,.F.,(6,6),(0.,1.),
  .PIECEWISE_BEZIER_KNOTS.);
#1795 = CARTESIAN_POINT('',(6.208114816103,103.74942303168));
#1796 = CARTESIAN_POINT('',(6.193039425871,103.74895974181));
#1797 = CARTESIAN_POINT('',(6.177955321596,103.74814760679));
#1798 = CARTESIAN_POINT('',(6.162858592142,103.74675214898));
#1799 = CARTESIAN_POINT('',(6.14774640907,103.74442202337));
#1800 = CARTESIAN_POINT('',(6.13261700406,103.74067460494));
<<<<<<< Updated upstream
#1801 = ( GEOMETRIC_REPRESENTATION_CONTEXT(2)
=======
#1801 = ( GEOMETRIC_REPRESENTATION_CONTEXT(2)
>>>>>>> Stashed changes
PARAMETRIC_REPRESENTATION_CONTEXT() REPRESENTATION_CONTEXT('2D SPACE',''
  ) );
#1802 = PCURVE('',#992,#1803);
#1803 = DEFINITIONAL_REPRESENTATION('',(#1804),#1811);
#1804 = B_SPLINE_CURVE_WITH_KNOTS('',5,(#1805,#1806,#1807,#1808,#1809,
    #1810),.UNSPECIFIED.,.F.,.F.,(6,6),(0.,0.999999598883),
  .PIECEWISE_BEZIER_KNOTS.);
#1805 = CARTESIAN_POINT('',(7.874466457456,28.5));
#1806 = CARTESIAN_POINT('',(7.882691119873,28.800658497478));
#1807 = CARTESIAN_POINT('',(7.892982906668,29.101064651949));
#1808 = CARTESIAN_POINT('',(7.905347982345,29.401153170665));
#1809 = CARTESIAN_POINT('',(7.919797472425,29.700835503107));
#1810 = CARTESIAN_POINT('',(7.936358430278,30.));
<<<<<<< Updated upstream
#1811 = ( GEOMETRIC_REPRESENTATION_CONTEXT(2)
=======
#1811 = ( GEOMETRIC_REPRESENTATION_CONTEXT(2)
>>>>>>> Stashed changes
PARAMETRIC_REPRESENTATION_CONTEXT() REPRESENTATION_CONTEXT('2D SPACE',''
  ) );
#1812 = ORIENTED_EDGE('',*,*,#1004,.T.);
#1813 = ADVANCED_FACE('',(#1814),#992,.F.);
#1814 = FACE_BOUND('',#1815,.F.);
#1815 = EDGE_LOOP('',(#1816,#1838,#1839,#1840));
#1816 = ORIENTED_EDGE('',*,*,#1817,.F.);
#1817 = EDGE_CURVE('',#1711,#1763,#1818,.T.);
#1818 = SURFACE_CURVE('',#1819,(#1824,#1831),.PCURVE_S1.);
#1819 = CIRCLE('',#1820,2.75);
#1820 = AXIS2_PLACEMENT_3D('',#1821,#1822,#1823);
#1821 = CARTESIAN_POINT('',(20.,-3.,3.330669073875E-15));
#1822 = DIRECTION('',(3.851859888774E-32,-1.,1.620364591369E-16));
#1823 = DIRECTION('',(-8.228366062357E-02,-1.614869854E-16,
    -0.996608949987));
#1824 = PCURVE('',#992,#1825);
#1825 = DEFINITIONAL_REPRESENTATION('',(#1826),#1830);
#1826 = LINE('',#1827,#1828);
#1827 = CARTESIAN_POINT('',(4.630012184082,30.));
#1828 = VECTOR('',#1829,1.);
#1829 = DIRECTION('',(1.,0.));
<<<<<<< Updated upstream
#1830 = ( GEOMETRIC_REPRESENTATION_CONTEXT(2)
=======
#1830 = ( GEOMETRIC_REPRESENTATION_CONTEXT(2)
>>>>>>> Stashed changes
PARAMETRIC_REPRESENTATION_CONTEXT() REPRESENTATION_CONTEXT('2D SPACE',''
  ) );
#1831 = PCURVE('',#1394,#1832);
#1832 = DEFINITIONAL_REPRESENTATION('',(#1833),#1837);
#1833 = CIRCLE('',#1834,2.75);
#1834 = AXIS2_PLACEMENT_2D('',#1835,#1836);
#1835 = CARTESIAN_POINT('',(0.,0.));
#1836 = DIRECTION('',(-8.228366062357E-02,-0.996608949987));
<<<<<<< Updated upstream
#1837 = ( GEOMETRIC_REPRESENTATION_CONTEXT(2)
=======
#1837 = ( GEOMETRIC_REPRESENTATION_CONTEXT(2)
>>>>>>> Stashed changes
PARAMETRIC_REPRESENTATION_CONTEXT() REPRESENTATION_CONTEXT('2D SPACE',''
  ) );
#1838 = ORIENTED_EDGE('',*,*,#1710,.T.);
#1839 = ORIENTED_EDGE('',*,*,#971,.T.);
#1840 = ORIENTED_EDGE('',*,*,#1783,.T.);
#1841 = ADVANCED_FACE('',(#1842),#1394,.F.);
#1842 = FACE_BOUND('',#1843,.F.);
#1843 = EDGE_LOOP('',(#1844,#1845,#1846,#1847,#1848));
#1844 = ORIENTED_EDGE('',*,*,#1742,.F.);
#1845 = ORIENTED_EDGE('',*,*,#1817,.T.);
#1846 = ORIENTED_EDGE('',*,*,#1762,.F.);
#1847 = ORIENTED_EDGE('',*,*,#1377,.F.);
#1848 = ORIENTED_EDGE('',*,*,#1678,.F.);
<<<<<<< Updated upstream
#1849 = ( GEOMETRIC_REPRESENTATION_CONTEXT(3)
GLOBAL_UNCERTAINTY_ASSIGNED_CONTEXT((#1853))
=======
#1849 = ( GEOMETRIC_REPRESENTATION_CONTEXT(3)
GLOBAL_UNCERTAINTY_ASSIGNED_CONTEXT((#1853))
>>>>>>> Stashed changes
GLOBAL_UNIT_ASSIGNED_CONTEXT((#1850,#1851,#1852)) REPRESENTATION_CONTEXT
('Context #1','3D Context with UNIT and UNCERTAINTY') );
#1850 = ( LENGTH_UNIT() NAMED_UNIT(*) SI_UNIT(.MILLI.,.METRE.) );
#1851 = ( NAMED_UNIT(*) PLANE_ANGLE_UNIT() SI_UNIT($,.RADIAN.) );
#1852 = ( NAMED_UNIT(*) SI_UNIT($,.STERADIAN.) SOLID_ANGLE_UNIT() );
#1853 = UNCERTAINTY_MEASURE_WITH_UNIT(LENGTH_MEASURE(1.E-07),#1850,
  'distance_accuracy_value','confusion accuracy');
#1854 = PRODUCT_RELATED_PRODUCT_CATEGORY('part',$,(#7));
ENDSEC;
END-ISO-10303-21;
